feature_1,feature_2,feature_3,feature_4,feature_5,feature_6,feature_7,feature_8,default
2.4866313902625707,0.8103581250910127,-2.5886591355856616,0.8635302001889826,0.5037437575766679,1.7402027737933414,-0.4624327660811724,-0.09300713645028513,0
-3.3583034212208487,0.7250373259923628,0.6108006778114756,2.155115676800949,0.10630716221332434,-1.6465019678870343,1.645106955518394,1.2182925775706572,1
2.7545364349202766,0.429685497157801,-1.6937596140839148,-1.1358725176980267,0.7181740229383656,0.13475674086217682,-0.3436563794094126,0.25410428373098193,1
-0.10943918374367678,1.214712092260623,-0.594246056130477,0.7612927918960546,-0.6836604189231257,0.09987481241799623,-0.1603714863793627,-0.8582161331173876,0
1.524622162162352,-0.14452609556268733,-0.7166516782250607,-1.9584913112326288,-1.3057499772415522,-2.134447896188371,-1.037752927939171,0.23257448275485038,0
0.5660950865885167,0.9451929880127986,-0.2673412576470977,-1.1654664460158897,-1.194199839486084,-1.627133129449433,1.1369357065545949,-1.3098726020620228,0
0.776566677622482,1.1579319996017197,-0.851661313435544,0.8211648085393853,-0.48378075716955266,1.5407007174587057,-0.4321785094956631,0.49787481974499626,0
-0.8989651563640384,0.2482515016025976,0.4569194868413622,-0.7887340979981969,-0.7031483299280347,-2.4604306824948505,-0.341151904501785,-3.1631765130890086,0
1.8126430924506463,-1.0875676714762506,-0.8439389303766884,0.3127159683416525,-1.51976717807773,2.861329852811976,0.9736735066339967,-3.0250913958343912,1
2.86795340442034,-0.8352195906631601,-1.3407529185086713,-0.5788754651278205,-0.09235472618500105,2.3301755175420142,0.795095069729047,-3.5134669383582384,1
-2.6804400104678,-1.522912138477295,-0.8568142067445617,2.61489168628678,-0.5779809528042389,-2.310101486417956,-1.0353218517000293,2.0956982725102673,1
-5.416073935446762,-0.6286299340144145,1.744553495550716,3.15502024315428,0.6715049425061154,-1.677938332638842,-1.0496882522707833,-0.10983261552315904,1
-2.2555685191825976,0.38349006429524835,1.700878131223526,0.4410326413227298,-2.022372367030088,-0.4930186504838242,0.9794247439285899,1.2918206967109112,1
2.7167650704067388,-0.7711082617036288,-0.15571238597689185,-1.446783136846966,0.4494696951591252,2.653485396561824,0.25760320474535875,-2.1521050225340312,1
-1.8237096944301392,0.5705346354668055,0.29244989228118445,1.9463704879345394,1.7191398227371002,0.6130420949177396,-2.1475115720708824,-0.49686142673542166,0
-1.7770832393835367,1.2536187722337926,1.0470326673573578,1.0418900417178087,-1.0808395204039583,0.38593192369846174,0.30137967491317025,1.4726444842966646,0
-0.1549625208812795,-0.6154045012148928,0.49041722232410956,-0.5635566629470143,0.6211013877422087,-0.5378862483209466,-0.3853068217803346,2.6666408232692067,1
1.4841677318580955,0.027954666859355763,-0.4671165562982744,-2.015753300504615,0.11839933348964439,-1.7805714484323443,0.07010332364730189,-1.1790397006833624,0
3.6589292489181426,-1.991442724427748,-2.5921377287764127,-0.4379270300901341,-1.4991545298994322,1.628579558373925,0.8965997431875667,0.04493733936729982,0
2.3732337675625823,-1.5399069029654593,-0.7669473184465254,-1.9300350349825124,-0.08644367095146223,-0.3078798302564584,0.43465279740050056,-1.745366605081049,0
0.8711861788557017,2.1214380720455184,0.44466301041673084,-2.408301490361883,0.2318033051192216,-1.9498192901036409,-0.815994292687559,-3.042103730455774,0
-2.662855404731161,-0.4756027518326039,2.303281977828018,0.256838545059885,-0.9392622443918538,-0.4838294814266322,-0.7653838591208133,0.8342948530580045,1
3.12855774775713,-0.3790479810742958,-2.8599370731754616,0.1854882309943806,-1.1975178641141841,1.2753066536086493,-0.9869346136107467,-2.495776872578775,0
0.8469305987493836,-0.7785217271009125,-1.496893813048135,-0.09042235731612291,-1.5171350298426214,-1.3695789007557915,0.32365292915328225,-2.0767979424443124,0
-1.9096235981222678,0.6953888675191684,-0.40976558885519765,3.1315336473805218,0.43479736198759744,1.3590402280329459,-0.669090185448861,-0.38675990966696483,0
1.6431151984882715,0.2988103571425511,-1.3728443047910621,-1.3579597449165668,1.0058910317691456,-2.002226291593057,-1.766189747528127,-0.43653780488808336,0
2.293887015515855,0.10202287099538014,-1.5411454637479274,-0.4869851801777145,1.0294978289247905,0.7953877068310443,0.7655656798977363,-0.8410440809450134,1
1.4085424656551608,0.8583704594153972,-1.3872629550896345,0.23429299229228562,-0.4219973767334208,0.6488353578588758,-0.5789908918556483,-0.39495931515453164,1
1.5363710264636907,0.2056754789414421,-0.6349016347405774,0.0065086201763240314,1.8209837689086616,2.0539052890283536,0.28455800102234396,-1.958972587765556,1
-1.6933871076407345,-0.1324491871898536,3.944432259626794,-1.6083123831945236,0.6681551198104069,1.2162299763888018,1.0708737725242643,0.7187109187447285,1
3.8877357226747913,-0.8807491278291092,-2.1751249110741933,-1.8980208145331963,-0.4028009532440316,0.06184265917700449,1.2306113342417238,-0.29093190287681825,1
3.6624078360311585,-0.3128736666187184,-3.341493019983332,-0.27730541018253707,0.5440799110952449,0.42905597808659324,0.37195233871040567,-0.09368054800266923,0
1.0478229643338801,0.2901817179086788,-0.4762924963859809,-0.27958925776950894,-0.38480333395031874,0.705188911812703,0.53754580255657,-0.08123248614347722,0
-2.556094787190228,-0.21435171131020575,0.5567387867388545,1.2439066654352444,1.293024128649307,-1.8742127162291637,0.735600914993544,1.4540473361600428,1
2.346332227560263,0.6438703103709117,-1.0742331855225682,-2.0531494345015755,-0.7595247532597775,-1.2416647222948805,1.1158289998288822,-1.6822193912718038,0
3.5048153799666553,0.10480288660666774,-0.7847833686273017,-1.762416579186773,-0.46993361792673943,2.431359160405524,0.28332171979428183,-2.59345603659955,1
-1.3063777296838759,0.6643974803905666,0.8083599662911081,0.5693030580584306,0.8433868131894505,0.013686223560278377,-0.2826149364130685,-0.3137176321885723,0
0.6117909499530692,-0.31246185117476094,-0.4500170972662376,-0.624811729571317,1.898526853356068,-0.8193081655548593,0.16498418112966312,-1.4158885916889379,0
-1.0664115074427158,-1.5482732957714977,-1.7559508341125876,3.708671722550796,-0.9781651490293624,1.6214621440599493,-0.42310943579308,-2.3862504818950225,0
3.2515333503258077,-1.5621476513906198,-1.0498251745657596,-1.5558811393927068,0.5024820823779017,1.7216840606116266,-0.8990372742963233,-1.3159345667354971,1
2.802146182431856,0.37903337211214544,0.22070834155821917,-2.6675229428463987,1.2049809825397926,1.083718114409438,1.342593927175845,0.45296394443416776,1
3.817730843588792,-0.6731375004105575,-2.3129091143918146,-1.1916037295403408,3.131509881952745,1.0484092138155232,-1.207314665721715,-0.4759263197298076,0
0.6741682067920305,0.46592102129723084,0.06717287947277262,0.6321549232838712,-1.372338406803959,2.9210877465288685,-0.15535211945907704,-2.6114877310648597,1
-1.4691034593204928,0.7317714760528864,1.2589084630754515,0.869806816067663,-0.5137287729688174,1.058905852576826,2.3694354359239758,3.8077165709521736,0
2.5326084944124703,-0.6532485207993931,-2.699408092990752,0.8402801752303208,0.5919918209184919,1.6291494323842157,0.2964616412996486,-2.1229706770075776,0
0.5323769572830233,0.42901649186305485,-0.7785245537272709,-0.6308697597717161,0.6363550788827831,-1.6507936186026337,0.4531668963005011,-2.10920424432572,0
0.5718418195268655,-0.042695228613332546,-0.7785923316226365,-1.9122766604554928,-0.30301625917184294,-4.229017468850099,-0.739467776556592,1.1128454644985528,0
-1.8996056840327207,0.8163581017742771,-0.05829719771292652,2.5977960958658324,0.9845038055734302,1.0936146233820838,0.17811205284687712,-2.335155750700983,1
1.90246476853009,0.11336552754715161,-2.436905571131253,1.1637033523968725,-1.24974131786656,1.5369578395674497,-0.1818903903682489,-4.317050710522846,0
1.8881080140126438,1.040114514441264,-2.2113404123730698,-0.5417217938811915,-0.45858596778785604,-1.587027261288698,-0.4390087332438324,0.33321638416009147,0
1.1733120620900261,-0.5265474069719648,-1.8090877925283844,1.8074221503187742,0.28103530634665985,2.418098801075084,0.11270631173789099,-0.06412741224470353,0
2.3778680854634984,0.034103629887237495,-0.9424409462655243,-0.8699269576940236,-0.4425166161522406,1.4430303905943072,0.32026800493021235,-1.145520218544748,1
2.513035004667485,0.9609737495699725,-2.472214433116707,-0.8867697011534672,-1.1583430335621292,-1.4926360273309864,-0.19109660197844597,0.8338725636802888,0
1.9106591952289278,-0.011707933512501998,-1.413532962503887,-0.8393632323328405,-0.8317762096959004,-0.42426147528333447,0.3947704003001966,-2.1527947774317266,0
2.1889982708873497,-2.0949531148679785,-0.23182363649386784,-1.9610921353507451,-0.3615144051943649,0.36807126492835707,-1.567421264233525,-2.916756046305983,0
1.1406757109255792,0.8618442070599982,-0.8442644176221059,-0.926528638714623,0.7370399696387667,-1.0998774641384592,0.437627893798131,-1.426205316721654,0
0.19202944103228758,-0.31973439735844195,-1.2425968922343988,1.767982298845157,0.06647642914480568,1.4839648596521235,-1.7274249249070137,-2.6008007013479486,0
2.7617059211178967,-0.7190645637799731,-1.4178809880189631,-0.8677551854754157,-0.06464602328522248,1.3041550258570707,-0.13636869964582987,-1.4678127285648679,1
3.439429629227362,-0.022020508374609192,-0.2701970168487896,-2.279708900170172,0.08146102820237984,2.2768730120345584,-0.3244277085528533,-1.531066673540222,1
2.066672945493191,-0.45291249297366715,-0.2495968079369808,-0.9506340886098247,0.4857263267969462,2.0303137280578825,-0.8210821464860314,-1.008992642370666,1
-0.5904088081339134,-0.33975710283827226,-0.5339197561553947,1.2796262277605595,-1.0580909242202157,0.23715853165139822,0.3021104711748872,-0.9873796288600509,0
0.06956403546893439,0.2115678999366735,0.13283889987063313,-0.98528853291548,1.4711151480284466,-1.449661792596859,-0.7000408950664414,-3.1660386980565276,0
-3.389311258505659,-0.04769319112503722,0.12768502154864647,2.981862824193771,1.9128295761150174,-1.0623162395862682,-0.13316695411234253,1.667027064115938,1
1.2585343036895102,-1.0841285676437977,-0.08696017047204552,-0.45407412892122767,2.1009285972517695,1.74371884815674,0.3229683850718643,-4.587303915371229,0
-2.673292329899749,0.33565504959746034,2.063008314604928,0.8797607109265679,-0.915865511735582,0.23690032380192605,-0.4384916879174412,1.1732986545489896,1
3.7012597200965462,0.35186661997382035,-1.8781482639145954,-1.9660234860455104,-1.5092145854966748,0.14183103877298642,-0.2865634323314553,-0.4959791124745304,1
2.193776941821417,0.3682098857746827,-3.12887889223628,2.033033153673978,2.0298134647166695,2.4098011359195644,-0.07128274014745264,-2.054989605448589,0
1.3853346752518698,0.8209727922022664,-0.9705541714706736,-1.0511304034639195,0.25012479770902263,-1.0524916728687552,-0.3691130199227638,-2.467249378056947,0
1.8092635191497264,0.8196901116914421,-0.8985726255129094,-1.9038861438859658,-0.6605389448122487,-1.778080290402837,1.014199415229713,-0.14914289119402468,0
-2.9006484438352533,0.30375231014738935,1.4249776638354894,0.8570638569112194,0.0910743838682278,-1.5906243124971922,1.2730459843177364,0.9332460283444441,1
2.289239450974397,-1.4757897829360185,-2.702910679988949,1.4888030686674394,-0.2968705819076378,2.412881617851716,-1.3593251711915326,-2.5667668311446556,0
4.292078305151055,0.9118272037285169,-1.5136625553250331,-2.3431275437299446,-1.3321649821952053,1.4479898055120084,-0.35615591045322315,-2.2174507271910167,1
-0.020792851089572295,0.6334967040864007,-2.267181417117241,3.561366027081765,1.34467483919824,2.444715823616984,2.4611470037764063,-0.23458500520063197,0
1.989136186424676,-1.1402719901983338,0.26440364781530357,-2.875844080487597,0.6273999269690751,-0.9065652640031087,0.7779112354126222,-1.8110568197012364,0
1.6171369075664752,-0.6227246694795275,-0.02762081373780001,-1.006394937413737,0.2905341133500827,1.389127430778494,-1.27005365123844,-0.22512970600383853,1
0.7370055713002499,-0.4066850003567252,-2.0992166681192725,2.4486702245126506,-0.5347881005594257,2.2732658811042006,-1.4730518882601773,-3.1708191985789087,0
4.925907066578376,2.2096799747620515,-2.0632554193060857,-2.966283735636763,-0.25214409039249186,0.40027730478666546,-0.8462770588756775,-1.2433008809746129,1
2.1228757808742857,-0.37301238048167396,-3.045256751249873,1.210709501947582,-0.1336662444220193,0.8629350033257949,-0.9378359045514608,-4.501752202682733,0
0.783498846090035,0.0037641753333391395,-1.4229802598762893,0.9069469734797964,0.7323215552427266,0.6378614476137642,-0.18475340097743445,-2.021976109916582,0
-3.3918070597677157,0.1729778135199101,2.586565908125162,0.31111922696521266,0.24565012711433387,-1.330450757546176,-1.8948592525047605,0.17474774559151496,1
-2.834481755629081,2.516105437206149,1.496865430785454,1.3069256986584425,-0.8600612478578453,-0.4139378073565759,-1.0886348058496282,1.2693952665404518,1
4.353590163523368,0.8854459893915904,-2.6282953918969474,-1.1319862360062374,-1.8788743834942407,1.6994530730095505,-0.44875667197898234,-1.5462435904530305,0
0.44407469979046543,-0.16523187915164753,-1.4558807570480168,1.5116190689801596,-0.7087363551030953,1.0468959967114997,0.03230231081644173,-1.7649498766238705,0
0.7974072200034615,0.01614704755227157,-1.7366152220802982,-0.7821197082388598,-1.0436749820551623,-3.418430914410237,-0.27055929606270246,0.16910708603889057,0
0.591584202879044,-2.367457713037522,-0.04804945530239402,0.811007739249751,0.10693893988841995,2.8568316394529685,-0.11115045016438219,-2.2958692681787918,1
-0.08376989929822853,-1.8609007692107606,-1.293370397922464,0.20794232586552397,0.24598704812815397,-2.395130060796782,0.6911593983220709,-0.40524378332710165,0
-4.283524175509077,2.5267520608027696,2.4927818692541748,1.6446913047677711,0.31529543091419027,-0.7576343092262068,-1.0093705181793275,0.12208701661947252,1
3.033893816536512,-1.352724111809922,-1.323527971182512,-1.7942139898205387,-1.1433156263274848,0.19268864419186182,-0.45125914587081034,-0.40327882289014827,0
1.1491747842615687,-0.2759394224963439,-1.1942792081198181,0.8673728752566872,-0.17259837755227408,1.7027162626979506,0.2677200982785203,1.2818096492742364,0
1.2728669814785325,0.519078559761389,-0.8951913490878904,-1.1334042675567,-0.48408869186598963,-1.3202985497343562,0.1753698768473225,-1.9088836230788142,0
-3.858246365308209,-0.4885262810286941,1.2143226244980292,2.4112956257390277,-1.714465064585784,-0.9578304125205028,1.4752028384037121,0.9284062028829918,1
1.777463817365832,0.5752418859449905,-2.516414662704289,1.1822474815565391,1.3472867562019808,1.116586546023005,-1.3465855029700502,-3.4203792530505037,0
-0.6232812613193581,-0.3325020095185175,-0.435866857668489,0.10522947860741327,-2.0402294990853953,-2.0909316870110484,-1.0178629415132463,2.5547342078194513,1
1.5700406775129072,-0.8918487127277137,-0.5210599984349121,-1.8482390458749423,-0.8065623997852953,-1.3854436386279823,1.1286728269732687,-0.7794740710019347,0
1.1137567938980983,-1.1999348523098905,-1.1634819918055306,0.26614463898330487,-0.9740223356047073,0.6303504492842459,-1.417494244757405,-3.2313808364686976,0
2.532814346241234,-1.7609649266817167,-2.0231190722991688,-0.6355305135902181,-0.18607318062370845,0.03292126762007652,1.4616338192045912,-1.1676900920277895,0
1.7471703273525026,-0.5484646272376951,-1.5129279871710342,0.3689722561887364,1.6042846481236983,1.4132436914986293,0.1447197979977875,-1.3430098171235536,0
1.5730186195080038,-0.48628990383027526,-0.7693119379750584,-0.3637367348430267,-0.35152942789106273,1.0913837493339686,0.6264957650430847,-1.1353916778877766,0
2.152833942501192,-0.7733206066145187,-1.4519644940165606,-1.408552013471286,0.5018214128389714,-1.2016892776798977,-0.918939317186443,0.3261169607432235,0
1.556354107391721,0.7847012492867645,-0.942477905470702,-1.6986808910838982,-0.04759176011697998,-1.9728275612158848,0.20743580478054022,-0.927240914213362,0
-3.879338375470609,-0.09963760438463885,2.0962520554870023,1.9066343497056213,-0.35736913571952855,-0.17517035849015739,0.19149232224521154,-0.11719872112660834,0
0.08787736427579873,-0.4999163545028187,0.4820810533875868,-0.4379096886917051,-2.03184459638136,0.36405336335822236,1.8742796536382518,-2.1002680837459375,0
0.8972469040089699,1.382147783350684,-1.263504773009283,0.3257672881905562,-1.5360409305045644,-0.05677530677966902,0.43083511592652446,1.2192104753064539,1
0.9505672652113031,-2.325687760186007,-1.3544200155911603,0.8895725997535013,0.4773638739913284,1.0276552642277523,-0.8100909335105829,0.27203582888459055,0
-1.1346496082299053,-2.2774753487674193,1.9335448605322543,-0.9533596619964284,-2.5288237685820802,-0.4218258414577397,0.49661970491569296,1.5798486764590596,1
-0.6608988711088418,0.8909429739881336,-0.9542125243767599,2.0788222142464674,0.4797658631275814,0.8506262745959655,0.16588307656824403,-1.8150215021004752,0
1.442527449675472,1.9543914799138362,-0.8162938704190601,-0.6870807305102435,1.2928214044082122,0.11983073710679948,-1.048056169135741,-2.6989426159367476,0
2.044706712524825,2.5900921777542685,-1.6943333294041083,-0.766733075159762,-0.007664813057467876,-0.6019626694275788,0.7260827322569589,-1.0506870586546664,0
2.6927480962309143,0.47013767689630215,-1.7682474418152911,-1.1455451515576853,-1.031977358164421,-0.17373621158631458,-1.4897928050005884,0.4141232749544159,1
2.0710420988308975,1.0493465455970319,-1.363901475018824,-2.0881494151937634,-0.19457089747752848,-2.5352508431660334,-1.7737827304137554,-0.2815591654575256,0
0.13380528153398674,0.14017927243426573,-0.9733780349128882,1.5121990054388645,0.8316584236651956,1.3681460433212922,-1.9403695957618534,-1.617225485707523,0
3.534836964428348,-0.35142472436612604,-1.9040307820529807,-1.5029767977209365,1.5321049291348552,0.6357627823341133,0.32199913093382726,0.2534041363064259,0
2.9881292585310066,0.48038111802120453,-2.149088262486723,-0.24149407971170445,0.5463551292116606,1.5301688349035583,0.9135810816093635,-1.0394351818557672,0
2.4920858887432904,0.2844453383312143,-3.8001608386632624,2.5832325397664695,-1.1062836244035739,2.8041021459127924,1.4899060819500585,-3.039729011834371,0
3.8694669973268208,-0.8538460754417102,-0.20454114610632912,-2.701456441519908,-0.8256018634317286,2.507791061515481,0.4540917982703811,-2.235813694578254,1
1.712439648548777,-1.2254446563254549,-1.6111954241150803,-1.1257849150307948,0.9995058957996843,-1.900471278294496,0.6297162129613698,0.28803354315262,0
-1.6736345380742739,-0.4931379265942365,2.072014299139311,-0.602308059291085,1.5915008293986488,-0.44148476985172724,-0.8779797444763586,-3.0475559969445447,0
-5.158704780290735,0.33350804675597356,2.419056138445304,2.631872260026509,-0.04239216624396913,-0.7947953451483427,0.7380177508173981,-0.12231442461118713,1
3.029947436032162,0.39856770098979044,-1.0909156431830407,-1.3024947702844474,0.18156313663529017,1.6856495048261504,-1.766530234342205,-1.770676528245296,1
1.5219832220019378,-0.28648614144564,-0.9591318047796045,0.12017649207733871,0.30136947748703014,1.5692695323624133,1.4225457673641801,-1.382507222691798,1
1.9509182437941248,0.9283317333762339,-1.3108614672735661,-0.6463949703514275,0.06981845087151842,0.26989894612796705,0.17159025913928402,-2.5556294519545304,0
2.1130384532449153,0.8747231824021344,-1.108880017024727,-1.26987708024738,0.6805741596518721,-0.23896816536332166,0.47574905587725336,-1.8665277152057516,0
0.525880730895692,-0.3888093409168996,0.07308771899936928,-1.5537163967014973,-1.3660664998365404,-1.7748316876312,0.03322046582323055,-1.880191469575664,0
0.7065664057624825,0.1663371168403444,-0.4032800598529087,0.13975723044450183,-0.4197372913572774,1.0268783244438322,0.028339484886882267,-2.0637321804702085,0
2.0250137003987714,-0.00378656636836343,-0.7294325904654746,-1.295292809089765,0.10763556150302439,0.3502428800981219,-1.1898360581598943,-3.5174150673134825,0
4.378275455596376,-1.2204657493861502,-3.9670770813173837,0.2537457355812398,0.9655099200936897,1.7902989715605444,-0.6514566862784513,-1.7456565265710184,0
1.1407158193450821,1.4860333713328375,0.08216614518788767,-0.49329449157343797,0.891918732914346,1.6325081133501786,-0.34769605259957004,-0.5360641970646827,1
2.0617194318102414,1.5056431735879783,0.49467244241868835,-1.540305432761528,0.7330413348789147,2.3702616620775125,0.07150885164545377,-1.2353609416010911,1
-1.3210955733753695,0.8656562823655286,-0.40248621124487893,2.4361518091234657,0.08767364930063971,1.2812380907132517,0.8282504583290798,-1.7094968745345538,0
-2.210144163598438,0.9861087070812502,1.9467570305442061,0.12698778534997057,-0.40980655460192256,-0.517071046533355,0.12503287162949525,1.1675162499781033,1
2.722670220440871,0.07936944454905073,-1.6594117350120632,-0.8317380673127139,2.1123666480421734,0.7431446933941515,-1.442441997986841,0.3085151563993047,0
0.08749487808964451,1.2881272885397144,0.26924519775967726,-1.4158097611602296,0.08105184764989837,-2.028543436091305,-0.36850521215610155,-2.032437628093796,0
2.4467567963018753,-1.0857113008902601,-0.272034089206727,-1.883005232264701,0.27866282530485326,0.8853082905917922,0.8065198587492997,0.47186616531576697,1
-2.471254621056093,0.3410919266899494,0.5212673248024691,0.9161335664593928,1.2614264627281928,-2.4168103526998506,-0.01428106081285749,1.3258043902333276,1
-2.708192578669756,0.6397514541084545,2.7443193042784886,0.15937115105103383,-1.3167905589182725,0.12887053229180667,1.2697413215455915,0.7591005181563966,1
4.219967938133274,0.593940675255393,-1.4852804602500447,-2.379228202843585,2.2509383085308614,1.245974167364577,1.2324465489691674,-1.1334665844661407,0
-1.320046827602604,0.2799246906048287,-2.006798715677607,4.48144895053039,1.4995023691641998,2.1117794835575734,0.7558977360557239,-2.3825212580311166,0
2.2086372163972547,0.3562493206975751,-2.438673738384576,-0.23904616947903323,-0.37327075733085247,-0.7144947292539992,-1.0938636399815336,-1.2154064913581835,0
3.001747583342705,0.09496873705574793,-1.1691634054812532,-1.0335505740598196,-0.4454791031027808,2.0234115093327945,-0.6890699342486386,-2.4202929501803006,1
-2.1207576609727714,-0.35609038191998454,1.0725265185460218,1.0849097805084085,0.7246810933584646,-0.12815710984057116,-0.11576283572598063,-1.1041033599756263,0
1.7277005817646574,1.3779212355920512,-1.4086670060503936,-0.34397977768347043,-1.3763126202992861,0.18580630441867996,0.6596825494058685,-2.1641920519907685,0
1.561405018660599,0.9221265685282305,-0.2745793947337297,-1.3091597788942344,-1.4978586930372924,0.2595108798802619,-0.18070009201622195,-3.3874012016514463,0
-4.241745658753587,-1.5925993936440688,0.39198819141614694,2.2849288866053605,0.3556218548604471,-3.6949963328391062,-0.9582872030111943,0.4485965671399751,1
1.8037855902596744,-0.3968394130058665,-1.2916103619406514,-1.2922950372357211,-1.0967236506438414,-1.3380919833211409,-0.29171220418112165,-1.2008616560168461,0
1.0694376063188284,-2.0392700315754855,-0.15428142718014093,0.43630895153106874,-0.9546141157663501,2.9394815585141787,0.8114513326808748,-3.228988876626188,1
2.8505269418672823,-0.7944211168521731,-3.47467641053965,-0.2988190409689767,-1.0938792286426124,-1.6568158452175314,-1.4045744716631332,1.131753757319787,0
2.0582552629475055,-0.1264293713294878,-1.386370112881949,-0.17899372780904388,-0.43813491472746235,1.1930655296473087,0.23810832525421385,0.16710042537153957,0
1.172191184574777,-0.6219218623796416,-1.6817628077872604,1.1386915218057638,-1.3536842378379152,1.3443207335456646,-0.4787793601858425,-0.21616935532373927,0
1.1931847458305112,0.9422932288033307,-1.5983099691354279,0.7525162868676267,0.9537520655858005,0.792375689051996,0.9909838638422973,-0.35713201720866516,0
3.480666397206665,1.0122258691366426,-2.7064538340745474,-0.26663010206883353,2.322969042422301,1.4184682535899393,0.2893467109439805,-1.9149041740873585,0
0.52276536530695,1.1246141112300143,-0.07245419873089509,-2.092554901798459,-1.6506795187573595,-3.1770655033652604,-0.8578719997891853,-1.2102651915144031,0
2.405606120823685,-1.2196672215274431,-2.0075929264339463,-1.5206438206463688,-1.2584780553254102,-2.0089298320904243,0.9775273185396315,-0.11021641028670959,0
1.1502912951335966,1.6838080770206019,-1.3530971756531927,-0.3996393671927323,-1.2128634493082435,-1.107003342578599,1.7333247052733598,-0.14721819047454887,0
-0.43653824088649695,1.137161236058344,0.9915085852262593,-0.7496593402655971,1.4179894827678983,-0.41693460992185294,0.03278817041999191,0.47297690951570726,0
-0.8551020962877767,-0.5732675845681501,2.007114025754046,-0.9972686052359989,0.3026841857908549,0.22948728844016175,-1.790567944364242,1.8261477022557795,1
1.6289710077458994,-1.7926252324352787,-1.7638193905855397,-0.9804939009422275,-1.9976881434855942,-2.075384251292805,2.838396355664127,-0.5033136869315595,0
2.3097522199343405,0.3904300619467385,-1.2410711787552604,-0.7594990011782013,0.3775205798036995,0.8986407151018858,0.10707450329878901,-0.8552473590648648,1
2.156983986000397,1.2360920112178666,-2.038623620583965,-0.5676822049835021,-1.2889545424872684,-0.6362837792276358,-0.9142805840070702,-2.080125605969923,0
2.0387577715554848,-0.21906379449457397,-2.1684530209791926,-0.6504607680865027,0.30157213608546424,-1.362453004772807,-1.0402743767100244,-0.7109281742988056,0
2.2555269766564057,-0.5506847292157192,-1.75515453800343,-0.4664474981430544,-0.6981588501713866,0.2984562597476672,-0.8430476149998389,-0.2515270580814266,1
1.8319549880086967,1.312349419349959,-1.6519123048643913,-0.6600501930548813,-1.582326223256552,-0.7084828397931691,1.319207183718956,-2.558727326530428,0
0.1290286363827115,-1.7964985106173503,0.44978113574101597,0.23346887105909886,-1.2248879131095605,1.6652642117977314,1.6519021248481212,-0.11631197741458754,1
-0.04127921098972642,0.4402802754647892,-1.9734482854878663,3.0334105168647785,-0.12582150713764562,1.9851927680070247,-1.2001538107095353,-1.4664683501193125,0
4.439961925797585,-0.05523524522167636,-2.6108287281838725,-2.3553044041852518,-1.8530265324755195,-0.5595555317774521,-1.0086351303523882,-0.4623785283074219,1
3.50089984181286,0.5779987437344671,-2.1998820739515597,-1.6612496578412996,1.0279242808276456,-0.34373018413170064,-0.10816798818635462,-0.19852796187484834,0
2.3670168698996434,0.9920777886626394,-1.3422704866013873,-0.8024578201001247,-0.03843425973880079,0.7790487088476872,-1.477629658982419,-2.4792914461783777,0
-2.934451845076515,-0.17676781189143614,0.44171657514579077,3.21093236507864,2.029088068290314,1.067653842964747,-0.9464854575990355,-0.23046541220145433,0
1.7304675139667172,-0.21105703520105998,-1.5688274603116907,-0.43724568324190416,-0.4736454828738707,-0.3708690698455849,-1.4242306708863055,-0.6153972656029308,0
0.9086201804098926,-1.3260632462335196,-1.971713288686825,1.7592547186723095,-0.7201520495874821,1.4722953634263134,0.4976481953162279,-1.581601840116918,0
2.4064386126360002,-0.5687651854669166,-2.1028959437843486,0.1490206085164265,-0.19693217727735496,1.1900309191144074,-1.9232937211127745,-1.8626618134983373,0
1.5882832036404144,-0.148956560834947,-1.0879829362734106,-0.7168658032361555,-0.8972573350758664,-0.20753854014186346,-0.39691329915438867,-1.959910173722648,0
-0.8941470133825593,-2.326498368576001,-2.4918449171298684,4.575867150859561,-0.2941457015961024,2.2891385766593952,-0.6086517041739332,-4.670721351478462,0
2.144697501187058,0.6216122552548701,-2.574465870359156,1.2019203998238028,0.05034263434704879,1.800029741210968,0.3860334434477609,-2.7646836821950247,0
1.793044782762955,0.6508226524187892,-0.9417548311120716,-1.6848537982145864,1.337133095199581,-1.466785123351928,0.6703674058735188,-0.03580807724867041,0
4.077956125803239,-0.3737057607536208,-2.469319598996304,-1.6652805395178325,-0.5506926685003014,0.3494739311738426,-1.0109468620203117,-0.8717945039269808,0
1.2932223214475362,0.9460831299162104,-1.0283307451465151,-1.176420290266451,0.6014641980201434,-1.6593720753519345,-0.17061995770419122,-1.1363897942008823,0
-2.3920342689656264,0.10260598237770323,1.5771252141118755,0.4695162477675432,0.43119337939797847,-0.9771506209850814,1.231909515564442,1.192359915719357,1
3.327224679648827,2.3048523398229555,-0.6179372877699254,-1.5551812393887734,2.4378860570116667,2.8327346911335427,-0.9343654998759668,-3.385222363946978,1
1.8807424562222481,0.9983671188709681,-1.5000871056094465,-1.363917832531991,1.147499246578517,-1.7838942491836216,-0.28785364458089574,0.0887908256016392,0
1.1759126967723386,0.1311565142786541,-1.5607270024573916,0.6083983891153515,1.6162660701891032,0.6654059901655067,0.7655020108780308,-4.209334824851064,0
1.5293700340440215,0.06343650986786738,-0.3643285580873672,-1.6151455997245476,0.9972546280582426,-0.652919776165227,-1.6836949679556643,-1.8274981166513125,0
0.01005578673099039,-0.883064775757766,-0.6887593260220983,1.1702283156607902,1.0475193932124705,1.011972488258936,1.0033747052562585,-1.9127525633889793,0
-1.964967802483034,-0.7234942097249266,1.1163934458692852,0.1490792833380976,0.126739621652954,-1.654451718762454,0.31238894145166435,1.3778470784658499,1
-1.1181870742096955,-0.06439378215112698,1.0919148210585206,0.07895671907155877,0.03746047687027931,0.037904443357855255,-1.3686501857166442,-1.0430934965279222,0
-1.1319229718267985,0.3636046654915618,-0.24034566228324572,2.1568036738845366,0.8806094692797957,1.4456458866356217,0.9695568919343804,-1.314577892914638,0
-1.1311632992116023,0.2052381537895957,1.2442776726248164,-0.22701860461396062,-0.7278994386541173,-0.2693326350359997,-0.41562117996792225,-1.6925190049347278,0
0.934029974981405,2.495302369169334,0.0006198300581823357,-0.23290204212765075,0.03248443168589147,1.5306682206911382,0.6646455893968837,-0.07219198023970952,1
4.628646149849296,-0.004068313398682333,-3.485809628823616,-0.6887133426528742,1.1445587513862205,1.4266884157124349,-0.38336299933215967,-1.801065942128972,0
-0.3653687028824696,-0.29208745414066695,-0.2664856286902665,-1.3336933632985633,2.2201124850689893,-3.97285136043174,0.7908231212544062,-0.5425582646722749,0
2.4869465524929297,0.5916764983573427,-2.8338730155822693,1.2894653810144192,-0.4358222279452311,2.1010116191562327,0.4416713768225088,-0.4203713091227004,0
1.1131372527755699,-1.9407506426156202,-0.5349932858777705,-1.6608572709819451,-0.9082171955176619,-1.999873002343859,-1.4666107525423466,-1.2343304952077738,0
-2.1310371357676776,-0.7106155194142298,-0.089325121125575,3.3942756212328193,1.693541152235552,2.0668627196971094,1.1708551974828183,-0.38056760412313606,0
-0.21987976933414177,-0.4874683355165616,-1.0364374023634442,1.5054530356792124,0.7274089612646538,0.49610995148831527,-0.8505152360485638,-2.4103967994808597,0
0.7360474339124834,-0.7445084396357567,-2.704166435489717,3.0653711952505676,-0.0028085080704942068,2.215659359717092,1.9183824105040108,-1.5457497726897345,0
0.9063682922841187,1.8296079171122799,-1.5030121191753392,0.9200840858398507,-0.14757516439719412,0.7258701167509204,0.9329254474492837,-0.8536142538755097,0
-0.6329291197990188,-0.755703115165228,-0.767080266608541,2.10561002635521,-0.975348036896983,1.327844036055294,-0.6651343267864724,-1.2216633049193428,0
0.2866491233322518,0.5525423170647159,-0.5430546688665499,-1.0569638570896136,-2.7014603868142175,-2.536080920237443,-2.2598921739059756,-2.396441425099197,0
0.4196882041881722,0.6414985785288613,-0.4375466264318395,-1.6153639452234376,-0.5669554242878057,-3.1758729263360945,-0.36780732161459356,-1.653752142164607,0
-2.8496591960711863,0.7665376787459598,0.45497413441479795,1.6380712469324772,-1.463415730370166,-1.918830042321749,-0.796273028794336,1.3912539644941255,1
3.5364840372850996,-0.5711525139084253,-0.921940247284116,-1.9391014950470438,-0.635364482592482,1.842813095013648,1.6727303162933589,-1.8769063879185515,1
-2.50418579776418,0.6609059218166969,1.2552646279295108,1.006869988262346,1.3636304077042072,-0.6982496725705225,1.2918685505975795,-2.064800897565434,0
1.010047639142702,0.46184596294495023,-1.1837607806559782,0.5182662490405687,2.256001259954969,0.7777698582089305,0.5488555001662204,-0.24800285067304095,1
2.700687865703096,-1.3453163810344513,-2.141192454599007,0.7064761291748325,0.7248240013318908,2.741081499823502,0.44871641103484805,1.7173290559255474,0
-1.5291489891429153,-0.08352836599105272,1.896185425186295,-0.8687691023833424,2.6233853457949308,-1.1593502113329808,1.2003570920876714,1.2167291427887845,1
-4.291462842565853,-0.1776162077733514,1.7238056079972568,2.002955091600178,-3.4198151794120912,-1.6366154834709261,0.07515122620801946,0.301243489939245,1
0.3634667359817487,-1.0645401034249116,1.3127255729070424,-0.22244444836321542,0.0921266123359036,3.039624117437718,0.013825191285803617,-0.7787713065625521,1
1.9355132633075134,1.3632602402533818,-1.4935676190681026,-0.08240636774395727,1.7146015835341926,0.9451528081559333,2.0353969332032107,-1.108963378994583,1
1.9845209810064781,-0.46384265965577615,-0.764963572091955,-1.8646186315804982,0.10933684275588028,-0.9992210457635293,1.6411502702394773,-1.844658891562632,0
0.07672581990477001,0.43431206690261503,-1.623495703044215,2.7883599607986396,-0.5309423855777388,2.477297376397177,-0.03554891745671637,-1.9283915189383252,0
2.0961074920221816,-0.5815019529945471,-0.5569997387685202,-1.6423675971558722,-0.925642430695656,0.12429607265168952,-1.3675537562510196,-2.35437337515914,0
2.904518491475433,0.4493554919613545,-1.7905475984340182,-1.4503773277822025,1.4042195681508858,-0.3771301200670012,-0.096608714609876,0.42479644366056046,1
2.666008711435394,-0.9165398424570221,-2.235498499529248,-0.6020249979848843,1.1363279294441306,-0.08170985002786324,-0.07656087361735922,-0.16658426508019875,1
1.6631825043651736,0.5141456236905074,-1.1216534667183198,-0.6392678335180827,-1.3527005659862203,-0.05974994963058777,0.18299098463898522,1.1659442616303946,1
2.458399611646491,-1.2254201982156143,-2.791854429862923,1.2031316260595106,-0.073910721864491,2.0023081859222747,0.8435237691473237,-1.973917702708987,0
2.8318429922508592,0.7403964666486225,-1.2146410540411186,-1.6257758000355487,1.168216135037299,0.3062898950022813,1.4372909098618625,0.06296577930329406,1
2.079768172505002,-1.0914723383006146,-2.0647353196716454,-0.8995117743465408,-0.32626746726788,-1.590340862132385,-1.3870123838329904,0.23449070322433108,0
3.5191407244639263,-0.26289073698394533,-1.8286895837169972,-1.7704184699457268,-0.7479325200118483,0.30766614387365465,1.0816791999919573,-2.4779625940990773,0
-2.750995701939116,0.48465220376713575,0.6929956942231497,2.499763107069657,1.5392502682606957,0.6136760683712777,-0.2938012623669021,-2.2084878483667407,0
-0.5692269503090059,0.7169654772313899,0.5550498841685598,-0.42787320981084,0.27283556084407146,-1.008038713258814,-0.9565246721319457,2.339645151605697,1
-2.4122739538415074,-0.43724079067453575,-0.21338021786015915,1.380204966265514,-0.653521249978164,-2.874832877380256,-0.3511587878839314,1.6153074379607646,1
-0.437788710423904,0.015998770129692495,1.3211532800212245,-1.113655234432619,0.4928016369224837,-0.5241801675104323,-1.1558147055852253,2.101218111209731,1
-4.132821441877084,0.6548291712392367,0.8758967074570588,3.1882733682473146,0.6093147923247488,-0.689466962762579,-1.7065485660369928,1.1419381533282764,1
1.1880851592473598,0.1772159538884059,-2.0816235512613877,1.829687926620997,-1.7095612249690877,1.9582190553606411,2.1124343845288482,-0.7450403217658543,0
1.6090427273189936,-1.9929939621578243,-1.7377350210424094,-0.6994708824571771,-0.8042008746244035,-1.4662111563249152,-0.21804997372007623,-1.6709889857258962,0
0.3472301116552103,-1.1946262890204093,-0.8169276145227826,0.9220714516596935,0.13912340458235925,0.951077135463992,0.6354185679411821,-1.207805320329559,0
-0.05445148808963923,0.41007379831563745,-0.42103026838564384,1.3435892247462953,0.5699608325876843,1.71704656642585,-0.31556129000199384,-0.281803687204374,0
2.6245204100791915,0.5615484635362338,-0.7146840711140536,-1.0642196472141512,1.4653999357386733,2.073528471239993,1.0483482252300855,-2.001106515969121,1
0.7725625202523971,0.16891501285878685,-0.6491446616576826,-1.1187762972432518,1.388784507474798,-1.8361145175247617,-1.4241597145707776,-2.518026359912469,0
2.7989219553798437,0.9615205985610688,-1.327734793071811,-1.5307420964343854,0.3572735620424615,0.18513244872450185,0.7917178585252849,0.3684467375316265,1
0.11384637310742018,0.3716832142864395,0.7750885058281123,0.3931592746605286,-2.4712341968742715,2.662266149546837,-1.4018559325419024,-1.5491533967286133,1
-4.105016420474474,-2.1670238381151967,0.6919529110913751,2.7594720294018975,-1.6675410666882504,-1.8557474346069671,-0.5662807651805836,0.9019502799434858,1
1.008421243614428,-0.005780617468940683,0.6376035819300154,-0.3895064514510703,1.1326692533300433,2.7393372250336894,-0.40747558737790107,-1.9947878447986258,1
-0.41153109615472894,0.8816203644170655,0.622441697661966,-1.5790437270095703,-0.2511168594020743,-2.7231441905019134,-0.4581442737642269,-1.205118057922197,0
-1.2011273147559667,-0.5888493204840903,-0.8510103557888826,1.4694448867097742,0.9559468750943604,-1.4548068702848898,0.5663826480430008,2.8329882451127952,1
4.863971816960429,0.7379727520802429,-2.4588648373347883,-2.2334467557684077,0.34215406394860565,0.920962226164671,-0.11339984912217328,-1.1519073109293922,0
-0.18193032131104683,-0.2682750252064825,-0.0159580566374089,-1.317416735107216,-0.2426261055141157,-3.0223172961334006,-0.7755218493785112,-0.9999620753002915,0
2.243002672119942,-1.1483107875154437,-1.3377540887710442,-0.995126333093437,-0.4552341747476113,0.13313948815990484,0.5248355594766583,-2.3039021469291328,0
1.0756682416343766,-1.8238751703214071,-0.8620397762333513,-0.5987923704985397,1.3610872756251309,-0.6033851615225061,0.07991664854173547,-1.9515574150477388,0
1.7346257622468784,-1.9697561761930444,-1.4719728061325439,-1.542780521175676,1.323085252810856,-2.3697003992191297,0.07511937606175356,-0.7352676847275981,0
-3.6310636477565237,0.6001641384599478,2.8809539325466496,1.1129376973947545,1.4590397800956165,0.3539989901903686,-0.7989296253475275,0.48109126187892004,1
2.607059376948764,2.1725055891745524,-1.094541127929513,-1.5724086232428631,-0.014409158667977508,0.22018850944880564,0.18450944630186267,-1.2478528701809184,0
-0.453934882017331,0.8618538601042209,1.1959967358195382,-0.949614646841525,-1.1787246365307302,-0.48829948597969297,-0.12206953248426315,2.152104564317523,1
2.8683720844645024,-0.7771450251773654,-2.884670519838623,0.3263235148255832,-0.07221983796376137,0.9227596441038934,-0.2657344640412588,-1.5927743249361144,0
2.007297007999825,0.6725269593883341,-1.3410103960884963,-2.0272384887812236,0.2476452662122606,-2.5321162959252055,-0.1820312116332806,0.6546173663539185,0
0.7248879502139511,-0.1675200133299536,-0.9320671091259942,0.977787523311999,-0.19080560634254315,1.5676864951813616,0.9557523309102071,0.8598021379232861,0
0.00455939632896285,-1.8894314438066129,-0.8571565339374732,-0.7727025727278183,-1.5274387469110193,-3.3045579091705237,0.256710169352931,0.5474441151017586,0
-0.6359897215542637,-0.6884176102514667,-1.0665797467190057,2.653478946632454,-0.49595805283578676,1.832129315482907,1.0660624993357755,-2.1213896984911607,0
2.4739727877786013,1.6896513172037129,-2.0964354247640724,-1.4049808778928803,-0.5566954688742749,-1.808225365543782,-0.8711399490827468,-0.2807809574969552,0
-6.269181970810031,0.10031352136342774,2.7745684335385477,3.6398486308473075,1.561521305446578,-0.4084764373812855,0.019233929501398742,-0.562732222764057,1
0.6429014977721066,-0.2561160005992977,-1.9338837946673009,-0.09874065340823868,0.24679209723847373,-2.75244234758976,2.0325049790211547,-0.8868828399809607,0
0.5978104470085439,1.1103380041628312,-0.5152775266224972,0.47965486344587993,0.6593263896373783,1.1844264638972408,-1.8755879993076272,-0.13097557149599015,1
1.2398248554208022,-0.17984689126765785,-1.2667878192569544,-0.6808995090472922,0.9396288469277305,-1.2456834139871789,0.9470716884295981,-1.9276028967293737,0
1.0631469314455753,-0.47823894902522396,-0.9627876268512726,-1.2767937401966674,-0.05917911081044439,-2.227698225591531,-2.672272798201278,-0.7890720839544288,0
-0.6830418897714152,0.5346479121921659,0.07440914210751237,0.44891605288784797,1.0628497318025498,-0.3082761294379035,0.3059263576088552,-3.1670973939856264,0
3.6382819455519217,0.5394014901722126,-3.3168517575648186,-0.6839172374612577,-1.3141270620742962,-0.34908127764629215,0.4139127788985851,-1.226448671620875,1
3.441411993943462,0.5875615412122368,-1.1871019704918804,-1.90350911596726,-0.05202390558395967,1.1418578987357055,-0.5855066115197317,-1.0160816095875953,1
-2.977671054920681,1.1936590613560911,0.8815743842660769,1.5781951861712684,-0.008113170220361435,-1.4350117179541972,-0.342522737317049,1.256118833746371,1
-0.11430223424162961,0.7705030976988632,-0.3969147612645516,1.1916584612906969,1.638629559190881,1.3581262440444424,0.26142261190077065,-1.0168085022815623,0
-0.12333946668452334,-0.482740126875358,1.231333782018767,-1.2458729610836559,-1.155404670784313,-0.2608289559441619,0.5007640352981665,0.8144053567692049,0
0.28311214000673784,0.5332147536440942,0.19862067117978444,-1.0419263862187111,-0.6941060813003287,-1.1600454452661024,2.5384934590617316,2.7931039806416385,1
2.1562835929715343,-0.018947772060288526,-0.7311909300331761,-1.9235444965968833,0.85319306617687,-0.677881360796698,0.062486768781512506,-1.959839124271984,0
-2.5268258810808737,1.188472333019951,1.5729938441996174,1.069213632730812,-0.8063537776918508,0.008157997399625083,-1.6846633480743758,-1.4410581546387335,0
-0.6997523044392108,-1.1185602477813887,-1.0728499170752592,2.6013684697653456,-0.9125686376583437,1.5754392009562082,-0.5390307447194937,-2.0038828533768767,0
0.48522846758432314,-0.25241504518908564,-0.9174951549337462,-0.7890365057566868,0.24624197166991868,-2.5143787439472343,-0.21145670935525013,3.0684726222090832,1
2.067104765177067,1.0297695973542185,-2.745590851402472,1.5237594134318844,0.8746543051845657,1.933525855929632,1.2518532547824426,-2.946877085506162,0
-3.3028503910752294,-0.5040508223144402,2.5710929113112524,0.8194835903495914,0.5944363424228408,-0.16813627371062534,2.0674448838346406,0.55145114089685,1
-2.1916508704711837,-2.091080424586875,0.3578812183554393,0.9837657375556689,-0.02863038246092316,-2.028993915142025,0.05140404858978893,1.6358965153844602,1
-0.0748883399659575,-1.6076754640090558,-0.4153010674454811,1.1695164838236947,0.042940462571727823,1.3636131898422696,-0.10350071675863783,-1.120341108826783,0
-1.865571584957355,0.6579699230702358,-1.5420082743337733,4.28304673460996,0.8283619575238471,1.5021772456374902,-0.0014749348400341813,-2.3917947900863776,0
2.720555354795297,0.5411039712900175,-1.6608144290422637,-1.1031324224680874,-0.3480429663845656,0.20861712396470733,1.1301741060392332,-0.1771114679238195,1
4.315934786847642,0.12552137509343714,-3.3544473446479115,-0.028679029064569983,-1.1563841896172586,2.2917527991747213,0.5279860005548361,-0.032640701667103755,0
2.2432939768464033,1.2691279634792105,-2.250493770716427,0.4129329475252047,0.7305778694421504,1.0194599974591967,-0.014060620200704579,-0.3299702689992776,0
2.8167055432496713,-0.8111601201425885,-2.2323463997968087,-0.22781294436600397,-0.8539578303699802,1.0130382707105332,0.8735956530975016,-0.7684203595339141,0
2.9132905508850917,-0.575638368202257,-1.6985858906163505,-1.2547265942795922,-1.795929698304045,0.2446064281784529,1.3087465589661416,-0.33721374611403243,1
3.7031685705629918,-0.14074180067328126,-2.2199376946609743,-0.9866075495778656,0.02036935111032593,1.485252077807149,-0.8888882670245096,-3.0669424968723624,1
-1.9596802209028295,-1.3363569232706896,1.3495643830072521,-0.12480469981231379,-1.661991701458333,-1.7095521877278717,0.11655528628372504,1.2440622293294221,1
2.94234882282408,0.18015863495359583,-1.8048089514843175,-1.8803778704479175,0.22532221740090747,-1.1403581277334058,-0.9384544985271531,-0.9953062921736546,0
-5.062529024882052,0.24413977086617897,1.7411668101096018,3.212775820425378,-0.8865667335079174,-0.8276836191359611,0.4771058285851509,0.28742787545249404,1
0.28968975649639184,0.39639830185653746,-1.7701524905343984,0.6488348340273304,-0.42786760061981954,-1.6164517989031706,2.15395656604111,-2.815303588089334,0
1.7210895934833286,-0.5597597597225359,0.3908938884413069,-0.9862430817945435,0.5378445980076727,2.5462570679631327,0.7014073575373413,-1.4752667390070848,1
4.911086040692007,0.8342192349245343,-2.5499911842568834,-2.788417380062396,-1.9178465285509656,-0.29489399266445826,0.11608866831176394,-0.488040199710431,1
0.30203980498746197,1.1773511017291651,-1.2263440805629333,1.1827195695396946,-0.16464869637180155,0.5433787998172499,1.1746971322803266,-1.3660211592468607,0
3.4296823207330966,-0.676707212272353,-2.134115802166397,-1.5406759331624291,0.7613731656581043,-0.11822983262440423,1.9583910176728396,-0.2612510543260903,0
2.175261808203194,0.5847290911425383,-2.6715057450626327,-0.4917591163164935,0.7687580372209125,-1.7613344615570847,-0.20845077826930306,-1.3917064020802272,0
3.5665755961534717,0.1958951178436683,-1.8356901043155371,-1.8874656713667417,0.45048392475152016,0.12214681329883481,-0.1312356093465435,-1.2538652230708514,0
-1.8847542839108316,0.2770112029940243,1.5810432532958134,-0.2000961283432896,0.808106279957503,-1.2269183027353086,-0.7576978897437591,1.246330073068785,1
0.3473956029189349,0.4569509262615247,-0.929438331405082,0.9294684741758275,1.9500878345031205,0.7681394940371606,-0.9975113738764356,-2.2258462812880015,0
3.3018024750771704,-0.906781784269725,-1.5570838662598594,-1.4725627201612022,-0.6109909552176946,0.9529447499864652,0.5970645857540593,-1.149417204850982,0
-2.748624925449419,1.7648800321706606,3.977169932587616,-0.368736643349433,0.9370564675946099,1.5171707723424264,-0.18478076568548077,0.47150021686693677,1
1.7408544705044333,0.8646832694965114,0.631862765588538,-1.18027035843515,0.473921424516787,2.693823559541536,-0.5092958394005804,-1.489233733763026,1
-0.0519209478447169,1.6654532198322556,0.29509069366251084,-1.8994216109707733,0.26309708300020745,-3.244064258705884,1.9541178007911726,-1.8923739522534202,0
0.5914282999421185,0.5619709076391031,-2.214287482279129,3.091999744735455,0.5964481880142906,2.959204819327609,-0.6716878645784115,-1.4540863210374813,0
2.826171436049596,0.635930438684916,-1.5156816311573829,-0.9058181116911237,0.5826674332206054,1.1862457040425147,-0.82496250180947,-2.124067595248932,1
2.373088660605969,-0.1516513506796982,-2.2523203625239203,0.5752321571402048,0.7841441732480867,1.6558107683536938,-1.9290015076434397,-1.5651633853312577,0
1.0705094047837143,-0.2725667874597128,-0.3353636648141737,-0.70007676826834,1.4594162838725058,0.29286445680883855,0.435453342708006,-2.992360818113642,0
-1.14200395888315,-0.44912997550759676,0.4195062175877857,1.2320981540967157,-1.3549964853490122,0.9615932918698007,1.128613674402964,-2.4687877932983184,0
0.4303152744499563,-1.0236227391320218,-0.2320349020161615,0.07672848076987804,0.4155101650753717,0.624369609656288,0.27462597537716726,-0.8745805257447032,1
-1.0385512829447867,1.0963049120912878,-0.7284124403769905,1.3922935543777057,0.6620869501750091,-0.816933753588833,0.47387790613899095,-3.3574584356994874,0
1.0044616564081663,1.1090298945301094,-1.8921699659855233,-0.05648858398466561,0.3453871808907797,-1.9645723919101428,0.01601849881294309,3.9882482933637995,1
3.964095276730718,-3.3652959198326364,-0.8498501030992575,-3.5069505890103523,-0.551912156493491,-0.29870629752172806,-0.49940568901083304,0.2764531337785505,0
0.8547383841144467,-1.3716170890432091,-0.47194972546536174,0.2292536551302079,-0.32034551382875776,1.35101789069481,1.6522498912816252,-1.0960325774243778,0
1.8054661946210513,-0.0626035240413795,-1.5989401662487603,-0.09923645537856518,-0.16145243476781246,0.3908927760716515,-0.14648317350978735,-0.2269996258905963,1
2.9567766011415486,0.9145736833498669,-1.4092105100336778,-0.84995969019524,-0.46503310215441407,1.6711185202024943,-1.2572343028963733,1.7933467201756248,0
2.2518397141484283,1.663041645456297,-1.8162164188199694,-0.1267783066565611,-1.0071111013464231,0.9372276081732297,0.044190996795061346,-3.1992852190186376,0
4.537925255402515,-1.4860145233669788,-2.190524080072478,-2.418741944775239,-1.6337631423731744,0.406744936079638,-0.07359660005779746,-1.2463397645016308,1
-0.44920884170765535,-0.8855872712432865,0.8604652276564106,0.057979314270205196,-0.021557033733795188,0.8298147637721851,-0.9595721873504685,2.7768793906185274,1
-1.5667292306304903,2.595096453412326,-0.936890602666832,3.3175942589579615,0.40279162188875994,1.4152279293409136,-1.558450849935895,-1.3638359399976623,0
-0.052280187282931934,0.5898278659346153,-1.4640800918951833,0.5986112465237161,-0.6693659876297058,-2.0149668142841155,-0.11697625665107049,3.3728324770562015,1
2.607803694087707,2.0272572105689144,-2.333452045066653,0.24115021598522335,-1.5175952073271137,1.3040170706408887,2.72200009345846,-0.9629964849524064,0
-1.109196159799168,0.09863860590298834,0.5210991370579972,0.8340271397524011,1.2187799076190962,0.4220243781545674,0.2181572693420262,-1.7777516556063522,0
-0.6268060023875881,-0.29880450484864224,-1.5322170670957307,3.183227541186609,-2.232152812861159,1.918161179807207,0.7069333255829873,-0.8435549912779949,0
3.0045728951159134,-0.42707573857657083,-1.5719984916274476,-0.8737143715454477,-0.4684239464871573,1.5406462242959231,0.7074285342229368,-2.913384919817113,0
3.0068996480024595,-1.3014406757433612,-0.753987393486719,-1.8735946913132504,0.4079308174259917,1.153385522351133,0.5743822554820113,-0.7949888034852531,1
-1.1316184073105768,-2.0859207078678135,1.5728919557379484,-1.1374702163448187,-1.0175857811291997,-1.516776709255411,0.3025404840546674,1.4517018242366944,1
1.6322073691949486,0.7925750927467968,-2.8561969786577404,2.001692501781826,-1.0379804057375897,1.6798314016248475,1.492100025829338,-1.1989180744763395,0
0.6882899529976655,1.7789868348110556,-0.9216303174905653,0.9603146081233674,0.09984954338955646,1.514536313412807,0.38705466463016064,-0.3654727715750754,0
-3.7254561558058055,0.5390770974662611,0.5287666927234254,2.4203307070391347,3.371820814416769,-2.06072131783444,-0.08854590434314269,1.0040389892044486,1
0.5766186015596702,-0.4347522872582967,-1.038959231160052,0.7663101168321114,-0.501438536269412,0.7154597706597239,0.3884225036407539,-2.491556692884987,0
2.4216102839803906,1.7689628586257444,-0.8430154802818544,-1.1053631480850858,0.34906919842606743,1.2569993991051183,0.5538924002528985,-0.7599966347770504,1
-0.9619453564013666,0.4606157075672997,-0.8676801906250382,2.587516613316532,0.5355541283499521,1.4095022366521102,-0.07322632487386727,-2.0533579440634497,0
0.2644950788403341,-0.36271230838749996,0.0061244939091940065,1.389364358623583,-0.3970863269624132,3.4443761875861743,0.03926096903052871,-2.8895671581278926,1
-3.5783660174080762,0.09153101655331092,-0.3077701384615108,2.0372619400362733,-1.9229789260053816,-4.219860229856337,1.6698534986081923,0.9002797783759735,1
2.4327003932429627,-0.8883379856704551,-1.4642253561020984,-1.2220581903979018,-0.9666911156806918,-0.19186428336225791,-0.13036310131461112,-1.7459631071648527,0
0.43058900402648753,0.7780650938173344,-0.6416070207830245,0.6323504705092474,-0.7520035068567679,0.9097642589112611,0.44031812142794996,-1.2519040061974267,0
3.4104427418976835,-2.503088723489597,-2.365759258678535,-1.3956880318134703,-0.5680018201182806,-0.34078736700743184,0.4800391512100673,-0.33731566886044284,0
-2.8881287615447033,0.14560636785208508,0.42869532511200625,3.0190271533676,0.1561105317151694,0.6793490105224986,0.8398514591261005,2.218434554283662,1
-0.467153892302549,-1.826101520216718,-0.5349722916059356,1.8812144469195475,0.8233839290908783,1.7218017085546613,-0.010495496098012251,-1.6720092097033272,0
-0.36388928689926753,1.711994414812759,-0.41385204919666685,1.127980850896465,-0.48435972594724036,0.6972176025085363,-0.9321817541736991,-2.0811276031021406,0
1.313538805882081,-0.8063718440567701,-0.8475619738700316,-1.1973658042951072,1.7931451343040952,-1.296361676692418,-0.5230368673273819,-0.8781640655547375,0
1.4222825566480781,1.6080305722689119,-1.6784599937848887,0.009149006005027438,-0.5588078311279582,-0.3893270500470456,-0.3597852173043724,0.306606110855802,0
0.9844475671307414,-0.5714133098670565,-1.6201603127847326,1.5638765845269864,0.11862320920206633,1.9284456074137628,1.9022344375463591,-0.49950511557265254,0
0.3628199895219943,-0.5243533892074038,0.3067647813976566,-0.03146467886968196,1.4231269151015797,1.3139194063334665,0.5016921713101461,0.7797405142354279,1
2.0242604580178933,0.48209615296038727,-0.9810837625386395,-0.8996871362428387,2.011599300525712,0.5334758838205576,0.6950759827043788,-0.6144608254668464,0
2.9965756343019407,-0.5666254275802535,-1.5637783592590404,-0.9760923441615506,-0.6366942068536282,1.3315196416751067,1.5809596698818202,-2.7777686923234635,0
-1.0103609729660636,-1.5778489055364946,-1.0204138581884494,3.2349661959905633,1.2189684317314358,2.263709220522594,-0.7610988183104346,-1.283892643575633,0
1.6087207978121576,-1.4867340344651276,-1.597598438417143,-0.48439731783049234,-0.6923947375621664,-0.7555906018598242,0.7021560365426129,-1.5087949354230947,0
1.4728006025171974,-0.4449930995342121,-0.3760210416534142,-1.5604289868842667,-0.3112588149555722,-0.66908601190105,1.2473364664026334,-2.434275575755753,0
1.3749276677199251,-1.0661221245453603,-2.0836345866813244,-0.9256618163989824,-0.24247905415389318,-3.1801108592661174,-0.22069848345632212,0.08146026363281655,0
2.1601436943585117,0.4249923400464393,-0.8955399846101957,-2.323191761167169,1.7659842140078361,-1.878761561600192,0.006723832132849176,0.4047678283376803,0
2.2774411854684886,0.29707670650157786,-1.463470963620479,-0.37889901393909076,-0.4266361045534556,1.1514094631709584,0.6049427271695414,-1.358211655325262,1
1.1767455896394297,-0.6060773761052967,-1.0620574995200016,0.009972216357015284,-1.9681121813520805,0.4080930831091544,1.746924637185638,-1.5752522282800583,0
2.888985367396315,-1.9121220128938496,-2.4418650339273222,-0.9525678223906103,0.44194933156989924,-0.6887286270226526,-0.45920166438441956,-1.4355365771259287,0
1.3257323620932966,0.7167863740644448,-1.7942061387914152,0.7663341735295182,-0.8628703095459447,0.7665240791882608,-0.19345205725102613,-2.404473278843877,0
3.2216373695348235,0.846569279605078,-3.4799869139944164,1.262092984262809,1.6634517237687367,2.340219880621257,-0.24728049894919862,-1.940449516881857,0
0.46571300312618735,1.1542987470432542,1.3412558169808195,-0.4313116508632159,0.4286994890134526,2.8948306744183876,-1.253056623842459,-0.6572747659849102,1
-2.227904769623256,1.4209617007378927,-0.6443789246456675,3.4925917472292483,-0.959912251469677,0.9714268622374346,1.841438781183466,-1.9628021929631307,0
2.258877972456874,-0.030410368430774607,-0.5841147291830479,-0.9861270697167306,0.5154793659649983,1.6828302655464105,-0.26737184413153653,-0.9279081798413469,1
-3.9077053712306684,0.6953860316736591,3.9331050620411085,0.154836896337885,-1.252471496982334,0.027772587583101194,-0.8788883367739376,-0.3881150662091719,1
3.2470930858859095,0.4880771525198963,-0.007582783498936818,-3.0879344418790633,-0.697610039151485,0.821521200393122,0.25182301466203505,-2.590123062401636,0
0.19374351177671234,1.0036579343720606,0.572047495917122,-0.48883823783082314,-0.25154294717554654,0.6464863282533757,0.7601416821663518,-1.2857141460229466,0
6.6099433750948196,0.6598800276666624,-4.64504155268766,-3.601376272153055,1.0558908726093892,-2.6135206022937973,1.1360875197362512,0.594964888812803,1
-5.911317298921878,-0.1708359443402795,1.0264055721940033,3.811017861182065,1.7398795546634496,-2.8892292597988245,-1.5729675849054419,-0.19456344981120077,1
0.23186982323823713,-0.1730638331681045,1.0554300100363567,-1.7707689933075368,0.3670021832464647,-0.9595932087691883,-0.6770410173246515,2.3352555988280415,1
-3.057145505797802,-0.2912919371848014,3.57256041919743,0.2412650378401826,1.0859261096862478,1.2488618215312421,0.34161893900388557,0.5323204874758912,1
-4.150994664748479,-0.8574295153597971,1.1331538711897289,2.5405585738608574,2.1790918428529467,-1.483690255114976,-0.2461095952676766,0.7277187938111611,1
-2.657853899155219,-0.9974803442390245,1.488597654331464,0.06737843444496705,0.3473457226196433,-2.512976517710486,0.7464682938861142,0.6832894958465718,1
-1.7391224351700392,1.714164113902413,-0.2167393720323768,2.5503382407120423,-0.2638405400576265,1.0305217097986283,-0.8664557968771736,-2.7609280689848044,0
1.2087480988885977,0.9930863827326796,-2.042756187404651,-0.5304404070838218,-0.623692613160099,-2.665957128057595,0.23899874848208588,0.2344384151318073,0
-1.2016312451256042,-0.28402581052113784,1.1627979335358485,-0.19046220802243075,-0.5603856547100459,-0.626725551762137,-0.8226589407711244,1.9193727927780266,1
-1.2929750277535221,-0.41981289110946773,-0.9513045979595118,1.287207762991066,0.33565757487784836,-2.2137198377426985,1.3574135917772006,2.6313722239891706,1
0.8044660177857904,0.771253224322237,-0.9075217664478775,-1.5144698562339605,1.5000356852893098,-3.1586158707187857,0.6185183367546504,-0.24646105788199946,0
1.478872083908667,0.1119001461093656,-1.1823307326737647,0.4243946805861688,-1.8644389546555629,1.620538845103136,-0.199830556142087,-1.1164249895356813,0
3.066813226880175,0.31846283814962767,-2.797956661061058,-0.4878735739321912,0.09563385222310453,-0.12469261798700515,0.06324051446376372,-0.9290567970589989,0
0.9550408280371373,0.8924758382252787,-1.2481713693505265,0.36044482009543355,-0.36141930126207383,0.24512385624587374,-1.2249306376523077,-1.2609990793804529,0
3.8322216650022813,3.0290929914745495,-1.8908917517072037,-1.3990159321084377,1.181801905098533,1.5983521350432375,-1.2573158248249972,-2.7224848718704093,0
1.172195484155598,0.09305747239490735,-0.9388352394156441,-0.3941295069762667,-0.6207493837187198,-0.14347950709078994,0.43479956102382417,-2.014416388457296,0
2.216706489748736,0.0888078018636086,-3.0460615677448883,0.9416205715957877,0.3732190152476925,0.44921904330613593,-1.0919412062985898,-2.1329531159592703,0
2.1594370196497996,2.0180310268242314,-1.0546698672879355,-0.7428379200131037,0.029581222694343726,0.9831526257466536,-1.4112069157837885,-0.5601056003214302,1
1.7161671479215332,0.6645302955857548,-1.49523032468975,0.25969165639072556,-0.9254031381399691,1.1817556749653613,0.3462601926067215,-1.8798780540753874,1
2.7987605978982195,-1.6073715703331335,-0.41708864955790514,-2.961978486453469,-1.2918232452350389,-0.7607672831571295,0.8652756043609039,-1.3110276076522744,0
3.324585112174354,0.5113541607259986,-2.731269496075952,-0.9855321578419712,-0.41918516972640313,-0.49379380334322864,1.1634415928142061,1.0044434984493644,0
2.545424290873882,-1.0392446218977673,-2.414429212709623,0.198214342392653,0.07055618587881791,0.9554177836354248,-0.11870877261372195,-2.104574519864348,1
-2.1215130739672414,-0.950796662694265,1.6809920276475028,0.5063049926990412,-1.179561927312526,-0.12257478111153253,0.9799906627978336,1.4614942420401011,1
-1.545584273911121,-0.6460308328228046,0.7007273285402917,0.8474938304398825,-0.8132320396200798,-0.13777121118876723,-0.011799672576654577,-1.0441120484913935,0
-2.0782012152079785,1.190016569595271,-1.3586368350346556,4.003175660560549,0.6771812227278482,0.9002435953366406,0.5090680502810117,-3.539325724536832,0
1.4153935669203337,-0.23502950358041585,-0.49223709149256045,-0.29519324530861435,0.39057313881325656,1.4262517383943218,0.5357750389770407,-0.1034294350425018,0
4.151258092965871,0.4180489684213863,-1.9016534574136534,-2.1582474129391946,-0.32980267819543796,0.6968954373106084,0.20146254384354342,-1.3648429455217548,1
1.0208853045390014,-0.12347728287160442,-0.23725883863640063,-1.6504181358045054,1.9301147021569296,-1.5346793301088533,0.7474011949159044,-2.2625514636190536,0
-2.4759151306236915,-0.4939114711368801,2.8331069357608163,0.26308585759869574,1.9547010492077983,1.0034916816893975,0.4435864422649429,1.0693184648887135,1
3.166257495484619,-0.8819447232566631,-2.7844557047995155,-0.4940035268462709,-2.992756398743558,0.1148094492059113,-0.9084290627492385,-1.3108021193107013,1
0.4563704945474556,-0.12267804375961402,-0.8179589797257147,-0.6032211039293414,-0.2366024037830309,-1.8397254406076893,2.2951606720535165,-2.0645034675990077,0
1.7334615329923861,-0.4065598871811916,-1.917200947493651,1.2297997539528178,-1.3882860940476305,2.329027881074551,-0.405614971709498,-2.974038240993332,0
-3.857844999650475,0.5033527484822561,3.192386996610972,0.2212351662447618,0.6336252779231422,-1.250540992498852,0.3782242786665296,-0.30127047895031045,1
1.5440372531082764,0.2144968860886563,-1.3199738497739268,-1.136598613999369,-1.149095002253519,-1.6494528175853613,-0.8532390027431336,-0.8698214802434472,0
2.4514292804370603,-0.15745181898640215,-0.032742899825129124,-1.8045335928388373,0.5235600745380405,1.5576283011576733,1.8546827809323108,-0.04375015131749338,1
2.458087553104928,0.06672551915547277,-2.2745958671874797,0.6683081977796419,0.6810207681626266,1.858494175393866,0.43055432963824136,2.2253183546101694,0
2.933064704656175,2.9162784641471795,-1.2419802567681777,-1.4379646835708109,-0.4989412314911761,0.8752256523537347,0.998785248291418,-1.0042913941505065,0
-0.7749922351626884,0.7982644946309067,-0.5123855617301332,0.451108584069835,-0.5054074061747799,-1.8820664681242754,1.0377318993405618,2.6275244227782304,1
3.581363276570695,-0.5789217226249154,-3.3345960185695143,1.1459990843409085,-1.0843518027741972,3.1457763242103205,-0.897777797795955,-1.0768055142112796,0
0.03500113123937032,-1.1590478764405308,0.4569896667864082,-2.612942250302085,0.7268524990705022,-4.2002431564628715,1.423641070036729,-0.4085745809871013,0
2.816943670128176,-0.04397407620387557,-2.8824423564033594,-0.4791080826168742,-0.8747115832093829,-0.8454268854899366,-0.37954953476767633,0.10300750261316383,0
-3.780793523527482,-0.02724404534303813,1.5714950803669894,1.7590477230268342,-1.5531539996829093,-1.356421293255788,0.5909538270548881,0.6294764621704857,1
0.32107646415432267,0.49159965025851865,-0.0488024039316286,-1.9059336906960547,-0.09107535051039758,-3.2100726648508946,0.5408024203986976,-0.4440143843751353,0
3.3396046435751723,-0.4344646897916499,-3.406659905412723,1.1646799061974265,1.5620868520754272,2.5187671889764456,-0.022824755855237834,-1.0376762211744675,0
-2.5895366809098164,0.2319972259039866,1.4201889308752287,0.9681856797589408,0.1797701936002887,-0.7251071522227421,-0.8142524560805686,1.2669848290210013,1
-2.165847902952129,-0.19534380432962645,1.3752088393494994,0.8562358416322435,-0.7205962111994301,-0.148900436458834,0.6123248741988896,1.6471761341994007,1
1.1338079203661582,-3.136944410632009,-1.8692257148368479,1.081954163225988,-0.4425622623075762,0.8083953610587422,-0.02703217600793632,-1.5745365232386366,0
2.5947088337914352,-0.054085926307481005,-0.30377425536994807,-0.8097052860895151,0.24244482187983118,3.4132975843391637,-0.2747740738272879,-3.733607805612924,1
1.6216848050682406,0.4718467863636074,-2.629276256880437,1.5206642522897063,0.4940334307362432,1.240040260078719,-0.4305919719940252,-3.7452514948627176,0
-2.0355801278078136,1.7967556413340773,1.3208660303533444,0.2827923054662158,-0.48762981801427163,-1.1206253702846418,0.8760099503916384,1.4060969712882776,1
2.446541568761078,1.2966331731741372,-0.7596247436663153,-1.1427038183345724,-0.7335017082007967,1.4192729297954252,-0.10477677640511017,-1.1798361207952395,1
3.6622975515550276,-0.2882562699938131,-2.805422355651503,-0.5656862224033854,-0.8245943993046829,0.9646929567667459,-0.1460064569008298,-0.6042772394802108,0
-0.33433824696007497,-0.11841678695747603,0.20282139850816572,1.178496877757271,1.0627823352082126,2.0767924916130585,0.007907044773948506,-0.6353942315096475,1
-3.611898093692832,-0.6424189523807193,0.7569235478456893,2.4436060782725306,1.43878298974325,-1.3106231237184585,0.11361123772494724,1.1703123511965667,1
0.4938178561595521,1.5308879349781943,-2.68652098252923,3.199848716907079,-3.0991588814149167,2.065863491738755,-0.8474841760142993,-3.52227611126221,0
0.49175361050619887,-0.2081237357102924,-0.05326415784072913,-1.9704390888898164,-2.0460323355173995,-2.96889441134282,0.9756526387881056,-0.9247847367691975,0
2.9473066332012534,0.1693380460562028,-0.7702690158217453,-1.3432116650088664,-1.1361592826715705,2.141214963537889,0.24570993744723446,-3.60256960616365,0
2.1487833606024958,0.7913491307933687,-1.8500201702700783,-1.5765374915510513,-1.0663362699214642,-2.3638286967404154,1.6227461539904153,0.44697152234923454,0
2.7689819945794616,-0.619834497227571,-1.3576721418668947,-0.6536446902604428,0.5023427284437239,1.906813052445984,-0.1818498370591061,-2.616413812571791,1
1.6454383368799101,-0.4566047775607687,-1.3064236271931198,-1.6663752952969046,0.8983702541906208,-2.4774243534536,-0.3989296949996765,-0.4500635065074864,0
2.4713766861249464,-0.0893744213740547,-0.72277693328648,-1.652675832937963,-0.4355020228511757,0.5433162772253586,0.38640915087217315,-1.655348925043098,0
-0.7702824973372104,-0.6551459748175437,1.098860283571217,-0.2418343263848277,1.0273562795509374,0.04828298158454736,0.780441598133552,2.294627470212826,1
3.4054831158238676,0.14993581380900822,-2.089870553393576,-0.6146274856813216,0.4849488076014397,1.856943790212213,-1.1789532528400433,-2.9826408398639908,0
3.088198896939276,-1.0954699550553566,-2.299577568602303,0.05248991752515719,0.6107380590145758,2.018790108830985,0.9447350533449612,-0.8901799639319969,0
2.8663660573889125,0.3979893024642597,-1.0675940517872413,-1.2400371475486767,-0.4840293369091388,1.494879007130917,-1.1281734320850096,-1.3152723363365255,1
0.182461185245671,1.4692252777332424,-1.2474986291802956,-0.3364652448034615,-0.8646997143676525,-2.7999793066167347,-2.2823016950992905,-1.0874719614325912,0
1.2495927348311413,-0.09628558153525175,-1.8458989615958075,1.0035461730164947,0.3497471877757676,0.9349775299766735,-1.5141762553184572,-1.211129946903365,0
2.751023121339093,-0.16068656568026599,-1.9952503657686593,-0.5165388569219947,-1.3185993604618687,0.8122860188734025,-0.408218845356916,-1.77373001343295,0
1.4072730125546178,-0.8523975715259022,-1.564857912783341,0.996766359068151,1.0909950714331964,1.8244894358169672,0.07610554095998148,-0.9561970340234608,0
-0.8281444338790921,-0.49351362904295953,-0.10287443538823982,-0.4157224872822016,-0.5250693223141331,-2.8735714428498587,-1.4701262428519872,2.0882501118178562,1
7.8464337914863265,-1.7952375744032916,-4.449348526761819,-3.9731758777519808,1.2165778961178244,-0.19549860475365644,0.2884595620461984,-3.3213403720579944,1
4.343131468792036,-1.1217980235976779,-2.5439355091988043,-0.5226199213021334,-0.7256837012582228,3.0851414979927716,-1.1191258120803118,-2.106833242559504,0
1.5377577099275295,-0.4610843653573936,-0.9794004334400224,-1.0808262847863508,0.1874998896477008,-0.8341877120255619,2.0813173000325547,-1.530840107843548,0
-2.1730741614513347,-0.6217116559114297,0.8465610020462091,1.1797294040447186,-0.264769340139967,-0.5173201605567801,1.6749530109742712,-0.9451685632687137,0
-1.3365629693956758,-0.0423974082996932,1.475333061877728,-0.4611389213207526,-0.12594516588326438,-0.8079377185127111,-1.2355700133092584,1.6479058234838102,1
1.0116299749613704,-0.18810703172192636,-0.49559635004438385,-1.3504910712036757,0.41928087791017143,-1.4953087535525191,-1.8219146792377747,-1.8788748423067434,0
1.6322795459173296,-1.278486106946232,-0.6212166466615334,-2.23877769933274,0.05913765614466894,-2.1938185122300142,1.5790625462336425,-2.185439094582025,0
4.091148737780295,1.321385249405341,-2.6931614771316257,-1.816366629973412,-0.5316005543168191,-0.3806231328748251,0.4322572846006284,-0.9176920166105276,1
-4.867380064579078,0.2864339383260906,3.669585391660399,1.3544302248402011,0.09886895100129947,-0.156114210740379,-1.2247763289949907,-0.5403047230811375,1
1.5093879706780917,-0.6192401912999381,-1.4319830915739584,-1.3695714234830254,1.3187640782957073,-2.4480954770662526,-0.2751202931866494,0.08676767127066509,0
2.995003609571682,-1.1879003788340832,-2.6791759040470478,-0.752236233677723,-0.016080112660385126,-0.608725770074199,0.09006820375243343,0.5146988107866557,1
-4.313313500367882,-1.7876353632717714,2.1315226854215856,1.6157057584460923,-0.10965639801656646,-1.6159264407629164,-0.15666313498454684,0.06130049143564831,1
0.5932635382140656,-1.3009032262966083,0.012611391088776847,-1.0619128845085724,0.8120973097323819,-0.9268177256534125,0.8493073861824338,3.051701666675333,1
-0.5021866515661154,-0.2558846253867874,-0.7699783646442662,1.9619614166223622,0.18909954641104276,1.2631510604507432,1.0424710589570811,0.3881285454641179,0
-2.3848136777085402,-1.0382979918702353,0.3191112609475264,1.637192759333813,-0.2394302409617225,-1.2205708593208147,-0.6347534913617617,1.8317371871052346,1
-0.3684765318633254,0.616449697472372,0.4662173197302736,-1.1696953289837972,0.663088697981206,-2.2364326309319313,-0.4123932388810284,2.098088755867668,1
1.6931649385256633,1.1063356934809976,-1.0778327471787965,-1.0011110430468588,-0.5572735863638701,-0.543763536080829,-0.9280876150612746,-1.5577923197310728,0
-0.517699250775314,0.718753662890496,-1.126535677766454,2.0088739083924954,-0.2672705771963545,0.7190359545764637,2.3679747918918186,-3.5679826678706528,0
2.67333257412202,1.264109108562502,-2.3518759765778476,-0.13090690300022367,0.8423724790196542,0.6627010386255536,0.7019422588004034,-0.9679572536675995,0
3.2502118667886104,0.4083095897035167,-2.459899453036832,-0.036180574285416434,0.4040717176490458,1.9059089155080855,-0.043528549976355434,-2.3711101884052086,0
3.60591363557051,0.04581193490126893,-2.0771812583058944,-1.3005075323671966,1.155911725944232,0.9023860593492761,-1.2257879895516894,-1.7959561245547753,1
-0.6739135494360804,-1.1509841809238253,-1.5498499804094457,3.3855239784780933,0.3626406255014241,2.232686587166302,-0.4315624408679859,-2.331772071925231,0
-0.8093292909349863,0.2297611284893485,-0.1121655748697139,-1.7998887082040123,-0.8642643939609878,-5.5408421650479855,-0.3512808023811943,-0.39326225966158057,0
3.0366306460797112,-1.0690947242124655,-2.217486894937701,-0.7355334651099605,0.8546434223428232,0.5058406380036135,-0.7059975048640341,-1.0220580230029626,1
-6.230839908246045,0.828972440773889,2.6951839411841894,3.5526083167002733,-0.4270231939559154,-0.6628095332595695,-0.13902812071358622,-0.5804854847101633,1
4.668768273259042,-0.05752764369617823,-3.988726206373001,0.433313711287161,1.5247414886393866,2.656547696983145,-1.4561978480538071,0.4209663784869486,0
3.658113559350607,-0.8754492984482052,-1.374030901544878,-1.6863913871284208,-0.16173624772262898,1.693773340094432,-0.5780224079422835,-2.2229018709688635,1
-1.6481219454648872,-0.21164683075200988,0.33194921641109654,0.9719950585462024,-0.3422989289251469,-0.962355906226737,-0.683512710005518,2.1560336977575254,1
1.3315823637895567,-1.4732693157830477,-1.448054837004994,-0.3332750076915293,0.8237596147758428,-0.6977104985554567,0.8308091008023237,-2.8225129051131583,0
-0.5539711932501682,-0.009060335189090316,-0.11644824911291107,1.2851466433779946,0.9259391555040718,1.167513786831167,-0.7369592568116995,-0.6030307055109734,0
1.7526872924595704,0.6527279823475549,-2.25401208405789,1.2840493237972015,0.7875619609108373,1.7394383884358453,0.43863614589430344,-1.3734761085000964,0
0.913978394017597,-0.6840537811011811,0.9766478525823119,-1.5111340961203905,0.8850943198783612,1.072423505709515,0.0693368084724879,-4.63451572072608,0
2.0205565034417456,-2.285265021906798,-1.9537279858859868,0.04078493466561506,-0.5751100167562466,0.42685482633073746,2.09407309585432,-0.9506263789375183,1
3.657554603124355,-0.6236419401113744,-2.495569486821235,-0.5597239668402993,-0.018754066225753496,1.5993519828060005,0.23371494729471268,-0.5806826027581486,0
-2.648489979190078,0.8556514808450733,2.879467346120297,-0.23262532900070676,0.10546568824044532,-0.2445324307354797,1.2491158254143462,0.5580714155090419,1
0.7560309493948735,-0.48862860663146346,-1.2805487812228737,1.12675984362721,-0.754951223379768,1.2842656620907222,0.8465054939739405,-1.2084384880790855,1
2.271157315079714,-0.6699061723383579,-2.683110061686489,1.5740209863570906,-0.7153954143034251,2.4898809410566223,0.6645105611186066,0.4635401351072448,0
2.0768678592718777,0.6792075302321854,-0.5591842859155258,-0.7705421808730742,0.08178880045257206,1.7900830860543997,0.5576541412828186,-1.3637372770514058,1
2.8151812990564116,0.5175361771957289,-1.3845886690906664,-0.6464951194656229,0.9251241851217942,1.9398584866505524,0.8843234657996477,-1.8284541488605712,1
1.8440556667294292,0.7025747939563883,-1.9594861729549111,-0.5797215704837316,1.3704187406333022,-1.2069549818863674,-0.7440268225098374,-0.7802938082980961,0
3.387218355911681,-0.19985917996544783,-2.47967878433358,-0.8248047624479831,-0.5663219191044894,0.5195002508927378,0.739724876335798,-0.39503774477690834,0
1.755737402737405,0.900454952780288,-1.1491638012828176,-0.6620546005749427,0.06344197536631992,0.1767408867025897,0.5570605720300378,-3.3155133928827176,0
0.856953654625026,-1.7150328325693582,-1.9257728969232284,1.616119575276113,-1.0892897557906625,1.1499148717595233,0.3166760916466345,-0.9442651117473416,0
1.802498111585399,0.901976107358018,-0.440697642544836,-1.7350938617666571,0.6887692883566401,-0.4778836548348647,-1.0352281101954202,-1.4536421400896344,0
-1.7207250342090181,-0.8804963820590815,-0.3915053359144194,0.8730001105985308,0.6033212758503939,-2.788624372930209,0.3996792123555951,1.9706251550885923,1
-2.9982615685714045,-1.177417467431318,2.0689325368024947,0.26030860895545194,-0.3832032348378386,-1.6613739721512757,-1.3499388828153,0.5075760883411159,1
1.376756570298954,-1.0377307779842366,-1.4282745928486618,0.2011940734935267,0.898331116178841,0.4996840590685343,-0.17403757636148628,-2.580180204495659,0
-1.8736642063152948,0.7378251234532532,0.8607640121183155,0.5419893709161941,-0.38106259083322747,-1.2077619962021668,1.9256486758740552,1.7163861806981375,1
3.9313429717286983,0.2372423499153759,-1.3803323570764834,-2.0767040867292037,0.6450673265075565,1.4951045154911211,0.9992848834299647,-2.5857431213827153,0
-0.7151735388748865,0.27452422978450874,0.06900975214816585,1.492766329161396,-0.8224056207605768,1.5460376319673508,-0.995557248420599,1.6803575710722758,0
1.3642275318631922,0.6478782317197667,-1.0248061400405057,-0.1159155082018768,0.7643059123528986,0.6184282070687003,-0.37015624826915244,-1.1233012339659652,0
-2.5607858741473493,1.048633150409139,1.830624486289458,1.4888243553528682,1.093069259916797,1.2038901995489473,-2.4335392731199232,1.6541179651826479,1
1.2283782495974018,-0.17547365864998132,-1.3520483963618193,0.4459678035033867,-0.984848643997843,0.7886788996450147,-0.35828499851475887,-1.3220339651578195,0
-0.6356945915881167,-1.4533444648100107,0.08175022329546655,1.1400648991590474,0.3300688373684543,1.1333243838285891,-1.1600335881927908,-1.3931117540747369,0
3.751463639683729,0.6459139220410379,-2.254935383529474,-1.3339580333866201,0.42543940726497415,0.7738932180253706,-1.37635662450207,-1.520174335030299,1
3.621223776434476,-0.5506879398023683,-2.148537614182656,-1.1781492801403073,0.27456339865975093,1.0463857257152642,0.32417992838214393,-2.200255389066958,1
4.6335963330819,0.09205242416181308,-1.7314215916949078,-2.802998465603811,-0.7493186084382328,0.7947955171711927,0.7620298171863366,-1.6641587711698975,1
4.785749932179298,-0.9785689049623084,-2.601987090002642,-2.352805389975061,-0.3826554094715532,0.22934313380132654,0.4782310761114797,-1.3577595679963186,1
0.5635751008052455,1.084604361456635,-1.335514098183421,-0.16310013838563964,-0.514113023143628,-1.9651787515160812,-0.7505968622627588,3.518774531876658,1
-3.19482970935591,-0.06498204514711925,0.6886759241905392,1.850762714321974,-0.15890210961200754,-1.745887593733225,-0.3095734261672591,1.189494717501784,1
-1.0937928688597367,0.34029240987810266,-1.0119536289753435,2.9372985114436894,1.8808137102758167,1.463546451633298,0.6783052540546589,0.13386119399704755,0
0.8016046073331792,-1.3004679148209843,-0.7520782145198635,-1.4604837022338542,1.0300075795404255,-2.7187591387926,0.9313958376702176,-0.889413740923698,0
4.908572536452055,0.8566753981345864,-3.3094788783114018,-1.7812593050768446,-1.1731619040068257,0.21648866049468418,0.31752376224925605,-2.2978861502486803,1
-4.542009244237102,0.9899610547022,2.7243204940788726,1.3485963469046358,0.37390798546464543,-1.4149163690734285,1.3019194284480173,-0.27471872086393345,1
4.0264627899238015,0.23287004234836606,-4.030737354259951,-0.3803724457874854,-1.6358280495067754,-0.4654660591902229,-0.7496078756564266,1.6814735545253738,0
1.2673239732057808,1.156730415255911,-1.574297250830176,0.8159376379892982,-2.458893588833717,1.1593838946594017,1.0429263264369302,-1.406801049169671,0
0.37229640161980193,-2.4078636194451386,-0.570822561506737,0.5606293420085892,0.23745767193676584,0.8373322857909447,-0.23036591077822352,-2.8596273277354802,0
-0.8724703077340883,-0.7125500352019113,-0.1476032206362281,1.1050170285069203,0.7989568430525581,0.09140559071540877,-1.0169504832530614,-1.4645854744934923,0
-0.5366275163382266,-1.5231929924175958,1.4987425033578692,-1.273904508638166,0.6440482164216553,-0.6861856501580833,0.03988109710291,1.9108373004209334,1
-5.42955059222637,0.48059277239281584,1.6344658892140917,2.9467441208354352,-0.4796779411630805,-2.3441631015994133,-0.6395457603471847,-0.23390348254610638,1
0.7435322128563047,-1.1297895379072798,-2.157530598557738,2.0556902785254367,0.06264864947787163,1.3556693523172356,1.2568636594468583,-2.3158995610567175,0
2.4987344792603197,-0.5580816043138674,-0.5958255070166925,-2.820389386365739,-0.1732072238210627,-1.4866106799780368,1.2557153169408168,-1.206863309799428,0
3.07055176415855,1.0977298412341334,-2.05426645924123,-1.109435512809845,-1.3574611356307849,0.14835654863580316,0.08685124525744134,-0.5024257847729419,1
-4.917648057292599,0.6761992971803796,1.5115375518560696,3.089434528514304,0.5677019405685867,-1.2369855429179002,-0.07237193737235113,0.3611212402882763,1
2.584298259593218,2.035242894176204,-3.020820073447655,-0.10155389531274905,1.4755644861500035,-0.8892088830983604,-0.33245017826235235,0.7103637177663924,0
-2.498700791496621,0.20042532698899473,3.2421879137067577,-0.41756947724411475,0.9287444765775053,0.44374759474243186,-1.8534947573739193,0.6647355088973845,1
-0.12785351331615985,-0.6945215377981757,-0.07274269459891869,-0.5378071110917819,-0.8339814862600002,-1.58111061318592,0.6149401817100612,2.6966376330046957,1
3.565235487647202,1.85840706453868,-2.4106399924211153,-0.01373889399903594,0.12503767352868775,2.7253218325410096,0.11291359973932587,-2.4276867785362786,0
-0.8419675529223478,0.6352469083884124,0.6063810078448917,0.3269804700732649,3.109077556890084,0.17193253290643384,0.4400362904981885,-2.376357378716984,0
-1.0488997282355923,-1.4483559282207301,0.3004826530083896,0.22891736078339087,-1.3825384392335016,-1.2379959298582317,-0.40779688820300053,2.30015125069329,1
-5.500318493561998,-1.5327271237665299,2.7368534194686434,2.5426131202309046,0.09692685296363293,-1.0404599478143475,1.3510932562826954,-0.4933927280312822,1
-4.237065415019855,-0.5824565446669256,0.8451738344884587,2.3756710429802217,0.30607963653084835,-2.5795836991180483,-1.040896147722047,0.5321586985729724,1
2.043623529850684,1.3860463572875443,-0.7240487688038677,-1.6777612188781397,-0.5491701127729725,-0.426849380721505,-0.5133705452546704,-1.4999600070900143,0
5.7816665707901205,-0.8647836386787531,-4.598181579243473,-0.4805265066768154,-0.9459894463062429,2.036419094315616,-0.08558745436221483,-2.0712061284164704,0
2.8675744182851437,-0.17114728943486926,-0.9611398915614543,-1.7805835438402666,-2.833289925748711,0.6074981434258533,-1.0139919577909713,-0.44640712671505345,1
0.11527245642850281,0.8819530415205193,-0.834765942695995,1.2462732800260408,-1.4751175158994818,1.1053519908590477,0.724356819307866,-2.405779186799574,0
-2.943226233233409,-0.22499792831121918,2.1683238855876272,0.8694910556450812,0.4629199234278211,-0.1365016655000617,0.9833532298260631,0.9304722782697934,1
2.7159989312867157,1.1357070249764591,-1.6034272181252585,-1.0477838658152578,-0.0813487119111878,0.4325061238254023,-1.3441651355805415,-0.3566278582938389,1
1.4559388889325202,0.06696984006909622,-1.9094682818803388,1.3503730355875028,-0.4146179445771507,1.9135953926751381,-0.3937968561614915,-0.4229733872990312,0
1.3643648936007762,0.7167256048805708,-1.6284695988849731,-0.016612618764257014,-0.9118101138069958,-0.4060985116807767,0.33922047932507804,-1.476979553443873,0
-1.939137972823675,-1.283965983431107,0.7836088793338207,0.5104029253241932,1.088251482925047,-1.5646018238156043,-0.22710423633347135,1.5974463861674812,1
1.288064371527582,-0.971337782212116,-1.9274099972529681,1.544010260433085,-1.462242359040823,1.9342890474985133,0.8363817561646422,-1.3302705782239779,0
-4.041258209550486,1.0679592267360083,0.9031876417537593,2.0758909330179915,1.0576353199916007,-2.6421116473878463,0.12989217029308803,0.5239337222587273,1
0.11386058349307993,2.182027162680672,1.230473338882978,-1.7804803778685254,-0.7276950758041222,-0.8692346711931985,0.025856046873095576,2.221178613949875,1
-5.039260858927536,-0.43549668709222433,3.187097270733787,2.056287977154069,1.3866024558025023,-0.11268430343141356,1.4779184491864328,-0.34918684664751876,1
-0.4129989934771223,-1.3065258917695142,-0.9036720873737671,2.081093916804113,0.3519264099556772,1.4766866973294954,-0.11315173431103208,-1.4750527613721722,0
4.722545516991271,-1.4982364295039539,-2.2655137258212585,-3.4322044391348587,-2.3020376530872078,-1.4682204898853672,1.1463489019339046,1.6167200815432852,1
-0.2183276027187932,0.39683880791588144,-0.2537045775404737,0.9455753076712073,-0.6125579433738498,0.9201245425855137,-0.5548472295766775,-0.4726482956802691,0
-1.6822217589102753,0.5082851775830173,0.4848315148606823,1.7978141529881104,-1.2860797542485478,1.0352445374366679,0.005138760756972681,-1.256505519936967,0
1.442503794448168,-1.1599406324244144,-0.6518000016074337,-1.4317605642489817,0.6022652621079181,-1.0623033377471667,0.07108358329652902,-1.7401467100579748,0
1.0779905161641827,0.8125927038575976,-0.721850951504297,-2.729879053385492,-1.106324979567164,-4.674133981086558,-0.8677387031412905,1.3315912521022335,0
3.834575235031285,-1.2203941315640832,-0.7402196029244528,-2.7708064462804702,0.2575866941323386,1.142487912348983,0.1764111593722524,-0.4258047347298879,1
1.7418330590983415,-0.716954039219957,-1.1633567128513032,-1.3958007218299593,-2.7714191585648598,-1.451556042723169,1.3761989424549457,-0.03334051432682861,0
-5.71420571269005,-1.2695243950847461,2.6754317283103113,2.9492084021583196,0.29253339556554475,-0.8118259242395302,-0.020101641494063193,-0.426769410214882,1
2.0120125167165903,0.5347453223877701,-0.9918602015306365,-1.5394545803221589,-0.1547590102991274,-0.7559872063201999,-0.13980411759659714,-1.8026997882880331,0
2.0182665746217614,-0.7466395616572263,-0.5489614344171326,-1.0251604677755326,-0.4421676653421592,1.1254950911124066,0.7574329674396315,0.2780458526424219,1
2.383812255361569,-0.46692599272524854,-2.8755846678700943,1.6844758440379834,0.7957746932131636,2.6751850694462576,1.284926999680931,-3.2848783593184745,0
-0.8155114902468645,0.8783390455905801,1.4268648455770758,-0.9275960679959783,-0.0024611965659689064,-0.6701163735710196,-0.38511676616149054,-0.18525913052777043,0
-1.5743722054209328,0.4352083629870141,0.005938236691914067,1.629077477419178,-0.12652544129773519,-0.007979939226199217,-1.1490039356655233,-2.6310658669264146,0
0.2720796957879991,-0.3589419453062857,-0.6393975217558514,-0.4029584375520534,2.344068050981456,-1.6311789419060818,0.012595445930277106,3.1436884824323026,1
0.6163620401606023,-0.5548134515972051,-2.126741038162545,2.5901116635169665,1.3961448290669536,2.151848883837649,-0.9269579656601225,-0.2928337367702868,0
5.5714829789883105,-1.1139980158428657,-4.034699781893168,-1.2884662844450852,0.6754466403604793,1.129725183296091,1.0640875612646588,-2.2052903078309924,0
1.7150478871835348,-2.0461807706381583,-1.592568053381068,0.1673826780867178,-1.0336894717102183,0.7699174002607359,-0.3071772663318261,-1.055068545813635,1
4.336907153904775,-0.5218706659239909,-1.0690070360910187,-2.7295261476717134,1.1406152191983154,1.668859618148277,-0.1892627533463222,-1.8431417724070713,1
-3.5980978693904753,-0.12797437959290053,1.326645337079869,2.353444836346955,-0.9189390961638423,-0.2961211092512015,-0.9446307378795032,1.1619772292186141,1
1.8796662409502645,-1.5578995931694133,-2.0779132666166555,0.35622298007380326,0.7077159067970932,0.4983230703778343,-0.11243082043467863,-0.8087608138761948,1
0.4188691220756784,-0.6604028995476336,-1.0283032809030956,1.2369920348309718,0.7238889171494339,1.3022817105669067,-1.831819607929546,-1.246142305504874,0
2.8450145189667233,0.08782111485379064,-1.3991457951012662,-1.0370238075980902,-2.1040843770102318,1.1966055444089312,-0.11018129725628234,-1.9360228036856548,1
3.3424716357339035,0.29150808849609516,-0.7825095924319463,-2.522019758409304,0.9437138772259241,0.48655747965664997,0.7085944379770165,0.11040836017630062,1
-0.4123152824726326,0.2610202224313666,-2.0194460828614944,3.5189730896678535,-0.18655097100588122,2.1114854577373636,-0.11732621471262757,-2.785570016739351,0
0.8621253069710557,-0.4673412263470649,0.5087592924379296,-1.9720765571875796,-0.7753898601982845,-1.019858663297124,-0.9541112596028998,-1.3360085152961654,0
-4.711726079390189,-0.9842067396626566,2.3484215323541715,2.019424831213174,0.98187403575368,-1.2112184698076625,0.24002417488554262,-0.07430180707653777,1
-0.9841006261131745,0.6074578004205566,-0.003481398763472532,0.7112896269695572,-1.2076297942436878,-0.627985867173964,-0.3443353258376048,-1.8130547574334632,0
-4.631651159982747,-0.6364159295539596,2.671112419400341,1.7908167907408548,-1.6826419140052986,-0.8367639447802198,0.5318482973311149,-0.09557615998305491,1
-1.0489293829224362,1.7824287181230196,0.23941812363112214,1.078195869914325,-0.5243351702522092,0.48593481357442303,0.3718148193471358,-2.52044912164719,0
-1.12753849400329,0.2388545464865143,0.12867449730039215,1.437146495008614,-0.6180161530686241,0.7180113697026034,2.0669080071054458,0.38055998414443204,0
0.11822349539778432,-1.3732562163628121,-1.401503129025302,2.3699656549548664,-2.29754650923274,2.152030503377874,1.747721790903919,-0.924953874539826,0
-0.44155490069380726,-0.40358397150289976,-0.5059610092730715,1.6953779908196784,1.166986698025061,1.421345456133602,-1.1955195936626615,-0.30440421065617684,0
-4.984285225020851,0.16159531873172508,2.617924470914721,2.4066364409801464,1.2866918497836153,-0.4670480512539743,-0.9383292040367494,-0.09527748415978321,1
-1.7657612811121033,0.30652404332119465,0.07893901372758383,1.61219451522093,0.08336933929744557,-0.4589115446888111,0.1290550439787666,2.401853293862233,1
2.4811071956246913,1.4192691693630406,-2.222624593259139,-0.5777906379516418,-0.5240680236527299,-0.3335267566255955,0.6093365738366151,-2.3266342858363496,0
3.2584390664818983,0.4025751874471915,-2.6534957503253436,-0.15643665265453865,0.2286696696186542,1.2440919808731885,-0.5699920500855108,-0.9980814149440493,0
-0.7679345536109965,0.639336604243423,1.383844791673404,-0.9220406318826704,2.5201276100204684,-0.7104653563781789,0.0264897512785753,1.8824614636812238,1
2.1215904934128575,-2.183138977508559,-1.6295442966768237,-0.5011010598239203,-1.0394767616220826,0.19296056894386515,-0.0934774883242101,-0.017385959989025368,1
-3.0271001450673247,0.6969977639624532,0.3119307690040749,1.81139745405915,0.6893376567344686,-2.2416543194815794,0.4952862938893609,1.333618775395939,1
0.5573796245607032,0.858712405815314,-0.881825264922465,0.7662230788522669,-0.37302344951017175,0.9914693424855335,0.6889969670139466,-2.361458932508114,0
-1.1209315391899901,0.3926096281078132,1.0628349824168897,-0.18993478680835452,-0.9322430724928223,-0.6604350613150998,0.2724524468575951,1.9993964993244098,1
1.3035429002565415,-0.39599066489699014,-1.6716411511591482,0.3306862662908312,-1.0555691379095582,0.09846464905465879,3.0611357848933474,-2.383393664960286,0
2.150733300549905,0.6396375741153386,-1.1325059140071114,-1.2358749384585679,1.1358569449791076,-0.13854146817567714,1.2414299518772323,-1.878149175425301,0
5.221771561374197,-2.234793605750247,-2.3666916274525835,-2.9595870309775285,0.7470749563185657,0.4516917332545317,-0.29025275583995885,-2.112966401627884,1
1.0465335775584523,-0.46239299867533484,-2.9424304865960007,2.8375146591882396,-0.9471621340922733,1.9685116781790164,-0.14573269458700738,-2.5985680345300946,0
1.2881245198420466,-0.04176936746597401,-1.038531729866425,-0.9872685002634979,-2.0771591197359816,-1.3122856489803643,1.1291142275857367,-1.1612862524819034,0
-4.8209165431998136,0.03091209665132714,2.15786144547083,1.7788160409640401,0.1721173467308294,-2.3066508238763195,0.14488466739709802,-0.3306652501323646,1
-1.072389685366916,-1.0400884870552194,-0.9473313057438195,2.566803399550164,0.2539914223693071,0.9606465601098817,-0.3724121364247545,-1.7680058674698755,0
1.4107296647240004,-0.7830554689175633,-1.232645710125227,0.1733013696219179,1.3915089553964086,0.8377247382302768,0.9243260608885991,-0.07522998989309837,0
-3.8129967463854038,-1.7490528632651172,1.008766126798272,2.254594967402403,0.5749651951682917,-1.5935003920633044,-0.2613110647580892,0.8866843717322195,1
2.9967927091905935,0.4696468858003245,-0.08776703339584357,-1.9730138287682257,-1.2456243495863109,2.3272748076929277,0.8458451547265275,-1.8078120543011256,1
0.2552636050233912,-0.7726402436922133,1.424195495698714,-0.5241173037816252,-0.4716013535172346,2.4181557194398575,1.7795671722619442,-0.2808023058493919,1
1.229782588989756,-0.09674817357507606,-1.8943176256276058,1.052941224475879,0.6590453151355288,0.9417172542059193,1.7936946422806523,-2.779552083238931,0
2.3264185956262438,0.7822500399402454,-1.1114784590814946,-1.30684261445701,1.0426044316244578,0.10324062768668041,-0.06922065896326182,-0.7905991271751494,0
3.1432879017746376,-0.7169337982521433,-1.193549183906634,-1.8344354432135659,-0.6090060758127813,0.6023691400648185,-0.8742321691755122,-0.11385185857847313,1
0.04736839462657905,-1.2228404254303467,-1.4448487917067312,1.7962775381406444,-0.8076008479725285,0.8417626987364697,-0.6203704202686086,-3.346484764922824,0
-2.1960853097138795,-0.6823225679131681,0.4360475317618918,1.246498658809236,0.9267266314616388,-1.3577374812768606,-0.06907812161754956,1.7701779750354394,1
3.497890337962693,-0.05778955316915521,-3.1619187530096537,-1.0912820045076577,0.10330235616922377,-1.1955964972957698,0.9408971461848994,0.3539666413467355,1
0.14708228701716553,1.7893769437158207,-0.70227914997277,-1.1462380798801473,0.7839645739162421,-3.382047664252058,-0.8139801546851304,-0.9897022096729285,0
-3.278524766525782,-0.6808449563592769,-0.2553514483890629,2.217436247210081,1.0244058992683929,-3.1253541438030563,0.43531404018005215,1.2962631198131878,1
2.216137154377573,0.3083264827395619,-1.2215521238638087,-0.5477727121542264,1.2946988476379528,1.2253313621091044,-0.961722277891131,-2.870578622886659,0
2.4134190034187464,-2.38127812529829,-2.164866981106093,0.7241521550655434,-2.6482073801879236,2.240163421190754,0.08113172128985101,-2.260549604061511,0
1.9818930661406355,-1.2789969358297757,-1.1675914215873573,-1.6258517520662803,-1.0509903730970358,-1.4118301492188259,-1.4465974515697229,0.09285860752046604,0
2.3157736451716007,0.05750673941180935,-1.899117148870293,0.034640086453196384,1.0147254406403956,1.1954982832808274,-0.6513405993554628,-2.2060404359079366,0
-2.94260021309321,0.6910204703232081,1.1342522444886347,1.4779966728016716,-0.07542883611159183,-1.044226580440964,-0.3999352742969727,1.2709060183917809,1
1.1473368834929905,-1.1900654449839978,-1.290818993378417,0.17933280626762738,-0.12120481394747487,0.20766322267153026,0.39320078173804046,-1.3082115993947894,0
1.3159647691014353,-0.9286121331689943,-1.9000415990935164,-0.36528623819822925,-0.6288531865427839,-1.741112656434029,1.2772549509740896,-2.126867174618261,0
2.645837414798545,-1.9316645803521812,-1.2782826510132692,-1.911891082881068,-1.2344557831258882,-0.7677492844272078,-0.8373724623358489,-0.7243710625932862,0
-0.56538049914781,0.30112351004842725,-0.00834761678783269,1.1619462244353302,-0.6862340014043848,1.075407268923178,0.13807266589279188,0.7521329988493162,0
-0.5846736905741964,-1.1415963068770634,-0.4141156116721314,0.37076279862230166,-0.5449862566274507,-1.4396588455541388,0.4372854895748453,2.7540460633227637,1
1.0384524346461956,1.0262595314501082,-1.2535627413499515,0.3128299007470292,1.1754504888371748,0.2599991969872628,-1.313059321395441,0.5490442957538011,1
-0.4096383808786336,0.6634014686665507,0.7389221974814735,-0.8498319049170855,1.2751291979471782,-1.131995142804886,1.0289409575280921,2.2466867389008396,1
1.543303188619304,-0.4959083297041294,-1.0542768246033645,-0.9946587960774459,-2.486521472621189,-0.806121280558822,-0.3767346194159196,-1.4395979816745743,0
-2.815830434840816,-1.56187943612236,0.6368442311583392,1.8251128618919212,0.774723944975595,-1.1060052973588708,-1.2583140349801385,1.5523407065316208,1
2.2169527963945868,-0.04389491697680466,0.7636724551602412,-2.0082110825978,-0.9615329015292843,2.30735038974579,-1.1507874773081435,-0.9494172841740696,1
2.0650895009807004,0.9062665545652719,-3.1844924774915633,1.6623340247196419,-0.18345185387836582,1.305941924456856,0.29693954520150534,-2.8593100865355936,0
1.856171596666013,-0.8413586966722307,-1.3642723585237677,-1.4033185718729153,-1.2306972258579494,-1.617489093155482,-0.7972583073598913,-0.5428110802366051,0
3.102734183245866,0.9508872338425496,-0.5237492269550414,-1.828408884428581,0.2661265394674589,1.947088798429847,2.1377849404919465,-1.6905465788674419,1
-1.6186716505192682,0.9115069486070524,-0.573606238941605,3.302138731925207,0.9637922543256028,2.07469366947571,0.04690570674182431,-3.2191108495524317,0
5.302583763913084,-0.15602096209965946,-2.572380038518216,-1.9983606031742374,1.6867264868199459,2.1929981547190245,-0.7989857592114222,-4.289498103629057,1
0.8926926443567249,-0.29631200652147316,0.8051437853118675,-1.8707722232292603,-0.5026589806941771,-0.27950995113654886,-0.7731141368835966,2.9085630424373017,1
5.80041892212362,-0.930043229075509,-3.9202662524163,-0.8690540240738833,-0.40562480167808596,2.6559165904659943,0.6795355951937535,-1.1092154815229265,0
1.5861335114603523,-1.541742578298416,-1.681404208642171,-0.7277184526691769,2.5294333022041657,-1.498992393366127,0.05721545011006496,-0.3141477941581926,0
-2.300039730253583,-1.452775877954074,0.7498316820414705,2.3052852632067724,-0.9692854361610374,1.2144329361708028,0.5410268875067894,0.6180157530698367,0
0.8104682937518424,0.8881681309154673,-2.0976940604164747,2.7338180251584427,-0.9266958584107264,2.896494338639411,0.9724980242383855,0.2181701959166018,0
2.8242147709003573,-0.730337234011888,-0.6507291455287881,-2.9725636791968673,0.7793665143778102,-1.2562852742612505,-0.5407495649382028,0.308804235012889,0
-1.7890501139041635,-0.38809285028116286,2.8914692807634017,-1.0081554934658647,-0.9639166656058964,0.05117669898617749,-0.6841817270346449,0.9507864513199658,1
1.9082217268413868,0.9283272869592268,-2.6140248330282443,1.5939856266583945,0.32611322893978895,1.9488628204968008,-0.7261495172901765,-1.1936495938712137,0
-0.9645746208906312,-0.3833881629216451,-0.7516894657049968,0.5671871373237654,-0.42354974855248717,-2.5399785282527363,-0.4048560899214812,2.5040939197809555,1
-1.5066525304770892,0.039879265646784824,-0.9760384926869434,1.2120096855604112,-0.8431051007320463,-2.861553195902822,-1.2782423025791885,2.348710898081176,1
0.8181760500579713,-1.452243545958309,0.9702276948150195,-0.03777024987964728,-0.4817660612424536,3.7281239248185063,-1.811566831813896,-2.3606943378661143,1
1.8960364683589859,-0.12717501686849653,-0.38167441840814464,-1.4469362911251296,-0.6856681666613604,0.35768454382939774,-0.17620569197983338,0.4742752553506224,0
-1.6957627975714467,-0.4004747393213593,-0.106218311451453,2.938705798599244,-0.6182364245068216,2.0797088530581993,-0.19037146608692862,-1.3129432523879752,0
4.631813181617108,0.17036256758758458,-3.9854206433177817,0.23508199617591186,-0.6936853891967395,2.2046972465115457,0.37841925848826885,-0.1013441414887657,0
2.617861494609934,-0.8148785462354293,-2.1398707691832395,0.07105449378749706,-0.7038124391958426,1.4373459819415788,-1.8047580962331466,-2.7443384091994654,0
2.640094192903092,-0.17301269054850632,-1.729832855445118,-0.4796752810017293,-0.5896884068892817,1.1998274689983313,-2.6105930028226814,-2.021190527105732,1
2.8085528950978986,-0.2251985048704186,-3.4573080130481486,0.014062290395703059,-0.237514167789116,-1.0430969001995638,-0.1953307078639792,-0.2181876931897445,0
1.4934900729396983,0.04786489704255587,0.2160797088064268,-2.570996326978608,-0.814117506940959,-1.4481339243836235,-0.3209343707298724,-1.9817065523070263,0
1.4986809076456211,-1.0951939320836386,-0.6551465758983698,-1.5993111546697079,0.3880336883437914,-1.3317688852373288,-0.11681504745217608,-0.22546013337679083,0
0.4979481507109853,-0.002708125775158615,-1.422779517124766,1.2413760609968592,-0.22241438785798784,0.6457093488957371,-0.702638368059578,-0.37449789467432726,1
2.27133967906436,-0.22090046064077842,-1.51591232735918,-0.5704230787445335,0.9403814551405262,0.6130365359335185,0.34998926461423385,-0.23362705918863036,0
2.957965035730048,0.5546148354529468,-3.06206417956266,0.9853741681838031,-0.20135917209876447,2.0931037386194213,0.5951040767533522,-2.3811485337144145,0
-3.700976144522498,0.3591744686594917,-1.2349538054963005,4.048981020945728,-0.683700286786795,-2.390503568286423,1.5169432051679046,1.9740559533081556,1
1.729314341754986,-0.2851346153344387,-2.3733981443713423,1.059762889824891,-0.30026781082730386,1.0274080717430423,-1.1240703656469495,-2.3350275728759327,0
2.899524310010146,0.3914695928703765,-1.8372822815044478,-1.1408510454377556,1.7197575761510981,0.18464473131088477,0.08600439515999685,-1.1463493490590415,0
1.8141451486931248,-0.6581960577216591,-0.6020767515209389,-0.8404602713438429,-0.5716024766430156,0.9568267351785026,-0.8903159126528094,0.07870762812979959,1
-1.7780585854790303,-0.3102150737131799,-0.3534795729778435,2.7609419983835535,0.419562212269055,1.0414428802684939,0.517242071002436,-1.2553672643588742,0
1.6818015794921068,-1.305906880685914,0.055451789870847534,-1.1654791741624466,0.9592739194404745,1.373928504459894,0.866577430970269,-0.06359919179243434,1
-0.5819252853220409,-1.0453787830787904,0.22807485697094565,1.014742002991365,0.08451589734695857,1.2751804128836002,-0.8011977047466614,-0.7059751578682455,0
-0.5428612624285897,1.6956994111960002,-0.7528208412554471,1.9383974133827402,0.14812646694701967,1.251192338451063,0.5671939728032305,-2.3746859630584254,0
2.701877999915408,1.205706399727643,-1.4403812068280932,-0.6665067845421164,-0.840713753121399,1.5149588933669964,1.161350929804876,-0.9024244907737895,0
-2.5468778942320904,-0.7630511295564708,2.8808804694229684,-0.5381591110819006,1.4516222443932378,-0.633295150153318,0.40614995209292865,0.48762651154375414,1
0.7635718195571934,1.1709723950514748,-2.1964389827055832,3.201715772100971,0.8270172343794393,3.5136744438096503,-1.0386397105930532,0.727159277897568,0
2.329121850452867,0.38386786011265894,-2.76055417391781,0.32849696452050825,-0.33955308421697794,-0.017758023441229787,0.3348861391212628,-0.05733996550688625,0
0.631360532249501,1.2602998877195846,-0.9775859860857575,0.8752465955437951,1.3036219365322466,1.1169925220523742,-0.0034370595637672674,-0.6309954690915661,1
-3.0592328399475646,0.2245662750072452,1.146022481367362,1.5875734985038479,0.8442420101059572,-1.0473545165036244,-1.999600580946853,1.187495959034775,1
0.8400896908545921,0.44227363070019904,-1.979734094853765,2.6018142035509495,-1.1069248329673007,2.944455839570066,-1.2049577638173723,-0.016705051868024068,0
1.1499005140542269,-0.2836016105288141,0.2557751686358527,0.6104873902168242,0.9218069222191294,4.339730600435531,-0.7448032984852608,-4.564697379123001,1
2.3204460383962084,-1.1080213621838009,-2.9457122419524486,1.7219357200924859,-0.5257336444365239,2.4231794269067226,1.2939343070874951,-1.7482489694477843,0
0.6785497165943162,0.49009500254394595,-2.114932458423935,2.2519619421539634,0.25318353678873656,1.6622046191934987,-0.9686208812600632,-1.2273180792151301,0
4.181851875624906,0.7646303613197197,-4.344700130975339,1.297826603963017,1.6348119241584238,2.616674487883525,-1.6086740580945242,0.4532376268463023,0
0.5508470118903814,0.9425271274576419,-1.0144320500570843,-0.7202613416055761,-1.0710687377408514,-2.3185519262357692,-1.5829207399211593,-0.6420286871270539,0
-5.487005574924777,-1.2552322034577534,2.135621179097305,2.5923245719497623,2.09647620554557,-2.1429889231820347,-1.0632148487652016,-0.4662332557522435,1
1.674667667900503,1.2846256404023955,-2.4284181971894974,1.792250624038131,-2.3165051647859114,2.236429141330184,0.9008745611707648,-1.5127427838271754,0
1.9742112923219788,0.0032756880341218895,-1.0724495568355212,-0.3405720105169159,0.6943560651639931,1.3679028704198442,0.8069798661103341,-0.9511459665124495,0
2.459911241298726,0.9570234238388585,-1.7781874943067058,-0.5013426561982253,-0.004523140508435562,0.6422304840754633,0.8733617316282667,-1.0340603145419776,0
0.12085805649705794,0.21977433014481787,-0.6590161846248422,1.0734420833260092,-0.3073649645717757,1.0631005196499326,-0.08306558718326772,-0.23787969471147297,0
2.9881458973430006,1.052579637105597,-1.1196335250264942,-1.937637457472664,-0.7941201709130017,0.18699776381957411,-0.15886569140798418,0.8180596976552936,1
1.1926403579359568,0.8227606208291642,-1.1933214528681297,-0.9194362484781882,-0.2809489161478447,-1.6859591861491587,1.1384164263603764,-1.5106615814198265,0
0.8622073989098956,-2.005565247906864,-1.458229012004258,-0.8107039914113154,0.07929023735558088,-2.746444958632954,0.45206939750253444,-0.51869898389106,0
-3.6107214116578987,0.4369964782401853,-0.08107392661307555,2.6949533130066925,0.17104592992903947,-2.522142303787608,-1.0967268500851892,1.25918359817355,1
1.3715603472085365,1.4566162378480376,-1.286223701852863,0.20525369086468648,0.4282241767068445,0.8101287211571047,0.25289274616001933,-3.310260470405421,0
2.8623356653339487,0.977897895716481,-1.085789970959831,-1.6781854226660018,1.1144725305479388,0.5740519235743153,0.25789583892771883,-1.336353475804229,0
3.170985950589534,1.0766590355676506,-2.218056019777754,-1.0990206013564883,0.34681994342118055,0.04346199594088351,0.04906673798835688,-0.3418696315616999,1
-1.9133769745306493,-0.19351770918837627,-0.46852999685131347,1.348741950640923,0.6790850247906477,-2.4101776102317465,-0.9705237013863153,2.0938923651770076,1
2.1457781981813433,-1.0107205834766,0.24744774344534304,-0.5190695975222902,-1.5970615947216225,4.180972564666465,-0.8219241619417351,-4.286292461934066,1
3.0949993629498564,-1.2844962785521226,-1.219513566192251,-2.080617613906811,-0.9162596044202699,-0.016319124927342443,1.530691166922373,-1.0506834264323535,0
2.584247601897324,1.4807476867248033,-2.0634351555600245,-0.5853748595118443,-1.3515642569222734,0.14554951322117948,0.2875802993564705,-0.6936426894805038,1
0.3809803188041123,-0.8844330597014215,-0.8906883351548944,-0.4799542449628482,-0.7416756028903475,-1.9156807372616322,1.935430282703556,-1.6583946270349852,0
1.8805340564194193,0.4551007659680178,-1.5228452361165399,-1.2800923025132478,0.1945385636308746,-1.6440938885615788,-1.1032362784355982,-0.5236964447816119,0
-5.189094516774375,-0.542046466002575,2.2419267747749685,2.4398717839822117,-0.4023828466777919,-1.5999997054314423,-0.695902240914546,-0.2993256064337466,1
-0.9119132868074006,0.7250162033791778,0.8519140803427596,-0.22052478966759614,0.6760116307671696,-0.7125846404147338,-0.33771692241797513,2.1782035010884644,1
1.5668259599174736,0.7256632666556462,-1.20858157431557,-1.2828789789928812,-0.14415059202089922,-1.7058598023439708,-0.38677722286961336,0.41724693920369704,0
2.17836620005139,-0.3031305597482499,-1.3198833915524473,-0.40455270807333576,-0.45686243415968675,1.1166514155832445,0.3025594074423689,0.7336816026972641,0
-0.2716763663375015,0.23432329317991427,-1.3562276567652418,-0.20905917219781944,0.7659963498103961,-3.7484954762396807,1.3097088243633404,-0.7061855676509832,0
0.01231318666488257,-0.9175398112397336,-0.5904928524798169,-0.651578096190915,1.0550789262696476,-2.432102938025403,-0.738965393222715,-1.6337506087798763,0
3.237058486692242,1.8538964456951645,-1.3290856393193042,-2.238317317737634,1.6019198692878294,-0.25474595000670053,-0.37599338160042156,-0.9790538032118565,0
-4.300444943793606,-0.79360423322339,2.2078312383912504,2.3213447815505317,0.873942280471957,-0.03576015329774673,-0.06776601216229733,0.49460065187158564,1
-2.349532645555506,-0.7851006498745031,1.1126631900543085,1.4619592991890462,1.2436806593486955,0.1279087561494272,0.48975622636257904,1.8081962101980422,1
3.529462424519348,0.32544518827646685,-1.9866978528657697,-1.0379307054520235,-1.0064333071717706,1.4398436105553334,1.893954323518528,-1.5014026424391025,0
-3.539020346515298,0.7821988212372871,2.1266554441495478,1.5774418446967293,0.16111888877094604,-0.004287572498165915,-0.3759075021724968,-1.4097582771423716,0
-0.3671083552598326,-0.9074689430425155,0.7276325340969871,-0.8580440804296072,-0.24992045511970667,-1.000222603701013,0.820774723952679,-0.31613384663241295,0
0.4913477433867098,-0.8474503170006997,-1.0107560072224184,0.42530471462176267,1.464879914623797,-0.03496581545404975,0.02974898680627074,-4.252793445919374,0
2.768016673084521,-0.5259770659333179,-2.2830297979690726,-1.8511001982906472,0.12729833607936272,-2.5000254725640954,1.0746693027254104,1.1806068428690997,0
3.2150128001698937,-1.2455806776386753,-1.5589111848949109,-1.5723840917454026,-0.0915325667601382,0.5447026666404919,1.7670008775904165,-0.5177814315380366,1
1.357421493485674,-0.5089040839923724,-1.1999416497868565,-0.8874152177366328,-1.1813339807320693,-1.2530802705708692,0.7802237845072278,-2.493395251031763,0
-2.4550611962594626,0.14645595366795083,1.497415513149397,0.5409480317663444,-0.6908587718374298,-1.1313814147614405,-0.6624178425095217,1.1777761555977706,1
0.17901557078204863,0.8963535426255048,0.184333753756996,0.9509020311661394,0.12988699252426628,2.711165657337623,0.09905487729542062,-1.6500540078623405,1
-1.4239761725525923,-0.38723951091304476,-2.3370946170434186,1.983648209164154,-0.7601284132174722,-3.9413490318341786,0.603429387683258,2.8328470063446205,1
-0.04911840335636175,0.9277926338753527,-0.43485614372708425,0.4991704897888365,-0.358534954980195,0.026352782105263595,-0.2355302206890922,-0.7227277176536911,0
-2.2726369411972325,-0.30937288875219576,1.4854056118226007,0.22207777842957466,-0.9780663415107361,-1.4038139704628985,0.8518696335748305,1.1699508334246238,1
2.2263850038854174,0.46078240771441603,-2.4542134406119405,-0.15052263699878754,1.13311695214275,-0.5725145398955378,-0.08273653177863621,0.09015402659024785,1
-2.5492791398717825,1.338625770532687,0.5385631044302948,2.8311619342669454,1.0889533071434003,1.352391390468164,-0.07842116711196148,-0.9942616909934032,0
3.2023572804570013,0.20512397585982117,-0.8419078643520627,-1.6655325233173923,-0.6059456717982182,1.8270387470495817,1.137349767947586,-1.4512957025017204,1
0.35758273365237914,0.18182628758025815,0.22049053218281545,-1.4076159329177589,0.30897239951483085,-1.5545891384503574,-0.10786499849294615,-1.4304857849381003,0
2.743384543717207,0.40367719835814314,-3.468998063374813,-0.3931464945373667,-1.0787690494641158,-2.062849573638718,0.2749429402685834,1.1492631611964705,1
2.8043973649523926,0.8872761899575836,-1.8309345520269433,-1.2262785693353158,-0.8580333032943983,-0.2043526884929644,0.46926780250363365,-0.24572330430061762,0
3.1032509157905626,-0.4276492938756928,-5.09554128106268,3.410215261308992,-0.25229150925071564,3.1338614420360464,0.29587961697246684,-3.7392363579398396,0
-0.45426939927036225,0.880880532462236,-0.8350768503071719,1.9931080804802583,-1.7682149870183037,1.3730071693118242,-0.44444491150858023,-2.109750224922247,0
4.08553353006401,-0.16241798518944936,-3.090441727614756,-1.4135125208580273,0.24129696856153993,-0.4094401000018888,-0.04615186224215982,-0.6120980749251839,1
-2.840653576159644,1.9998140670142204,0.9182890037569396,1.4045402050095899,0.29912338933634164,-1.4154081915939996,-0.5862412622696921,1.2787516584677114,1
1.6641580696341731,0.42352163974679496,-0.3860155076928824,-0.607788112955336,1.4668990692847976,1.5643202240591816,0.010577530822248776,-0.5779540531108502,1
-0.05228495945738935,-0.1151226745585513,0.06350938474340473,0.3744353994413404,-0.3904243601506208,0.768723294256247,-1.1162034490795634,-0.06527199682206963,0
-3.253849850800587,-0.14028146638495378,0.6999859301040876,1.8471189878942176,1.3209795834699365,-1.8549192222337396,0.30183599049436005,1.1565951204263527,1
-4.091768082759936,1.1450322319451225,3.768659605848833,0.40644162757736324,-0.531864690022896,-0.19843847917324675,-1.7285188259593554,-0.38390027915977565,1
1.636469691688535,-0.7739438958628603,-1.4243404826561497,-1.6813608016539219,0.096865535626178,-2.763768923428628,0.322340444477964,-0.5729231348415144,0
-1.2258608921120908,-0.6730019204499683,1.8658602013067287,-0.2926255197678862,0.35403562721038834,0.5570112236120146,1.43041749840225,1.857206229744958,1
0.4242773708956177,-1.5038799073553144,-0.7577878764173648,-1.1428736870833656,-0.06443164672184876,-2.9063143521359898,-0.4724963609345685,-0.708501166730187,0
3.5595575991615975,-1.2552699762697073,-2.729852614887143,-1.4364276539021534,-0.5615256598316835,-0.8802716283339678,0.5471593531658243,0.6701046364610697,1
3.0368347203766675,0.5931684765688972,-2.2612453853725585,-0.9457040301092132,-0.911653137310675,-0.02108865594038578,-2.020734278440074,-0.4544406252545903,0
-1.1197107714648336,0.16932259486106138,0.4124086827304262,-0.28608364072418757,0.6259589382482353,-2.176572881896704,1.1917115359729493,1.8897626845487099,1
-0.08362105786076568,0.41757021756736673,0.5204265288427454,-2.634637480263208,-0.9353059551804005,-4.348665015225592,-1.0497731582606398,-0.9903077674541687,0
-1.1275274767406676,2.66342737747665,1.3362205040799024,-0.7109476509602819,-0.2447809467246144,-1.1468214669602201,1.8336086584279172,1.682806420783148,1
3.5822382942470434,-0.5551721271057609,-2.877225632564021,0.34690736345892526,0.41131915322783275,2.502283219985667,-1.7509586051790058,-1.600301068433819,0
0.1148180007549966,0.23753886359377424,-1.9449759884782776,2.602924159574112,0.13461801033868986,1.5178991618843578,0.1941728781510813,-1.5251957511979224,0
0.9147712965947399,-1.7991719538158402,-1.4571356960132849,1.3009005982214392,1.286104027802098,1.5782396825052962,-0.740266424139329,-0.20232671680553216,0
-0.40069127631033274,1.6458229332184187,-0.9513076009159798,2.030633914470584,-1.6326560065470286,1.3059564105743005,0.8572554326435291,-1.5154637040552705,0
-0.9066131243528202,1.007648027585613,0.3087581171079219,-1.575366276488474,0.1605197636034175,-4.412451835990713,1.9896233197859403,-1.2356780298676209,0
3.224953182254277,1.4717482197188148,-1.9064229403579642,-1.175346268595001,0.19154795349893228,0.6548655459069241,1.7775448834776502,-0.7101694010588132,0
3.3762168080281594,-1.0175039658870488,-2.333031613872043,-1.1315962339042482,0.2092731643008428,0.20957652938156313,-1.2360006226208908,-1.2487369641042807,1
2.230930271785309,1.3630331471275958,-1.2163881642564616,-1.7912177068044666,-0.5108347024780763,-1.2993773813906777,1.7793893076042426,-0.2715658377399338,0
2.970918110353031,-0.2777943273304398,-1.4487460297064052,-1.5273951820251765,1.225395232859673,0.3771234975713398,1.7364428047662932,-1.726117858670048,0
2.955116822227562,0.832084624950597,-0.39680188886099,-1.9389266193935057,0.36903120613637835,1.648682303120919,-0.2107746502951,-0.9842927165892574,1
0.7145366383208527,-0.07369403195518695,-0.7830432344041017,-0.9912865109289455,0.31873185210296323,-2.0183155752268416,0.2256850727399708,-1.2639667208896292,0
1.1241141584914445,0.798130211195984,-1.557977953859579,1.1375877524996303,-0.27082746953691056,1.4881177128498606,0.5538012685132142,-0.07127367731261747,0
4.4334622912385075,-1.267793205278753,-2.041507332621009,-2.646864268861566,-1.0401041022221145,0.00677512227794308,-1.372911690055594,-0.42201070336137614,1
-2.1352356413150746,-1.4156140435920086,-1.1184274916446737,2.732907787526718,2.2816109693836917,-1.4639537130681128,-1.2886117943651316,2.6643160736289064,1
3.371243706550331,0.12290529426262319,-1.48902204784825,-2.0561480461150383,-1.0202560271962529,0.027403765342811415,0.24820901942347595,0.330412446001231,1
0.6584423456986281,0.015398121111137628,-0.8450077381140695,-1.5763445044810758,0.6787395532205971,-3.4654370792513403,0.0412749393430394,-0.26328997225129414,0
1.6386926021888784,-1.5618444500152104,-0.47616417207695916,-1.8677941466085148,-1.4426325942314986,-1.1553589961557849,-0.25871222738069843,-1.7628520111596524,0
3.2123525997540594,1.4762517748494979,-3.247917713162437,-0.13991211419185823,1.4709797091145924,-0.029770008513731128,-0.13365938538281646,-1.218736883766431,1
-0.30873210883587765,-2.555492061676303,-1.2137736194276039,-0.8076263909920263,-1.1268089736075335,-4.76929425472976,-0.4115142451097606,0.4631039599021596,0
-1.1110463396686314,0.7203813157705953,-0.34447543193704255,2.3879300481297845,-1.1592761814685033,1.6934483408834757,-1.0106636588805233,0.14070989720583937,0
-4.8353167608039405,-0.7462121846533528,1.22708502110218,2.759965449888627,0.6714624841228019,-2.2971198174634457,1.5699943507399552,0.22224294160922653,1
3.677801951984192,1.452356401198965,-0.08732730926446641,-2.3897524318220036,0.13282423434121765,2.9806566319048704,1.7583607121968916,-2.8434934914191943,1
3.253162120604109,-2.861492372713099,-3.6884571269543436,1.4983916394255754,0.3856924471751819,2.3689033545753464,-0.2567450232526448,0.749853608770078,0
1.6134254273907191,-1.0937818534942865,-1.5686585942661826,-0.9612206236009706,-1.7407904086290025,-1.6637790078277597,0.5356578151048499,-0.7316320716312553,0
6.010368588732444,-0.07948537680933128,-3.432572565144131,-3.3924202058377837,0.3329877325113811,-0.9531750957658873,0.534734656037554,-0.7577111264227598,1
-0.7739008446756585,-0.9739649065096285,0.9073616455893088,0.10971329332587487,-1.3334302171464123,0.46461997996693183,-1.1592984381428082,-1.3023346708676296,0
2.356729043292483,-2.286848210523642,-2.617755661893363,0.772044009482921,-1.3316706827909142,1.2200124348835288,0.47287573357629464,-0.07006022449875338,0
1.650901296816489,-1.4396981645852094,-1.727143180070939,1.308984241132431,1.061705192888064,2.6122011092608854,0.8170665367316424,-0.1867172226218603,0
0.7408134717085276,0.20179043158519003,0.31421825564246597,-0.7755766377685565,0.9033487486573234,0.6473831644165732,-1.296408304090372,0.8111207427230449,0
0.367431742236897,0.5635093291886106,-1.0148616802432169,-0.34150954182036153,-0.4602756416482977,-2.075065876510807,0.795771392366951,3.2184602478242823,1
2.4582374229914645,-0.08201353992087752,-1.402165213666158,-0.5782663143623181,1.9190163361802517,1.2687448913060773,0.8572279766521721,-1.5086855647766644,1
2.418334236631562,2.0265754136112673,-0.4696197975166865,-2.6599173144958663,-0.9995705122867118,-1.0774183063167964,-1.6443744412371393,-1.2680429632129928,0
-2.5078676479372404,0.4108458261054168,1.9683921100243178,0.8653411282762438,-0.05715057866706893,0.36199749809459414,1.0437870512435294,1.3488257072422771,1
3.5897346079677876,-0.6074342260785449,-2.984668279581098,-1.0394735284048755,-1.1159177072462396,-0.5399623933885841,1.9855345078343805,0.5543322307261662,0
0.6797152413111415,1.236798541352808,-0.047577730623822756,-1.514738423918615,-0.8732775223242264,-1.5997690514788845,0.5367749858839078,-2.380461184502626,0
1.0513696216226587,0.5220186105991496,0.12814103908689245,-1.9821940365708657,-0.42950584473677855,-1.375390855285598,-1.1864165297170102,-2.585668880861575,0
1.3169403099951202,-0.6439016454725994,-2.7779950976721772,2.9409362895103888,-0.6911840706855457,3.0308534312690214,0.9599450497226414,-0.7697140285786956,0
2.113935888599904,-0.25971689701495076,-0.23295651461197098,-2.517745374954412,0.6350146860713466,-0.9438731146629634,1.4297698159135177,-1.7404718748276977,0
1.285186440483833,-1.1205462757794566,-1.6726847947235213,0.9568073816272824,0.9070644425600894,1.2548963518400653,-0.5078437568600012,-0.6765522194323622,0
-2.450554363913626,-0.973205105780594,2.0279651442059325,0.46141896590757314,0.61371049292461,-0.1951729338905166,0.568144572673465,1.1572149432477616,1
1.4227549409738804,0.8340324662727685,-0.6372767347449201,-2.3887887096851537,-0.7844433330656392,-3.0260739308419495,-1.9604418253683429,-0.5112282440102965,0
-2.895187169786067,1.0861347767459903,0.014115724141148034,1.688435647076695,0.8025021246580216,-2.815470119968092,-1.5349662629420144,1.3493148848708922,1
-1.01839527000746,-0.11718523125540499,2.6253888324823267,-1.3354924771911991,0.4660512488705463,0.4800099116094947,-1.8978721559381528,1.48952628311691,1
0.3555133952609162,-0.03707549416747282,0.022806323629065428,-1.7915026953413555,0.2616343777027056,-2.739856349366985,-1.3768970417896995,-1.1319559521962832,0
-3.8046743669480225,-0.03586544686783971,1.0950913438855532,2.3933444975164737,1.4236343562991731,-1.124210955665189,-0.8256763881691843,0.9596211887453756,1
-0.6002235391463623,-1.2845652339710558,1.2554879674965254,-1.226098013059956,0.9271150585058052,-1.2217247400855273,0.9116114630027728,1.8469956528147367,1
2.0797200956677573,-0.31534590730651935,-0.1257254896934572,-2.2828288827413563,-1.5804618813635296,-0.29797102141419896,0.9515895862295901,-2.6989269960670694,0
3.435571139025626,0.5965343314917344,-2.363149950963442,-0.8723968114170151,0.27802730333943,0.7878123212289394,-0.17155163904828444,-1.0948447491265896,0
-0.8806344990352328,-0.0323658376118751,-1.780558136939084,1.9490633927003347,0.42128902179860234,-1.7297639233006321,0.3862012999416566,3.3567350693284457,1
2.8122618292072823,0.7293167305871948,-1.4975396078396994,-1.603088761412627,-0.0632255392090597,-0.30088227746259033,-1.0089023878062129,1.0893672484236439,1
0.5765358874257032,-1.1414418675406839,-2.456176851587169,2.5157393848088816,-0.20658369782800381,1.3111713017451112,-0.9655420561868867,-2.411217997785157,0
-2.369266004491857,-1.3957355060688097,0.49912172600099725,2.7351416828936976,0.24498771517251056,1.4754624704989658,1.1469782824743313,-1.3633297511310776,0
4.322886155933708,1.7338575434182968,-3.066227489194752,-1.967158069465761,0.7696328130471406,-0.99511325762066,-1.0965640647330295,0.5024759894362387,1
2.872911287540643,1.3765724333235618,-1.0626723438610903,-1.356806427201201,-0.8556022218077409,1.2993779414062792,-0.5425952083745458,-1.755881803334708,0
-1.0035853210475447,-1.197232060875088,0.7678775749528728,0.630943357302199,0.08812376955137782,0.6888068007543048,0.14537322483860557,0.04441232359890401,0
0.8662020757647366,-1.2183645437543407,-2.324231202103686,2.779219969385063,-0.24353186709220243,2.657210578462693,0.676941013127569,-0.23721070416292234,0
4.3818594157433,0.07899987275231969,-2.208149867927439,-2.5533897913686827,-0.22421555060518417,-0.2590126796534149,0.9780584703787915,-0.3660039176048203,1
0.8156937580064854,-0.11079995222011184,-1.666542141710603,1.197843465192959,-0.7146162589024936,0.8098783955452871,0.2670095256804177,-2.6582496157650857,0
-0.6712476005181194,-0.33080770497722684,-2.2593110644007925,1.3261240096550229,0.8901134004564039,-3.5015372674483958,-0.9612585424295467,3.1811877210407284,1
1.043878203408432,-1.5709174408478888,-1.3546491496838062,1.2282002620459276,-0.010880093506318774,1.9214800558015475,0.23648553549802737,-0.31496582686670316,0
-3.2301582825814057,-0.9503302900090438,0.9400003359462534,1.460767968560934,-1.030286402586011,-2.0794269231534015,-0.08723364216043743,0.955557548859777,1
3.3444736523337797,0.7093476093488155,-1.5753108672543275,-1.102030042394623,0.8909127260703953,1.8050880777470244,-0.919767159901352,-2.989776308247369,1
2.6102359298960196,2.225210664386909,-2.56550765419901,0.5027899652579675,-0.5114325708126113,1.3284221014296718,-0.13251772398110415,-0.03453015036806262,0
3.131057937920769,1.3601194289114027,-2.368183008245997,-1.0416333174279617,-0.20277289388253594,-0.23900038012445357,2.8263688769693722,-0.18311295165136432,0
3.392751104086069,-1.3286396483880927,-2.2425900256733895,-0.9046502028923323,0.8331776411394392,0.9105391427038241,0.017983402516575823,-2.1134682078229705,1
1.1218880668978255,-1.1152549257506315,-1.7690685440398257,1.6109778819816358,-0.03228369730345445,2.0251825733924864,0.17699221092223072,-0.9413975288494688,0
1.1440076535771313,0.11568881591324147,0.09450446641953691,-2.283108304776731,0.9639231154878446,-1.8607464929027255,-0.7631374916631407,-2.17850834292189,0
1.1125670717871876,-0.6306454786812125,-0.44259050370947195,0.17844995910957406,-0.8251668462234583,1.862781677743055,0.412110944474343,-1.1987102961766065,1
2.488047001472437,-1.2114415140438226,-1.063856945490362,-1.6107916064011094,-0.5509315688649992,-0.016754121510929698,0.038598032157294494,-2.2317378212645287,0
1.8134682311535164,2.162249549348843,-1.9062955338853085,-0.0796080071020373,-0.7032442842006443,-0.19166520893395633,0.9347608479825699,0.10275206165638906,1
0.3534629033203434,0.07693059121042777,-0.15738481786476388,-1.1808558795696604,-1.1768955466627034,-1.8317055115019687,-0.02524342006795632,-3.058691673924545,0
0.8359544926867329,0.5262133215759853,-0.38437693551459995,-1.2578685553898126,0.6580433607304044,-1.4464963787366316,-0.1367490438372778,-2.2303872547085106,0
-2.5340350209240325,0.8909629637523213,1.1150802615167386,1.9099984415971518,1.1763479589634867,0.7336889956688768,0.13606700481355624,-1.341848417064541,0
2.463437878690833,-1.4399488435288055,-1.3122921617044505,-2.005637181619265,-1.9440494296292465,-1.4120201907097012,-0.39552470161404296,-0.7802479495612693,0
2.2426776062980682,-0.4989423319529346,-1.1997459372555368,-0.8717780342988155,-0.8045414841239765,0.589027052585079,-0.8656709397158172,-0.008081969705777459,1
1.9603915337946116,-0.40825935073331365,-1.9819945205111706,-1.2373923224668286,-0.7040447635104772,-2.3318081567649944,2.0501993920500143,-0.3796546241092146,0
0.24796247682738826,0.8819425348441767,-1.5743806290840192,1.429783630337879,1.1017560649693177,0.25946064611888675,0.4442986166090952,-2.9362953033836625,0
2.511660170703329,0.4117321054889081,-1.233847705651776,-1.6326561634538974,-0.27337749737770095,-0.3831220514418464,-2.6862112675459064,-1.4222589933444234,0
-1.3347553562887833,-0.6710855288048673,-0.5870730552147639,2.8368289228500183,0.312704856882723,1.6815674079982177,-0.6061359289224668,-1.9045340780160291,0
0.6458119971024229,-0.15165816161570367,-1.3675043831537514,0.02931796738239112,1.2379588212081676,-1.3221624029659313,0.4784488604292955,-1.2041891384111207,0
3.778165255046363,1.00049663649056,-0.9314099155847018,-2.617901305435703,-0.3713611070651593,0.9424264420054239,1.6038314218614158,-0.605267561975031,1
0.5716914871162018,0.161280453312941,-2.0067727142650678,2.146553417054103,0.6880558221772682,1.4060601416521035,-0.5482081369352808,0.0034919131329136377,0
-3.511264875017783,-0.20331226166506017,0.6536135075447896,1.635064861520597,-0.0232439850351388,-2.9106819846644942,1.180880574847881,0.7738246736463648,1
-1.3840341513988594,-0.41490023982058416,-0.5799731356086129,2.531776869729056,0.3458761369362815,0.944776999535591,1.7009483575989648,-0.7429985473973046,0
3.003887787903645,-1.2854156408044988,-1.4015912594617579,-1.6276877225671544,0.24805043078653272,0.28987176987198615,1.820878819453183,-0.021579284081371997,1
2.4984664306759283,1.4635849090469473,-1.494953469309112,-0.6776137075639737,-0.8265104959676501,0.9547410606570702,0.6499188740760427,-1.1417173985446256,1
1.3305726450409403,-0.1966927698722249,-1.814062071421651,-0.49841470753134165,-1.856043326869454,-1.85147391083347,-0.5193018440390127,-0.49544164107750976,0
-4.318324266723819,-0.4431330606024984,3.013559572807041,0.9258149851100039,-1.065420525284532,-1.1896492764932651,0.6667394348309131,-0.32530997359835223,1
2.4681050986732105,0.03648676634119924,-0.6402988483026356,-1.9618218927885247,-1.6411807388674462,0.10907689500701712,0.42563440377966866,-2.3536269564417687,0
0.8277107345511383,0.16903455486493113,-0.9337815221615957,0.38172066210125566,-0.059799262028206124,0.7087402430375759,0.09346656204024571,-2.8473695939724273,0
1.3936924013496543,-0.1830316598419254,-1.493267156495433,0.730425936226075,1.235086322270831,1.3970913515267096,-0.7541895590887058,-0.5581168294609717,0
1.6644872459122486,1.6687596009419283,-0.9302462825368913,-0.7474913125088924,-0.44861885347185215,0.18016588046158932,-0.4459851174797216,-0.8078490281495494,0
1.2827480085037917,1.318006763462094,-1.0861970711524072,-0.1509948421319327,-0.7326094332781293,0.18555915073608653,1.1120318520899368,0.8941259493912013,1
1.7020814354871154,1.0170579779563378,-1.5731447736265216,-0.08054816308437451,-0.3824554186705598,0.3188726785666267,-0.22445596031698767,-2.086508761007207,0
3.489171017321735,2.1427076314824185,-0.7908580477803777,-1.7112788231147045,-1.5744792743145146,2.4795660326202906,0.3073291662813744,-2.3325142137107315,1
-1.710011407812924,0.7059261627729202,1.5504846404147785,0.45238099701411716,-0.07586581998480449,0.3692584225439528,-0.42130956973292716,1.8243162778009419,1
1.7885441794299783,-1.7112424511350879,-1.6703982265014579,-1.1064347113487925,-0.07499130121125994,-1.7765026232716434,-1.71679737024283,-1.1120331658839522,0
1.363810181915447,0.7482191151802536,-1.2451033743178452,0.6644441729439814,1.277607382712714,1.6896045355537237,0.6605442890536065,0.05679121458206371,0
1.8407124327780733,0.1304191075093118,-1.0220832089304683,-0.8839530134519806,-0.3420320274653403,0.13568264930145113,1.028573723350865,-2.083613937082227,0
0.3112762505130562,1.1591538084272444,-1.0093320027384898,0.8475022095475897,-0.7054621137373859,0.39441104310095376,1.1686867542405912,-3.1968536207250247,0
-3.5773318342409706,-0.5921540913555573,0.4740014015777513,2.1766963565415067,-0.986047670343665,-2.344102482973904,-0.6612936987993531,1.0189049047765972,1
0.4807616006908388,-0.24270501571204475,-0.45205498938389566,-0.19760225978323898,0.47682023217888936,-0.40229469608500823,-1.0827625140531425,3.4561382869814556,1
-3.9404050160167134,-1.109474414789992,0.983900364405643,3.644563173256814,-1.572089269131218,0.9296826367761193,1.5877553788292071,-1.2721657661006196,0
-0.17348160786232836,-0.449041941519135,0.8501105582465072,-1.318000504134219,-1.8234194275558302,-1.3351284194428603,2.3096836560642307,2.202746890560718,1
1.8435234004831258,-0.3100917164852351,-2.002750576011388,0.9361353080672312,0.6297932145867738,1.7061758448495787,-1.093899290086807,0.07431078287873172,0
-0.3632273005377399,0.33610160251086807,0.912296775939248,-0.7345025782485097,0.7700170441952867,-0.45209190763105367,1.2108581094640385,2.378106409193017,1
-4.329970417992926,2.286524409914575,2.3685532842872146,2.0519074200746408,-0.8350077371559078,-0.2866727344626454,-0.20740140898786358,-0.20292787284344682,0
2.27597918333761,0.9382668096582747,-0.8950285562937064,-0.2872089773456288,1.2399359056347612,2.5479689497447198,-0.12210039013015048,-3.078020927083988,1
-0.2668822071699342,-0.2394121756845325,0.1820349347643011,-0.3405363010390903,-0.5466702424899409,-0.783363165177321,-0.3825288583789756,-3.002306486686006,0
0.07842047874067104,-0.14160203672353766,-1.5997547358519955,3.015068152400496,-0.9237978314205166,2.946948749803086,0.3433639012966413,-0.7952680885179795,0
1.3912201069474461,-1.4500515415149402,-1.0677464773793441,-0.23850506973478247,0.5695965140148362,0.29277524395996346,-0.46122962732716205,0.48119858575817576,1
3.187711720408725,-0.6634129242612378,-2.794744927154924,-0.7225197016189944,1.410587721028153,-0.33395302750511613,-0.8780465404656908,-0.7768755754348358,1
2.315961524431217,0.9687754254764691,-1.7002076800283912,0.7951862457121419,-2.122518200586131,3.0722219088504383,0.6565088007653083,-0.600842294850484,0
-5.8187456686141665,0.9776135772825246,1.4654238682174061,5.1201861169033736,-0.4889655598580671,0.8252318582038473,0.7697013143291401,-0.2818314708822556,0
-0.18557734331409975,0.36990370021433905,-0.5022782406002737,-0.7809462547438808,-0.11065811709027155,-2.9633501940076816,-0.30817850065671926,-0.6502268219533349,0
1.7558134667297003,0.28875965355206873,-1.0814303804581669,-1.001125213883892,0.210157047059954,-0.4114936855847935,-0.5309778640451468,-1.7488344761734333,0
1.3984804790608893,0.41841291441493306,-1.3955698045194356,0.7484803776996738,-0.19099717199523067,1.5998186998937318,-1.8770652208907432,0.8212204115508184,0
-3.5584037794156336,-0.6899549957917771,0.3234307495572233,2.541775780882213,-0.4022468662659743,-1.8891347788357629,-1.5256288845756893,1.246929643602873,1
3.2343843561807963,-0.46925097095928636,-2.19013981835211,-0.6839610684262751,1.9748235928842344,1.1375132678048925,1.2991035640544322,-2.6386066186323114,1
2.0954913272957265,1.1856347082423253,-1.4350698859075555,0.0935975148125805,1.1167918089079953,1.713822116507536,-0.1359522276216958,0.29114210260143136,0
2.96471707546628,-1.2815774590504725,-1.7468132019290021,-1.5987220755390212,-0.11350360945569458,-0.42431042764710925,1.362527369656858,-0.5758595336593696,0
-0.4269894257967257,0.5981536164630673,0.0526758998707928,0.1664404120619034,-0.461558124601412,-0.4009531814458278,0.4564882704860859,-2.2147515377537363,0
0.227212975233392,1.3724973372174536,-1.532218162961474,1.7625917751556517,-0.7715551100086139,0.9313952137840068,1.1177873348350917,-1.8172918903712172,0
2.372448676702205,-1.9568397314239163,-0.9175303257272349,-2.4304840009136925,-0.24133787247326244,-1.6604194255538958,0.10377052108075847,-0.38512023931486905,0
3.518595588746639,-0.8246305491888979,-1.408214571118223,-1.7942121069028505,-0.7899341772818036,1.075992768067382,-1.9803391947521243,-1.1171608747126656,1
1.2562938060552393,0.23565758798719783,0.12352076545982538,-2.605785253546239,-0.36614784080118545,-2.1975230908038257,1.0796717133883702,-2.4727349975576587,0
-2.7780114182026265,1.197561566854279,2.088119636704808,0.3802405650778359,0.9284336905510534,-0.8614973616836281,1.7889193511792847,-1.117682847537308,0
3.1130047105420564,-0.24367396509140993,-0.9295285026212999,-1.788811194234668,-0.22097332197255057,1.1930011063033346,-0.3356825319931539,-0.8829271329097492,1
1.8673204043634748,-1.1251412064715562,-1.2730686351123255,-1.3915163133564097,0.07590510564248618,-1.3643219761902663,-1.5297344781621638,-1.156848849878264,0
-3.029084359423647,0.4345202768279588,2.477018331105022,0.7010140316480638,-0.385441721114373,0.08347777461930272,-0.14789660410477606,-2.526164459278805,0
-1.1134584828406684,0.4260395319750576,-0.6663073444952631,2.643346393259493,-0.6714918804125037,1.5686311980123437,0.3564529140469915,-0.7487250151799149,0
2.8411015720543356,-1.309562592342325,-1.2694946079133034,-1.1370196145157199,-0.8762905557334622,1.2460333396604129,-0.4450250372559384,-1.6976835063170368,1
0.43166184305616284,1.7079485495561058,0.08094684600135671,-1.377510772001056,1.1208809822967738,-1.6067363285285152,-0.20339067286673,-1.9076062707355481,0
2.2120608148401013,0.9679955716684239,-0.08274798137763395,-0.8022572465735485,1.2149474693330387,3.0403388129149844,-0.2949295101688046,-2.986175251766342,1
-3.5234580363854695,0.9091831241939782,1.5003408213901217,1.4450352202000674,0.8900289869564233,-1.5823116608998338,-0.9063081375046709,0.686464184514043,1
-0.47885089481411036,-0.7795302802124575,-0.8930074124475686,2.3721059226292174,0.37533814708887697,1.9102375088770942,0.6772917318930588,-0.5398887431389857,0
0.2192394718959807,0.46118452594414405,1.8106988433462399,-1.8687698633971583,0.12294303138723488,0.36282567457327897,-0.597655628930756,2.3092652576793915,1
1.2798834468129618,0.3809367255561713,-1.6910680495215535,1.241710824611407,0.4759515427359308,1.7640727240007685,-0.4966301867107921,-0.31609820818370227,0
-1.6779389770670532,1.1675312151814792,0.15341938183552517,1.1598884248636314,0.4811350531688068,-1.0174409231711383,1.0167112225060029,2.2175101280870857,1
-2.231230564586963,-0.329375096489216,1.391504882482457,1.6383601726645616,0.436604378573489,1.360468979690518,-1.8569512772735017,-0.019463032079996445,0
2.804392066058606,0.635911417671009,-2.7640930252093554,0.8857852387953038,-0.12604366786472296,2.119287435220829,0.23857109228894183,-0.5845683820300845,0
1.7817301257737288,0.4447505307814653,-1.7957484803059385,0.42789788615527546,-1.065453972639344,1.0295005089887255,-0.10033439213529119,-1.4411925267776005,0
1.9187568775293888,0.3142250306759863,-1.631852573037009,-0.09252183026465288,0.6866526570439871,0.6559273479418972,-0.04774360166566425,-2.6844159256244726,0
1.9816359601151472,-0.9275356082486899,-1.0523740942802753,-0.5145030739201412,-0.4630451605218283,1.0732377270656699,-0.290081067384585,-0.8258647717286924,1
3.734995164214144,0.3238437234116266,-1.7789411580740384,-1.6904924659208391,-0.2413751724288295,0.9814760831531333,1.4614261185772148,-0.9457781095840823,0
2.8951856860118483,-0.07367658606879539,-0.9768226536188369,-1.4355544509479536,-2.4437413120160363,1.3444689882894787,0.9955765512128979,-1.1006364415964716,1
-2.3083109622992097,1.2601723245399261,-0.4289411495928961,1.6695631508113973,-0.03578711264144432,-2.525403210226736,0.006995946522723209,1.9297305127593853,1
2.408751181267533,1.0931921897896302,-1.4730349221567116,-1.203091934209435,-2.4948969142401944,-0.30554274821408867,-2.2356518297380124,0.8785400922875917,1
1.9116062353331111,1.3054958663753025,-0.7915473146767944,-1.5182032447144729,1.3582757351961898,-0.5294457651450696,-0.4529946592752902,-1.4418582916023022,0
1.3560212395672102,-0.0724344070056658,-1.2077975642093854,0.7948084337699591,-0.3598128481341595,2.038425160397435,-1.0969522769455706,-0.8534758840425214,0
-1.8004714917369042,1.014998777884022,0.837848857465082,1.5527066433423733,2.3749173168538267,0.9502217681737557,-2.004844687041461,0.8038949066931222,0
1.9097173136534937,1.480055522987229,-2.6434254846253653,2.089688434365291,0.0060432609585039454,2.8872377992521114,-0.36933325934236433,-1.339780622733417,0
-2.789344609491501,-1.87495239887418,1.8351219404094443,0.79778059648532,-0.3430535277996466,-0.6355775565665853,-1.6221655692081127,1.0160753543235388,1
-3.672915132698321,0.09104397069860187,2.892079366923204,0.9796666227720331,0.4384093855392614,0.025917319370525327,-0.05587875448938387,0.32810159254418436,1
1.6283132870256392,-0.7590697760905438,-0.8097752037997887,-1.492082381055358,-1.9155227160731017,-1.1327941061586952,-1.6631996768041108,-0.9989796536445016,0
1.6939886721188993,-0.8332328054847637,-2.316964992199128,-0.3163680337817053,0.23258613234332473,-1.736574792784257,-0.17816809029657246,-0.6268320390489749,0
-1.1451961109848492,0.6519190952741641,1.55855156159069,-0.6237124129960447,-0.5145985429315793,-0.5570963209464553,0.6935954081299573,1.7325622120943602,1
-2.90833156725187,-0.01562835735053659,-0.8614310173084065,2.9287499518426987,-1.0764787463713237,-2.1770850015919243,0.58890947059568,2.0526881287688616,1
3.143459355689153,-0.9758923426481396,-1.802060702116337,-1.1639160131192732,-0.3290791733520539,0.7450204112114281,-0.1370095546173086,-1.5935028471813206,1
1.145250648936954,1.6962303425235743,-1.1499095670592765,-0.9639913717873534,0.4972375030393549,-1.7854349640258982,-2.391147489849537,-1.5711212580978855,0
1.574650809839196,0.3747538732025073,-0.4034664445775842,-1.0032470171733852,0.33742427589026563,0.542897378970516,-0.48675927986069073,-0.43718598460098845,0
-2.2855565554276644,-0.9275289408526682,-0.1511151520152021,3.053446046829497,0.5638016995012187,0.8888991186200839,0.2931203056942358,0.9172807238879985,0
-1.0634529735339013,1.819285400934305,0.6901104127419719,0.4262035666690702,-0.25240147201900065,-0.08095329558407349,0.4350427349344682,2.3936078528501863,1
-4.340929089944069,-1.6290008878591067,0.721363969701994,2.9960167758553453,-0.3087620777110572,-1.8233518231995658,-1.4103695772416978,0.8135035794064065,1
2.741294644404929,0.7764277744479857,-0.5556734174309262,-1.6790911874168004,-1.903718269147751,1.4623554830816559,-0.8556093685765593,-3.3832875354053984,0
2.7211394161146183,1.6119443464363015,-0.3126007572692979,-2.3105293350185745,0.15402381721942565,0.6291618282963205,0.35975809370219697,-2.579816990132157,0
-0.3290725079902346,0.8042276995382526,1.875712609890737,-1.4312468046446003,-1.4777113193173255,0.20906677570804288,0.3203654398324478,2.0354928335766274,1
2.0634852886522443,-0.6039178958862044,-0.49048138491885784,-1.4045792694003352,0.380053899988502,0.6052786993525399,-1.2640205848647341,-0.4232830740563871,0
0.685488183669842,0.6689861898515493,-1.297955121783226,-0.585489765247102,-0.47298298388694865,-2.3013285224155604,-0.3550585821315989,-1.9274105804530899,0
2.1662289959009944,0.5169151546024623,-0.8341714150736073,-1.0391711140056452,-0.005621693600643018,0.8733114384154692,0.1668841909051182,-1.1021554972349772,0
-0.2966803561837775,0.2892732110858191,-0.9443583566184268,1.9516327149175257,0.16528439450757906,1.34056575379624,-0.2409888244686475,-0.12807517493130804,0
1.5008600702931325,0.43850961555949847,-1.340778527704353,-0.043412572817530304,0.591058020261629,0.3679262800047507,-0.052603792212337894,0.17417523178170446,1
2.920063646371049,1.0525931743720458,-1.6020902476036667,-0.9152311720032693,-0.35189682362315683,1.1856737386043024,0.593102095942694,-1.9531586559381728,0
-1.6759867893891214,-1.5007614857675047,-0.5639766306560539,0.8983923425404119,1.7234394807750903,-2.996820011957654,-0.08572700786977829,2.0250006294406693,1
-1.2441790306256002,0.621893962207979,-1.0203369439192755,2.964758913199666,1.0920637927503045,1.2184481876348987,0.6123297232415286,-1.0749344839849102,0
-4.0525453757950185,0.3361840591660927,3.3875717593055805,1.3960885386200765,-0.20655692255874594,1.063794566104004,0.46993888005285933,0.2551841562265814,1
-3.9165362577702405,0.059263162290103526,1.8227103983669586,2.7248895034135026,0.07829243150677101,0.8602918791939942,-2.002740135114591,-1.3519850493258345,0
4.90519300074574,0.7981602552574777,-1.7590182632861704,-3.175072886311102,-1.2268845934519599,0.5533762733179802,-0.36960506123547404,-1.0032460059453294,1
-0.28529205484852416,1.7951826891409621,1.0285869421790232,-1.1378647179010628,1.2780697116583917,-0.7605723577674945,0.6406272674842264,-0.600950063710646,0
4.691058259910566,0.10372826568219072,-1.3981553723681484,-3.0976662082927056,0.10048804642641991,0.9952760639423863,-0.7007351603459516,-1.1976041213842628,1
0.7443021823220397,-0.31041863016097065,0.9235493715995287,-3.0438201282261073,-0.944957284981406,-2.533348265792097,-0.22738268451507773,-2.34382466196638,0
2.7252750055125565,-0.2371753855891685,-1.0990050457048222,-0.7735374665670466,-2.1599744267815892,2.0993565836455113,0.8252634339756902,-2.5040244784358183,1
-2.9325769951351024,0.7070501619246817,1.7791688626073285,0.6634314296741332,0.8785874932293701,-1.317741899437328,0.603573098208496,0.8147765901915134,1
3.354078435978772,1.0774569597457246,-2.6632430693380194,-0.5483194618643562,-1.0995030673418908,0.6543470405569343,0.29249693129533827,-1.2963077752936885,0
-0.3044716259626694,-1.00128732761,-0.25251154528165853,1.0422405507268713,1.1639678234819042,0.8972775135253749,2.2197252216254895,0.6317388143137379,0
-0.37632239268423007,0.13555776903992728,-1.9780319467965926,0.8794242569237778,0.7947600584836534,-3.1905564948571987,1.2601125467527872,3.200163367510714,1
2.787722924004162,-0.41641850890448917,-2.574834972800882,0.6596102340354056,-1.1734284392760543,2.0714763206645044,-0.44543193949312554,-2.2640290367409643,0
2.258545010199293,0.9048470371871036,-0.603103086008903,-1.100649236351809,1.9628369551041487,1.4069928194404713,0.89054879171221,-0.6919682601184416,1
1.4572656585142547,-0.7939192823170048,-1.0140187503435307,-1.3660613332081406,-1.784809652056662,-1.6659626278302373,-0.520535671483551,-0.9199744374022509,0
2.838044524424835,0.6038605988337657,-2.186357700972197,-0.038681557194715,-1.6687970223674118,1.5751848587266786,0.44800699965400265,-2.187140800691502,0
2.091583666669932,0.1272518148689363,-0.758778423486742,-0.6362931806293438,0.5536758217385007,1.6964484916367244,0.11489220999915807,-1.8347278929809159,1
-1.770795478036021,-0.07004742096099462,0.8856481568581723,0.5532440923607423,1.2663378568988877,-0.9168053871803719,1.2207121452171483,1.7760861641342982,1
1.441944468838537,-0.6424377602816908,-0.40702293299614667,-1.541590324233016,-0.6995511631861377,-0.8077884431226827,0.322685953739596,-0.9344983929754238,0
-0.18937034811007214,-0.3806513124560578,-0.5125142583127508,1.20224447277323,-0.27587376532129876,1.044518502274289,-0.2486248745654407,-2.9822073757971657,0
-4.920540804139078,1.0617385112074798,2.215253870289764,2.9651670244683066,-1.1941166900196596,-0.05117587508977217,-2.0721743729263586,0.31824130424235486,1
-4.534525947602449,-0.20882414499352817,0.40325307432664936,5.396787459976529,-0.4622942418887698,1.995589212003797,-0.3592916208273389,-1.8676213463526066,0
1.366646620733861,0.0765573439434162,-0.7666090107548227,-1.6976414713006998,-0.851246611636641,-2.0083431600250754,0.967911790098064,-1.1656851832000767,0
1.720164806087746,0.06590781921052703,-2.235966374813372,1.4214573239064352,0.09932218403823917,1.9297763395571588,-0.9584321052513793,0.27498140970053364,0
-1.222665047813234,0.4955123572164233,0.7022737270896033,0.8567891556678017,0.47952750866877025,0.5971619661831616,-0.41214353480284704,-1.817178669247117,0
1.4422053536471995,-0.6279618866352241,-2.2214374569149733,1.394646704107162,0.5289090078115841,1.3562710371018623,-0.5955043934654708,-1.1045346705253782,0
1.345558410235282,-1.1789605799911382,-1.824105771640241,-0.3403117850985524,-0.1454879946772927,-1.5507284987808452,0.8288035601267857,0.3532500308124398,0
3.8000564819593556,0.7517708979708067,-3.0229575145013263,0.18054743115601268,2.0276214962490715,2.3732982368156232,0.594611507529627,-2.7719386799239496,0
-5.36490436715912,-0.7472476920081546,2.523347293230433,2.2533356668473195,-0.5342008171023503,-1.7634007942537093,0.03135750846084837,-0.5860530519594211,1
2.595129970908456,-0.7989496958369011,-2.6115292165696244,0.27763558492046037,0.21406957149030037,0.8029747376858987,1.0277995822041093,-1.6535536180900157,0
0.10370321777029051,-0.48619734272728654,-0.5143521225434559,0.2165726345413047,0.06773522396749894,-0.3691901374870965,0.27535997923299943,-0.9070684874477234,0
2.0481366117663447,-0.6960162205519673,-0.9684567294942318,-1.2639059892520734,0.3707757516194529,-0.0504747830381449,0.4285232957470924,-2.753466364063692,0
-3.2101115036066044,-1.2732472888919533,-0.25598452430737884,2.684870511334424,1.1964131893104615,-2.057492752298636,-0.833791063052777,1.6465353277671166,1
1.2692014502886413,-1.0902377091303943,-2.019504457619748,-0.8708455402797317,1.8208188803400989,-3.150859072874314,-0.011455886898284336,-0.3675330260426588,0
1.4730532217517287,-0.2876937887348491,-1.5629067085215136,-0.7458949500798395,-1.2450807879084775,-1.5104820113987238,1.269044485001615,-1.0704532677912393,0
-0.1420476388660017,-0.3618160890046923,-1.5116716986875498,-0.3116990396203341,1.5423096376659569,-4.036412832611771,0.17080952381800057,0.6132397757102281,0
-0.6995569631919523,-0.3786977576542616,0.5980892961222775,0.2397544073009421,-2.146139288355692,0.286963106078177,0.5124740178218848,-2.456058908009629,0
-6.148743862484084,0.5743903651572851,2.894786100943862,2.7617093402953206,-0.0005501575001457516,-1.6474581161163984,0.6430946388552329,-0.9860940345831619,1
1.6813806410150192,-0.024521117406713908,-2.153699544318653,1.0533781210128232,-1.0632033194476298,1.2090483256136437,-1.1084422154272142,2.5204929221895664,0
-1.2277624095001045,0.08751326060915585,0.20734600432023664,1.2868481762838775,2.3225658794280273,0.31944819687959114,-2.5201006813190334,1.8199916900641513,0
0.8165508023642432,0.4315996411481527,-0.44394764764832195,-0.7907902621715313,0.2986775415244125,-0.684529509998657,-1.2421720273924683,-1.9653816975078593,0
-4.242418428543219,-1.5952928806215314,1.6256599219482073,2.8500703771470004,-0.531949975672492,-0.05663736487446491,-0.7899330738623771,0.8422752165565801,1
-5.943013869713464,0.21334992751313195,2.353924888232715,3.251839094910144,0.6446812252849542,-1.350368417921048,-0.4028050545302251,-0.49614371640743293,1
2.80954540012146,-1.4760876378032939,-1.5234089609959773,-1.6057914949599803,-0.21412503109424655,-0.3090258577462054,0.046946501049352746,-0.6910615355525985,0
2.189441658687734,-0.11112337350698906,-1.420652047423268,-0.5115891919358291,0.6511931065471808,0.7661559962893147,0.07134847001112067,-0.725506897535328,1
2.588611535609698,-0.8253673640215735,-0.6958877116825712,-0.9714443221827556,1.1075136429851422,2.2235067531309696,-1.152139930740184,-2.0879070701788094,1
1.5881464564523644,2.0952660564375973,-0.9977885610845063,-1.557822194337797,0.38181954994458805,-1.7239705720682346,-1.4388314183678053,-1.3286443899194356,0
0.5014179472339566,0.1893567118137052,-1.0130579310345562,1.1681113133390528,-2.1244449789606703,1.339941680427107,-0.185403975968533,-0.2293245872651687,0
0.5700501890970295,-0.14324901630412007,-1.7155712057198906,2.6883882742484784,0.39972390439894123,3.065677102459138,-0.3448913920557536,0.48896384657713576,0
1.5378597026680882,1.282162695948976,0.06374347554864124,-2.4321256525961332,0.29603097512270177,-1.3927283024113057,-0.8595346982661727,-1.8132979782102367,0
-1.024816875742728,0.5631135271793231,1.517557602653985,-0.5806745379443743,1.0246964041062316,-0.3025331764789977,-0.4853943910939197,1.8737366077313742,1
1.684714229157593,0.6860871261141969,-0.7570135332532346,0.4831741271416552,0.20603560810640767,3.126984856413122,-0.6681727171915542,-3.6661000927591108,1
-2.2426241534366285,0.9020582467927044,0.3948604265871064,1.09094495492968,-2.1201221962915757,-1.8484454957638663,-0.36460827189775435,1.652865366721776,1
1.4153785970538026,-1.1158742350492263,-2.358251224968784,1.4832942590638933,0.4297142789125723,1.2482345550227443,-0.0807170021792766,-2.7524232044237014,0
1.6620019393654077,1.3847027030027814,-0.5784119308008865,-1.636404404082368,-0.40876988110574136,-0.8381927785698751,1.2421824536935697,-2.2104072622544297,0
-3.015366311159718,0.8545963609733931,0.5517236194876185,3.1902699146120845,0.26814136609721806,1.162694659579358,-0.8971094020388409,-2.903632244624941,0
4.2783626641630335,-1.603677081783104,-2.0214781045714787,-2.0202299859156208,0.8200857483589137,1.0082086604700395,-1.7750388583948318,-1.6619445399822952,1
2.074426575992229,-0.08509216035351526,-1.4141011551836704,-1.9787709230802806,-0.13253162542077526,-2.423782250166082,0.4696514862419057,0.09089326030710354,0
3.0512259715749335,0.20654985222193234,-2.0925440870596166,-0.5805723667774273,-0.0665464407870858,1.1464721569719114,-0.4466914392269381,-2.4317072137554074,1
-1.6210088262329743,-0.17566193198972643,0.4181685952402643,1.374197780372574,-0.1140776434103487,0.1594374262537841,0.3231778795162052,-0.5106345496298087,0
-1.2966563360923968,-1.2545610379138374,-0.05350322066105084,1.6985446712590802,-0.718764228953969,0.5125322145643456,1.3596200059831587,0.20861771311205457,0
2.7725552626601146,-1.0188049853249486,-3.1829169891931484,-0.3187574918107454,0.39826286333348887,-1.2572754072092847,0.1582442194847972,0.8413660703802377,1
-2.792101761215718,-1.7071177241521869,0.2584895571637974,1.817888395056809,0.21861750688099985,-1.8427957730946254,1.4324564876142998,1.5298918022117594,1
1.1739582477357797,-0.5858859928379201,-1.57198125838199,0.6947191183853848,0.794658277519189,0.779710299211217,-0.6718704045251006,-3.2218290774629796,0
2.4017159622481783,-0.47745272722941695,-2.045196604792875,-0.7362736115536779,-0.038785488974751425,-0.5587233646689116,0.6727112604086436,0.9157866926301048,1
-2.3332910668269147,0.5140499192485014,1.2644147851344032,0.7267933642816135,-1.8185063196736564,-0.9823418123998531,-0.9021061753449181,1.3597062693585824,1
2.1503189319874987,0.7380445293915718,-2.2503680871161484,-0.48714773417018176,-0.2840679601639946,-0.9684891605638158,-0.7147135011413625,-0.6177467706532974,0
2.742039913348246,0.5369761206998801,-1.8724872489814905,-0.7419688642415045,0.3045291187893566,0.5794163176851155,-1.1191637031894361,-1.322099952911162,0
4.633076069720449,-1.2321339266579934,-4.461656219867561,1.0630406091101972,1.4730401323343028,2.9215351627657458,0.10440103085195497,-1.1582810804311134,0
1.7081475612946604,-0.7519436616650478,-1.4887071763221393,-1.0114213844116176,-1.7550309105386703,-1.396070949947725,-0.21593036934972118,-0.8104026109626057,0
-0.9620649298523145,-0.30381479790209515,-0.11834695451529553,0.7840537453736802,0.2874923602288157,-0.8114527550673275,0.4479005340474861,2.6742887915699276,1
-3.7007903519247503,1.5299331581033604,0.5634787797452727,3.1857864755179337,1.9099866264016472,-0.3155672798473155,-0.12736985938927653,-1.9142853283859829,0
2.360437078891606,0.7267729782861865,-1.334180095947039,-1.5969191027046385,-0.6792852469644861,-0.8566566564617083,-1.0539396231893305,-0.8754973071813065,0
0.4993095096511611,-1.7171984598926184,-0.3887777318630895,-1.9185841253760696,0.7014717166517581,-3.5536489380853196,-1.2234580325065645,-0.338133031742877,0
3.675243615098347,0.607051751075836,-1.8946830855312948,-1.5346794492002263,-1.4123031442468132,0.9483350821900564,-1.3718524508261911,-1.5693563381660611,1
0.7728579147391244,0.40069577797821276,-1.057181809548533,-0.5279664074572069,0.5509366497987336,-1.5068641624837076,0.026736097019388894,-1.951683680961232,0
-1.3214182423534397,-0.46301780208395865,1.2481746267230096,-0.19687619799673373,0.3336975478346419,-0.7177753494207857,-1.94777510852466,1.832378210822633,1
3.4784827317570017,0.3880737337864254,-2.7493965798843423,-0.2353145643021246,-0.811371103022795,1.3654985285200072,-0.08864778279769787,-1.180263438437356,0
3.1758070340510782,0.5631792268736323,-2.7923584894430724,0.527675640786931,0.502718963161704,2.127433736976527,1.6848785971827147,-0.24427749232240037,0
1.5431310105970804,-0.445603125836545,-2.4174663387388344,1.892611952353839,-0.7065712846963044,2.17257439851622,0.6449006262081723,-1.314866212861228,0
-3.6298930858669336,0.5302746130755317,0.48289217468841805,4.486122043868266,0.9917502361421581,2.1687925811877005,-0.39647381341454435,1.2980834884725725,0
3.4064770840682437,-1.4460277139444149,-2.6361503044769137,-0.2635296470598717,0.17969576871707055,1.457183402057403,-0.4357444034619903,-3.4114237872050346,1
1.5777636943946567,0.4690395934474649,-0.9757033242839195,0.07552092287336265,1.1028407107335445,1.5609001713637025,1.1506966966965233,-1.2477932864573242,1
-5.33367442860092,0.7493042260710482,2.418904668155447,2.5133394911568816,-0.8616147313794714,-1.3977892619196677,-1.2199526844168147,-0.3605388471784572,1
-1.927129900533919,-0.06411169644009337,-0.3189487816228649,2.7385312295343516,1.1211847896703022,0.7764221029609171,2.5769197510413147,-2.1202493706124783,0
2.427185877556305,1.371821704447613,-3.2334207546248335,1.594716687052614,1.3281867147017594,1.754839604369197,-0.044245330598487655,-0.04673649648788114,0
4.213327362176587,0.6687434026213949,-3.2050920034457437,-0.584238868355495,1.7418010474369607,1.2943298207963092,0.6411030370418971,-0.8729339605151039,0
1.3021750090180104,-1.5253067015949018,-0.03705607138083944,-2.106004495616585,-0.2940237382411192,-1.4333449356028511,-1.1150966731913972,-2.3388037998191544,0
1.9508584206980517,0.7380714677123451,-0.08125438355539916,-1.0811160124157537,0.8005120398998542,1.872304377223256,-0.733899366832089,-1.1874886833471472,1
-2.217817930390347,-2.423311051085561,1.448415403250688,0.6848854325104236,-0.39238804147479994,-0.38603981415103195,-0.5425853073235959,-0.4687423564354096,0
0.8805146090701442,0.09052256546343859,-0.05962084897480624,-0.5742689179205411,-1.0723141649873387,0.5995253571579399,-0.8673671270789272,0.29491493489910225,0
2.946300488914442,0.04842645721508445,-0.7325177864430141,-2.408149500260494,-0.9283864541069922,0.038133133183842816,-0.36642668063308914,-2.019638755311917,0
1.1325084761271573,0.9239714278716225,-0.3636387532879326,-1.6765580115151784,-1.8887237159105552,-1.6361589223689013,2.093348260558523,-1.341683327551961,0
1.1748825011432262,-1.4363761021769448,-1.8219664591685234,0.9974986210371762,0.7280751695052642,0.8007109186006223,1.4154732431894113,-0.8377001504661388,0
-1.9375091576023207,0.21284816860377934,-0.3346320855310154,3.0033448122683337,-0.46239341676422757,1.1942054838668092,1.2453579650170814,-0.29818307884369666,0
-3.7605297614073447,-0.31244642664601463,3.6547381874214784,0.42491822108130206,-0.048357308325206606,0.30151373058067255,2.2337624750976253,-0.04439952630781274,1
4.252372240167625,1.347742450087041,-3.0355378012087186,-0.05421584725775652,-0.5929919940473262,2.7958434975540003,1.1992896030668616,-1.261147820317259,0
0.6431254455171841,-0.17349518105645428,-0.7931505461059669,0.5264268554985544,-0.7720020403824981,0.8154546033706769,1.4206670341536325,-0.4200871521671853,0
2.6148222896496467,0.40368670517427485,-0.8455374771900033,-1.4605639347196175,-2.4545349068193487,0.937571836223832,0.23298582011103414,-0.23323201108149627,1
-2.626300416989281,-0.0746016820098755,0.050846856654788386,1.5689006661276401,-0.47753768863612,-2.412205912763379,-1.0805427683977045,1.558425689022729,1
0.40604842822331366,0.21458842888850235,-0.3112975917319787,-0.7940923486563188,1.943583428819606,-1.285874339184778,1.7672390710395363,-2.2756102726176786,0
1.7555283732294136,1.21934949028985,-1.9944906612996638,0.7713122296021047,-1.1909074306403862,1.2616279110760706,-0.9158825671043479,-1.6981339146436114,0
1.6968671760273804,-0.010261324056122885,-1.7055471043878399,0.7004445126618987,0.5779282260853302,1.5863745996723644,0.6164054575776785,-1.7198151924967822,0
2.6319067685990003,0.8639493370024401,-0.8016584564135034,-1.6931147879618944,-0.20570500072019013,0.584504796538885,0.4246539684493019,0.22701751780152635,1
-3.823726945710322,0.4032625026706798,-0.22634921677762265,3.1583959772872845,-0.05462333372487333,-2.3495154083613574,0.7300360134867561,1.3269280981804963,1
1.7593814064150792,1.4918569328368507,-1.6378493367340148,0.6540779274755407,-0.6034656069056843,1.7375753520673465,-0.20946711485718833,-0.8311523700124086,0
2.148943479033954,0.050632074949771864,-2.4924560769591624,1.106119046878371,0.10645441032767002,1.7817196401814095,1.8525503160996781,-2.6502142131417408,0
-0.46878927406143617,0.12726190139880386,-0.506120647139699,1.3105432980714598,1.901123805040806,0.590149423795516,0.8469606592638066,-0.18862971956743624,0
5.3198248685062755,0.35693292221320616,-2.164553274483899,-3.449530279973467,-0.6533920779301551,0.05040371746543815,-0.18539354668469457,-0.6934027271525205,1
-0.17952983256146343,0.18708557513209015,-0.5500659038294505,1.6567910538848063,0.8536214191805412,1.8694950977675249,1.353408512261953,-2.101215437282311,0
2.5815700836860316,0.2640305006035483,-0.9419893244973827,-1.1584908628435229,-0.7933140409169745,1.304084393528164,-1.0993899516381171,-1.2183075351560344,1
4.066130971475214,-0.07474620174875486,-1.834910455289469,-1.7453355545513771,0.824296077685584,1.5137095718726272,-2.172423639102823,-2.5324822312874997,1
1.3892003117537466,-0.40839632953604715,-1.2679545066813247,0.25640896633040233,-1.5079677793707558,0.9071505931442443,0.13845468297599328,-0.7580274614780314,1
-2.926271537644485,0.4083400536993086,-0.41850328389414027,4.351909193977172,0.05246135495478607,1.6483417508390654,1.1924715431399304,-1.5637532679518908,0
2.698782892194661,-0.25920854196476417,-1.8124764175641435,-0.5030250088564188,-1.4178591912032477,1.0765351380007129,-0.6077387518574343,-0.9763554380711997,0
3.31544188516586,-0.16987705901817832,-2.4525881854529183,-0.45441450390711857,0.36171831000273014,1.2118859967033673,-1.655048735094523,-1.981338940852542,0
4.0330697444884205,-0.2521175104774515,-1.8103056886194722,-1.779970580574779,0.8891809605054769,1.4153796539755734,0.2695414780713415,-2.2495872580309513,1
-1.8501992514704775,-0.6716762653279937,2.069023797853748,0.33210855176039666,-1.8927802776914266,0.8967406095887667,-0.9326360186605906,1.614516592360648,1
2.582748057593235,1.864848465370411,-1.7804913105310307,-0.5545243012724582,0.4208844739317143,0.7858452769439692,-0.8043784426700031,-0.7973486265848273,1
1.9713864051124457,-0.6542084695327084,-2.091001735974398,0.25557014246720366,-1.4195989634559774,0.4453222349396586,0.7071762874138633,-0.14870676067607058,0
0.7284159588263555,1.4757999475823749,-0.8197462041976966,0.7250290412864847,-0.6841933928473997,1.3379334412196062,0.4160815193483018,-0.3558808994199544,0
4.296884982172383,-0.635607649196007,-2.9833601147938653,-0.5744603162555468,-0.07715044037892214,1.9258201231464847,-0.6005326315529376,-0.24546327914717658,0
-2.6952663573095066,0.16770336697494134,1.7154476535250087,0.9209667445840299,1.8591597201241183,-0.43803050727136106,0.6595048293558887,1.16367345976653,1
1.16737905199159,-1.3916956136314147,-2.366058054405367,2.114790289875999,-0.5401585730122045,1.9183621446382437,-0.24781980051675098,-1.2585156815359082,0
1.380449678593546,1.3861082358317889,-0.26518980090341837,-0.4279888839454996,1.120990319739804,1.5535210045756143,0.9336792716449773,-0.19712388331225084,1
3.2036977584228827,0.25212050165273486,-0.29120456219902735,-1.7990335438613194,-0.745172804805161,2.721255953130453,0.4753704338535844,-2.4716846268311428,1
2.5528689264162523,0.48937442055702185,-1.5214834307963216,-1.2531289360932114,0.9694037164570608,-0.15961480072180478,-0.4774033283482629,-0.3162804174361863,0
2.437483664414837,0.3298894203779641,-0.5827943829269637,-0.6016302767351701,-0.2627612778586437,2.9114971017051703,-1.0409836509547954,-3.361654233517462,1
3.3348252962760645,-0.4953455868800644,-2.155439679170925,-0.7315346808285952,-0.4253872608847494,1.3172878917912014,0.3009968601031881,-2.3084139625300724,1
0.9363040899728796,0.09615678998629515,-1.26482131582312,1.082489366309018,-1.0306866688314031,1.6017520211623775,-1.9234372407919207,-0.865408247779079,0
5.779718712960985,0.6152465695088785,-2.537671444687669,-3.355416989733871,0.7219998417808262,0.5041568334019273,-1.7814166500332507,-2.205381183651779,1
2.8188616541125686,0.2573172913665644,-2.330589774428157,-0.27967048144965556,-1.2674208922448567,0.7009717962402053,2.5125788340651387,-0.3824141715909468,0
0.14897638427601734,-1.090693244701401,-0.38822241746947084,0.8209472926456771,0.3359501370394546,1.1699992893887097,-0.9950581409620681,-0.16838920047280204,0
-3.428691272798971,-2.1013154489940895,2.998600084673824,0.5613315345856388,-0.7210440066195074,-0.07073542324404292,0.09627737439952937,0.30904606177990024,1
0.11117438521538087,0.25669463949255095,0.3636974887534046,-2.5122485750024435,-1.044327677364324,-4.026215120841621,-1.0765816541572133,-0.44186282230300356,0
1.2757289063100008,0.29753863522024,-2.241679530574647,0.19678990162217413,-0.5525435283433527,-1.4795535473377766,-0.9568761773823097,0.3351271672776024,0
-3.3868882248800816,-1.1460393226991565,0.939037055397354,2.4201761161694626,-0.8419033956190338,-0.5114854110936138,-1.7135813252489926,1.3756874711716194,1
2.278575303175388,-0.0772922090808463,-0.5718005539520347,-1.6399364446820468,-1.769474778756983,0.4736199802077483,-0.7780069087398459,-1.8918062350464397,0
1.8442052335622812,-0.7384861391809945,0.6776892451338941,-1.1067476310972373,0.654914044650244,3.176760985830139,-0.44511024058274345,-2.183033728370185,1
-3.430897534001597,0.9039450466669837,1.0457777628560296,1.4376301380272403,2.2030064627717048,-2.331540150121324,-1.189548326646359,0.7621655639082374,1
4.322294506058653,0.4895591411871198,-1.027953612534125,-2.8495941834120884,-0.4232237327668238,1.4801667109499037,1.4680571331629568,-1.7954394652672243,1
1.1591642679636718,1.0319426969691123,-1.1784187436101128,-0.35330402311679043,-1.0235987781597666,-0.5795128367995284,1.2459348857769266,-2.017131281796229,0
0.2607328837938463,0.564181006861278,-1.6775182666035369,2.039507259549702,1.7520697995709342,1.204865267453496,1.0985582127853524,-0.08733286875495638,0
2.5667676576273672,-2.271704517999402,-1.850828618675135,-1.1189368481562751,1.2175110583523068,-0.5057740226656707,0.10766875570499862,-1.2535596301344893,0
2.2150714906337243,-0.4699374056132233,-1.2523284533587025,-0.28471055877407236,1.3978144789055236,1.5813402553612312,-0.5719804747663928,0.45597131754962117,0
4.11280189224926,-0.5075567276203603,-2.3849116856121984,-1.8334909664553651,0.06281534035563342,0.26584178270718484,-1.8144149530492826,-1.0504244556214068,1
-4.677618852484802,0.03772645981954329,4.829556899685085,1.231283244289762,-2.0823657900540864,2.369299004149739,0.21166672894748637,-0.3729387893688183,1
4.040001023586145,-1.3363904908480218,-1.5058338842104833,-1.9597188304730304,1.1271287845659592,1.7041538766994504,-1.982165604140507,-2.5879396015799694,1
3.6985619963908984,1.3152847450887883,-1.9121874613410028,-2.46831996497781,0.16203593917660122,-1.0037981795917206,-0.854354507062562,1.616235132276185,1
1.2429664194397239,-1.420160435180776,0.6622732620598253,-0.8293148730133038,0.541184974451444,2.36666857923396,-1.1069572655808517,-0.5794302376436231,1
2.1168337935596786,0.3682521625392776,-1.2908888167431682,-0.14892980039156933,-0.2951528510302828,1.634668665974406,0.10080883079926943,-1.7836293576771451,1
-0.11427046595023924,-0.49681396936700867,-0.19076325327498922,0.975636393235604,-0.6941174036451351,1.3255133690824148,-1.7415784260643548,-0.30123542306048134,0
2.930334517677896,0.11162122584345785,-1.987890704250641,-0.5539809962208251,-1.2459101487503248,1.112542670500394,0.05186107136385798,-1.0579476863214308,0
3.714211621898949,-0.44738742322401454,-1.722526189680039,-2.2940626159158812,2.343424969029844,-0.1932047766226963,0.6980962124960084,0.30816887991263253,1
2.2529515006313394,0.13898450854115516,-3.021023704732187,1.6610008927592694,-2.1445230250103458,1.9510644658313878,0.15717419244408162,-0.08274048545783508,0
4.059589348201687,0.7425406746003839,-2.6634171465948793,-1.541845599922563,0.7307426878338679,0.16792258603938515,0.3932718069115363,-1.1210967920522654,1
-2.718274860187186,0.3513986355672933,-0.3422637068819807,1.5359708118446762,0.14730940497980527,-3.4740594277807872,0.344741592375737,1.4303240203748628,1
-0.3235824279610586,-0.1341509627431582,-2.744038158620327,4.374214136773973,-0.7136091010375778,2.5180302004881145,0.7319148820194104,-2.4560267026091065,0
-2.040318689908435,0.9508858770725709,-0.2117652008759413,2.823984748418008,-0.41351975275847724,0.9427460082974026,0.3285064108308565,-2.687707522009391,0
-4.72547575053647,-0.3090340257045948,2.258446826484076,1.6675247380596963,0.44218362140268774,-2.120336737313946,-0.2696799617245212,-0.31318220073574055,1
-2.7864015853720296,-1.306686325580648,1.6912415607333013,0.9384786247721395,0.4689520021160221,-0.6451127948039657,0.7837448085542613,1.105143570542696,1
0.6142144431816285,0.2368039336465641,-0.8390410183170226,0.9686537476251716,0.05111150339758793,1.5098094378884317,-0.5189644076203587,0.6606593202815723,0
3.6011225941388623,-1.0156496247945532,-1.9129323962265485,-1.0505496479721559,-1.022320468180386,1.7672482256963264,-0.35982010370288015,-3.057730907842034,1
-1.9771319804257288,-0.9027291014805773,0.453316578653572,1.1275472787823557,-2.3994077443947788,-1.098506606715828,-0.32141996860288025,1.9435650939992684,1
2.751613845733573,0.7340552050032695,-1.4180626565045653,-2.049470166642503,-0.009619078495352693,-1.1062918005467774,0.8914961237160686,-0.6160046546067548,0
4.266952807766592,0.9032306211273866,-2.776960223656076,-1.0480709864183242,0.8932108930113205,1.3022126233856623,-0.3072025176002432,0.8762130627893054,0
3.2748076406628925,0.4608695960309444,-2.2904053460454374,-1.0630394964591976,-0.9888592025231775,0.20896743226147985,0.19850780129771622,-0.9798529122557014,1
-2.8746587979552762,-0.2829080288472456,3.436277246289297,0.38164087001723235,-1.4054227726535937,1.6324288437651504,-0.3119152556325995,0.7746988958538408,1
1.9133191078230476,0.7630106599178903,-2.1109351467380923,1.132889444811432,1.1064650543650993,2.018393242987045,1.1217690826838533,0.3509199996804224,0
0.8157355922627957,-0.5337581417267442,-1.4306806695830296,-0.6566397941891539,-0.9245915339447592,-2.4606044797807947,-0.9538342072107382,-1.1785282157443213,0
1.6480892383894719,-0.20554271013922737,-0.8017619388888839,-0.45266813306301024,-1.3751664896040974,0.9791506816136863,-0.7508451312315876,-0.2351554839229565,0
4.622817237521113,-0.26025668762132204,-2.875299256106991,-1.610924090369536,-1.7516113073051143,0.8733273448461478,0.48675654172923905,-3.5131002166384535,1
-2.129758343979416,1.4881630943468922,0.83051365717065,1.60809989703553,-0.15202098638476821,0.35744615839960725,2.275954683473312,0.35847188840476707,0
2.931351949700918,-0.3319386251855889,-2.7366426193350226,0.3791597415259267,0.4282808790075111,1.4572638390048567,0.47495401543053484,-1.3335282466557283,0
1.3379754365633796,-0.4012009256103418,-0.9587319482216363,-0.7092449964879687,-1.534579297380812,-0.46267218019734224,0.9252930537162785,-1.9385862496551614,0
-4.528655461752327,-1.7377935249071006,1.8753550938777044,1.9852377056111354,-0.35020854762294573,-1.8606502831602179,1.033386155138722,0.06279968879928677,1
3.2601522087284653,-1.080211802723299,-2.6517688923508054,0.2323148214730868,1.617166713161997,2.0222873484883843,0.7355099127158099,-0.8087657289463455,0
2.6373110151469694,0.1920544202780396,-2.3008079686791163,0.3845428979310621,-1.7691901221332162,1.7204817027812145,0.06381038788646871,-0.9686706485456593,0
-5.187166398325798,0.846372147232786,3.424827391660555,1.5713025511447056,0.7225848110332053,-0.9001522089426787,-2.000490862575225,-0.7067119529984607,1
-0.020962224745119773,-0.7788806735065258,-1.9152654710774548,2.6760807081259506,-0.26544077787201475,1.4705276127889282,0.3904836064827788,-2.6494331149142036,0
2.3534637789666664,0.13693590510265047,0.5176468612155274,-2.3429088657478485,0.11651880117379082,1.3882902206557117,-0.07996141510744925,0.26844459090451345,1
-2.7509161673335365,0.9079752556195861,1.09149605198398,0.6218749349891595,0.3406136636314475,-2.4224476607389063,0.1277203737393797,0.9105134415421143,1
-2.941713547695432,0.21129385287513572,1.5231957170111154,0.7458312072506632,0.4071692814353072,-1.6964141963542136,-1.6036871455773145,0.8287256760762669,1
2.787203460822462,-0.3354599969095467,-1.5702857238356343,-1.5376301246336372,0.37415265898707617,-0.33307330628254805,0.8962015846706358,-0.15788454844965027,0
-2.12258209391993,0.18322065530327244,0.5524149566519998,2.024625651547462,1.277535787825389,0.6761496060388542,1.4812186102488776,-0.9014810396013286,0
1.7903964325902872,-1.4716693438749684,-0.2736400598140307,-1.7505231257254321,-0.8196215945423252,-0.1661493053714933,-1.3584450186297274,-2.3058170967479894,0
2.447031658162328,-1.4045975727065831,-0.7760841289877161,-2.2692927377373477,-0.6133469826240533,-0.8636465174700906,-0.8744801983147179,-1.2209912787139585,0
-2.9565796954275116,2.107631328702607,1.2752862250970705,1.697039240451233,-1.141402351462523,-0.35095708762331257,1.7655300787106725,1.3688943258204354,1
3.93845643116713,2.3334715358969236,-1.2676331576504287,-2.1680806569497744,1.2196638509424194,1.5373353366326843,0.9751095905173741,-1.924754706039463,0
3.3161865992457304,-2.263802879712959,-2.321636343258106,-0.7466729695735019,1.030822372431733,0.9083033119883903,-1.7747586506490243,-2.336444993269448,1
2.573756717083823,-1.7565695953345155,-1.9386973510456358,-0.4897824137943705,2.241486785123031,0.5818490787121751,1.9189167415960504,-1.0932776250061063,1
-3.4956862388757868,0.2297939415545565,2.501056394316206,0.9718401847567884,-0.16558750147603638,-0.4149958965911339,0.11448615840724041,0.44834020940573627,1
1.2849980000967325,1.4023944645124369,0.3220258867060597,-2.0465838378057866,-0.607490963423599,-0.6275800859057367,1.0710333147226698,-2.0009454598440914,0
-5.756957372964683,-1.1870644006210531,2.1996793993046646,3.456636990999841,0.9538914937658454,-0.868274989505609,-0.3465548738231512,-0.21835136440848535,1
1.682835664434769,1.2615837655217357,-0.384587964618779,-1.3315993071649173,0.17020919587427416,0.22233194058256456,-1.0610366732321852,-2.5462576108694974,0
-1.4327627270628513,1.7576034920447288,1.3697373225654372,-0.01430439248131643,-0.3810961427315063,-0.3420762321295361,-0.702554941805118,1.8396993049641255,1
-3.2113656592506787,0.8286168989062523,1.7096965490338603,1.3537462453675022,-1.3518351310403771,-0.6790292564813873,-0.23072154127321762,0.9464346130999827,1
1.666762420070416,0.6053486830451628,-2.2399909353518614,1.475153572770253,-0.42140010310302406,1.9339179014925092,0.30486083250897184,-0.32896198762733353,0
0.25352539854643474,-2.072668950314001,-0.4328148753164829,-1.2062283298497944,1.1237731083486033,-2.7070437826611125,0.3204761522604667,-1.5244863739304937,0
4.0503724507647165,0.9438814507827277,-2.1203297031994435,-1.1331525118566022,0.4018288072128814,2.0212539725506766,0.22104085403072404,0.6084309947631921,0
-0.3061181191654955,0.6663429842415457,0.024511340915875257,0.9877936147775391,-0.4735721099392094,1.4154856085447571,0.7364011201888471,-1.4069414706071421,0
3.052944972442702,-0.2779757988654614,-0.9144755198863075,-1.3057699250320367,0.05878882068933127,2.1071601822121706,1.390456330030163,-2.349844247731074,1
2.4458385117437595,1.346337706351362,-1.2332721950617707,-1.113471538324126,-0.09133133906313161,0.47350497975626327,-1.8043507710889635,-0.09304774271729377,1
3.351467990553573,-0.985341312564031,-1.3442273056859317,-1.8663975880973218,-0.8555755545120344,0.6885675381996712,0.3485313695626106,-0.5616227383323878,1
3.211928611630573,0.2422812729427103,-0.6398387194530462,-2.412460990206489,-0.3426367512323001,0.7225588191127268,0.5210663299979409,-0.010196080104359462,1
3.8482887432919295,-0.34462870951277125,-2.205969812755327,-1.7869996571079731,-0.8172275890621771,0.16998764367130836,0.3379840331332128,-1.3564540865533288,1
-1.6932930927161058,-0.8325781313875258,-0.1521106933253813,2.8156753407545017,-0.19081870533231263,1.7674097542493432,0.17460466418339188,-2.0182130846912782,0
3.2781251369149285,0.5585332989785465,-3.8160974042668103,1.0904404157339593,1.9909004653696147,1.4449567681044515,-0.77829269129745,-2.404692802001792,0
1.3334627475968417,1.2784370224197095,-2.618250233690877,1.7992107890799844,-0.3828601115204734,1.1606935481438148,0.16199916874898376,-2.354092859910658,0
1.2117035399333687,-1.3890837561797231,-0.0203721689524623,0.2694942227649686,-0.23463550906196484,3.1717976449283674,-1.4593089061753373,-2.859396495557995,1
2.441663592107062,-0.9028217498756387,0.6037319092989546,-2.115910270808024,0.8355062567539862,2.2348773186093682,-0.41761272535589933,-0.6453053881888855,1
-1.14618884524642,-0.33780977214871905,-0.7005060823474666,2.6138813603610798,1.0745075698030366,1.4042974655321943,1.1308693585477652,-1.8405402654313376,0
2.537745889387076,-1.0699978905093548,-3.608483591311842,0.5141894976166121,-0.44912323115328634,-0.949244750594223,0.8830989009953382,0.38149117148001266,0
-5.218532776837352,1.4918187333802848,2.1106118538057483,2.535821695319019,-0.2409202851327593,-1.7406381741721675,-0.21891535118023187,-0.26487502667096585,1
2.963855743316014,0.01115969073208827,-1.8628378784003177,-0.7152085108463164,-0.9392077453702788,1.0859612692875829,-0.300612136575309,-0.053095803840643496,0
-2.6708576571776446,-0.12572520854900385,0.5324096619798133,1.4879295746275716,-0.08225316407208333,-1.682508388860796,-0.08394035019526828,1.4992821011392505,1
-1.049828004321784,0.7616393736388155,1.6645062921244775,-0.37682770293091594,-0.4056916336563577,0.3492412718963287,-0.8881512949211118,1.961707976380231,1
3.4883643658635304,0.5104775188057998,-2.0357725739644374,-1.687825665131967,1.6539675407780416,-0.07112892810130389,-1.8525571347594607,-0.7356354883247086,0
0.6897314856260102,-1.1372236404023182,0.3149544057004592,-2.120489313144726,0.5106474080706681,-2.0784656540240922,-1.237468422099643,-1.4024713849379884,0
6.737408224724385,-1.003115189372866,-3.0399433900600488,-4.719082611646688,-0.5138568008585787,-1.279767457747041,-0.47807990336991524,0.16571588496189493,1
1.784186368411023,-1.6239890907502725,-1.915406420585784,0.8730179371230959,0.9960324981416815,1.6913438528696423,1.220783106743373,-1.8124960271010906,0
1.9130174040392078,0.28028163403811285,-1.425541563202224,-0.3124635373192479,1.2658079398423807,0.5582291968835824,-1.7053709470927447,-0.5284666027053027,1
-0.609723902904214,0.2570268518385961,-0.8125989203232111,2.3416824590321896,-0.07949242236958863,1.7367217195771318,0.8664630202173134,-0.6055283871211048,0
3.4668727793010956,-1.3878135107947025,-3.4269187965613632,-0.6214109806859618,0.9676737752082049,-0.8710255951985294,0.28276456654758264,0.5594325810021317,0
-2.180967487941064,0.9741756689918069,0.4648410661488971,2.0188170723054366,-0.3572560390672787,0.45640100444977905,0.39222317587515637,-3.940097791108501,0
2.760728039257901,-0.2647996823328623,-2.6558564207824764,0.5325710586366318,-0.6019945311681372,1.5547495103881248,-0.42943629650827025,-1.0052060755396608,0
3.084753143745412,-0.8917248002777592,-0.886963129770973,-1.879315305884592,0.46064110194898666,1.0423265843504879,0.2329776448569604,-0.992314891579577,1
-1.9357325479409582,-0.9460618162604004,1.5799507715721055,0.1591897371132609,-0.17219379531263704,-0.6261030707371028,-0.05167765770199687,1.4456997984497095,1
-1.0374872262224208,-1.044719946157889,0.2582554184804595,1.0928333958885614,0.18633436762006436,0.49882045903222827,0.4180670163809998,0.0028727200038900502,0
-2.415865275292866,0.15928182415055941,1.830509870922443,1.4936672298686022,0.31949659766133315,1.547538869174541,-0.487948649196249,0.8573909269385178,0
1.0746874632992554,-0.3613278533637633,0.1150639444686663,-1.9810239466523156,0.1369456086377695,-1.37374188036949,0.20306135489634805,-1.831714982089244,0
-0.32277280312991685,-1.117042660761549,-1.9708410519914386,3.063662725547469,1.2175361357889367,1.4693665586080829,2.0711748834759365,-2.0680000300502104,0
2.3511430119522605,0.2731505874982016,-0.346844771362687,-1.61909657559466,-2.0188917358126144,1.0631328886463427,1.1937503081503356,0.23860168061363374,1
2.2641654311971617,0.3820959521840109,-0.7730558012922285,-0.8258044381249907,-1.8898743512440779,1.63285666818298,0.03031191004750396,-1.076882264830904,1
2.712920855269472,-0.6036141143810994,-0.2517480524586715,-1.4492897153682052,2.039821336219502,2.4533055724893966,0.08865083157869001,-2.451518197294151,1
3.5338045946220498,-0.5835008381647494,-2.9018744228429325,-0.5156468421748182,0.5501073934484476,0.6631462197560816,-1.059099336294499,-2.825182152557541,0
-1.0428635557359132,-1.4084721659496007,1.3253035024176152,-0.33773136104171964,0.3058979758773681,-0.25245149581046833,0.4493300328565434,1.995737939163441,1
-3.7609502445228022,0.5065494350018731,1.8692879345557687,1.3679228943494481,-0.1069275949097605,-1.4809143432571974,-2.981931912843475,0.4406244458234342,1
-2.6558350136972675,-0.6448363475484499,1.700338138328396,1.586473071388095,1.658699157230904,0.9312291818640481,1.6865499974459892,1.610616883125695,1
1.75207252504475,1.790708877555942,-0.6843462392570211,-0.6145199433315282,1.7818603035509775,1.1251713543647421,0.4615029995105031,-0.4759683330314062,1
2.045505114149371,-0.45422417181626934,-1.1381299745239086,-1.073773595790961,-1.0582321486945814,-0.0448834607884272,0.8421667197294037,-2.058596404746596,0
-0.17511672265994505,1.5064182251203082,-0.5251570965817384,1.5038075719807826,-0.3150839277023093,1.5940415086433224,0.8460677117282689,-1.1450018303540885,0
-3.1350392907168936,-0.573979793443263,0.11097870912507357,2.399294307053067,-0.03693124772504401,-1.716290645714738,-2.195717806608188,1.6015106132144674,1
1.1016025849894362,0.31395568677062313,-1.3800947189473787,-0.5591761643655244,-0.6755914271067027,-1.5713054816224068,-1.7249149839191495,-0.5807435589770253,0
-2.1357399176980865,-0.2672132693699203,-1.402901602075241,1.7169604226454152,-1.3125350107252374,-4.057436357052981,0.2101539986006649,2.0351227872095436,1
2.2734125519209365,-0.34000267576211884,-3.00364610396602,0.1889047168787048,-0.33131517862992743,-0.9091887457094483,-1.1788426892475445,-0.16846674781540605,0
0.4902995423673713,-1.5302552181118851,-2.6247577147167505,3.4260305359300496,-1.2541386676831436,2.509954974827772,-0.14878635057166148,0.510868897431394,0
-3.5908553765752096,0.813259566870962,0.7461376308869722,2.2146265777327097,0.210961446276991,-1.741409726833014,-0.9713187038461012,1.0425165149060536,1
4.828400950711793,-0.19930747226701967,-2.149179270645286,-2.1474828429790347,0.6398617345745141,1.7141457888591196,1.0386755130964578,-3.1884374811047502,1
3.2716871491742956,0.26359408052223143,-2.3705379473649524,-1.873231379252456,-0.24332649337372583,-1.6341218698469482,-1.2067309814050686,0.716915574782137,0
2.5318506825668425,-0.6972436508923324,-0.9355541072770599,-1.7134955227917281,2.601574515484019,0.10383350669131985,0.09041399369518849,-1.2784954533308224,0
1.507714290715749,0.24103462214212115,-1.32222882436367,0.3877071598555638,-0.7797736290229913,1.3062037276055989,-1.125765919380037,-0.5923016973738016,0
1.5696563091637952,0.013650041270063236,-1.133556301914089,0.2047362380444795,0.1058359976764006,1.394352291543318,1.334192814438585,1.4479218318826013,0
0.2129399071389514,-0.9038567193757395,-0.7094207518525097,0.13244533794957936,-0.39986750245722746,-0.8384058739094384,1.1674277708648262,3.3961066976455276,1
1.0339246223290142,-1.234674047812533,0.22553911692821083,-2.623320300469027,-0.5540807963402258,-2.5526806515700313,0.4106543613356517,-0.7438097878411389,0
2.471063298751929,0.37921011106257,-0.5076190036190543,-1.72558224893696,1.667911920967461,0.7863918227962674,-1.1079925251101528,-0.04806620381235116,1
0.9703717073443991,-0.6791880471288191,1.5550016702528298,-2.880981343872744,-2.1712972988683354,-0.5828066593834672,0.5946797671436573,2.378927646624362,1
4.170854521788869,1.1106881296000235,-2.927968160547651,-1.8401497392809874,1.0983597485341479,-0.7615717223307277,-0.5913193063968206,-0.1759143980100326,1
2.821042592951117,0.07662113501750062,-1.2893839992525935,-1.067516758802021,1.276104181985889,1.2829525628665701,0.6581348926913176,-1.108187276071806,1
1.235904717074189,0.08796320752316432,-0.2273254037361352,-1.4455895498554527,-0.03304988873060463,-0.6095232662341289,-0.08251373832069059,-3.4323414078943797,0
0.1854710501014798,0.06336105010854977,1.2224649446826754,-3.2606104814476975,0.3293435693814721,-3.589422145133047,0.44041976558276363,-1.0120293633269135,0
-2.1416116521021236,-0.1239957766522099,0.7571221167837745,0.7885818343890616,-0.4702011785812433,-1.4939546382561266,0.17277775251935149,1.5724115339995408,1
-2.937679035584656,0.6279324133919456,3.601553394967792,-0.5164456804449333,0.25488639900310345,0.0595577424598821,-0.6082920459712207,0.18524378096458216,1
2.8020574669012617,-0.1858533951401954,-2.069000843332416,-0.2671873168591594,-0.6458404203720501,1.291643677909202,-0.8660385948129895,-2.5036368108267744,1
0.17710542056374123,1.1407454617753499,-1.2447840262084733,1.5454206896194618,-0.4156187210867982,0.971965887074798,1.3897505128945897,-1.6182861572928353,0
-0.9607104903473977,-1.0793027873277414,0.8300157286127201,-1.4280425113054198,-1.0245261435753086,-3.140150937946033,0.3632488669309544,-2.106742154946322,0
1.3000279297357604,-0.35488286733386903,0.5001093083919417,-2.0600024362836273,-2.649436481308112,-0.24242659727399873,-1.1613618309029177,-2.5022443412808157,0
5.412529724627232,-0.9176741576094798,-2.6285910665248675,-3.2098899236035736,-2.644499527371112,-0.2277867906183173,-0.3257539990617314,-0.501850951321208,1
0.44446093726126035,-0.36435490988652924,-0.7332958688545748,-1.3081135657086818,-0.5830117488090282,-3.170051396300697,-1.2993236017827896,0.13886633157858275,0
1.0309323882392802,-0.6213205465351812,-0.4252428024739737,-0.2365984185547294,0.05908311268305488,0.8311267055377975,-0.5598409695992324,0.8205381306474393,0
0.09234606865715911,1.3089461330962058,-1.8540658954216287,3.235560625340696,-1.3448553756667057,2.8355303398082516,-0.03384759371176399,1.170437752081657,0
1.084593186726,-0.7812822942292265,-1.306421066266734,-0.6872492691150411,-0.8030730869573168,-1.8474415794254897,0.8429260994767767,3.70019596225694,1
-1.0632732389638098,-0.0770499121260033,-0.36016001969414024,-0.7060567503938758,0.8874450191196289,-4.39832525487095,0.21590387052622748,-0.5601847254009467,0
-0.9876293481458197,0.5527616773544124,-0.4117268037118482,0.5179290820818275,-3.086599429573205,-1.991774746308039,0.5294719880893956,2.4830293469240763,1
3.0219925860587393,-1.0160997567190238,-1.3745923103775841,-1.4633575081056043,-0.1843020367760882,0.7225569107870922,0.604520217252354,-0.3532144777811953,1
1.7693669247411554,0.39552593591535146,-2.7475488414048104,1.9733337692515018,-1.2755979416267895,2.100511051438379,1.575955302750435,-0.008170714583443095,0
2.1070564714942495,-0.004471669429406306,-1.182232226082242,-1.672262287578384,0.5188768838638564,-1.2206397887802447,0.9822712353716161,-1.3984993753410238,0
2.0788008271299496,-0.8253827372112087,-0.007925605983482242,-1.1918053695277022,-0.5134678646117345,2.0635113551667263,-0.5054861361849585,-0.8546093410970461,1
-0.5932379830746619,0.4130473550179597,-0.6593249401895179,2.141657563046962,-0.3849825379558891,1.7394092366568255,-0.35450648802498275,-2.3195393999077005,0
1.8528858934162682,-0.6394567651047393,-2.030454092258893,-0.45699426187360137,0.5144537113936178,-1.0705959295022536,0.33606007948893707,-1.3326033012159921,0
3.132213722736479,0.7143447147579332,-1.1457376753016337,-1.8890546271053994,-0.0627985640877253,0.5701448335667145,0.7078438582329405,-0.20280068968724896,1
-4.329418065709867,-0.7727314159637813,1.5506654021244668,2.325211136030977,-0.5645164696500872,-1.4319778176993267,0.4799609008596476,0.44144555884138614,1
4.076351588240365,-0.6979340707639271,-1.4902865002528065,-2.4575660804379034,-0.6169791429369322,0.7981003420743997,1.2670727211726835,-1.9389228804936876,0
1.526494886952597,0.6695087690063383,-1.5147211840828316,0.19110024626154232,-0.29440126648216086,0.6100047504230018,0.2493731796799451,-2.192629137913795,0
4.361917944665479,-0.6319102914261411,-3.603094350297873,-0.38234512622138395,-0.3104371299895464,1.287085112294898,0.7807375043767332,-3.613009411530461,0
4.793896535275151,-0.8030925990287531,-3.281493416371868,-0.9586331852927452,1.2102455144177815,1.676276158234241,1.0133913454185057,-2.3966585350812113,0
1.4249958733155288,-0.5361510758651203,0.7713719899723699,-0.4458911993490019,-1.0952690720765141,3.826762957432372,-2.202576657059786,-3.2002035606710146,1
1.6990689255503155,1.1551011783717482,-0.5879033392950419,-1.9842912049731336,-0.18555048301473748,-1.520335879288969,-0.22235585780450587,-0.7299696722787242,0
2.7239448491431606,-0.4449646168258896,-2.1654683483677646,-0.49725075443707223,2.1276856601238214,0.4277776179965108,-0.5158210986745075,-1.2257804681234565,1
3.767039530011166,1.172623982522441,-0.8828068258020121,-2.2613737722322114,2.051646191004441,1.8226169147303868,-1.217623442760404,-3.5322283227672022,0
1.3456023184669665,-0.7704357040571043,-0.6092279475479299,-0.7152087099457924,-0.627560519337802,0.3053134963930926,-1.296417019073638,-3.496223305187077,0
1.576303424308131,0.20150912819909253,-0.6260020471123611,-1.4699043000604772,0.46283007322666797,-0.7976462765578025,0.6333856337635969,-1.8259712497340845,0
5.65483992746314,1.537735281895018,-1.7048194539213721,-3.526807625207276,-0.27893783544426104,1.6218985420490077,-0.8551675113033101,-2.957472356912409,1
-3.9711169922269796,0.21768830418491805,3.6136354115345624,1.3324913032710262,0.508581034300786,1.5716202344513344,-0.5350276162281908,0.2886013119812848,1
4.11078258772092,0.0007712337518064761,-2.590755691704209,-2.14575262983032,-0.31088930717529767,-0.8269607328635,-1.0328134430092928,0.333391879913874,1
-0.26219552017989844,1.3998925731117757,-1.1708095890612236,1.6819139878600144,-0.6516640089850292,0.41857195444348827,2.140502871000126,-0.33672095155837956,0
1.6189004712642059,0.4937860006997259,-1.3710906906087614,0.23346344310861622,2.039396413397178,1.144115332647199,-0.0683897615910868,-0.8754942495771186,1
-2.159083876876787,1.0343022395204333,-0.330949240483144,1.5521867793397826,-0.1889890225397152,-2.242366955561862,1.0029985169091375,1.964962574548888,1
5.534446741319906,2.339604152656419,-2.582451333470256,-4.042860572594548,-1.3531209980041234,-1.6116512688336508,-0.1835846869698407,1.8378820849514035,1
-3.3760695357960375,0.2271104955242303,2.042962172439497,0.9683144974659699,-0.044900129443378484,-1.1074549413030628,-0.13769620869729418,0.5712469511751309,1
3.740753026317295,0.49130074214399233,-2.10229061243364,-1.011600179116726,1.3901925102224029,1.7689899174197685,0.6229139096991922,-3.478597877512583,1
1.948129522924857,1.2484471347587451,-2.179868153699392,1.0842301201769704,0.04230600763223283,1.9280771951937232,1.3000444024812607,-1.9920117150911212,0
1.3523102816453454,1.0035785908277302,-1.6200346748378038,0.1726585846843116,-0.7585745002427576,-0.014048879538093306,-0.8139369026984262,-2.1846879134077186,0
-0.8996927099244914,0.6546606760964981,0.7171645713080086,-0.37777234494584655,-0.7102471846665601,-1.2728890366428751,0.9376498261971018,2.068661229666991,1
0.0012609637211549174,-1.294497082556646,-1.2460882362322159,1.5244843478057695,-1.2531139200488015,0.5547950019917932,0.2086925835435391,-1.6970958877507714,0
-0.4268886861493167,0.17282950090304672,0.2613647403327892,0.6883918119734628,-0.2499163850826102,1.0123343916541365,-0.7784709136737361,-0.40616075975077903,0
1.7621115709828663,-1.0111163796337514,-0.6202975481879432,-0.20987117924249787,-0.9996795732033689,2.1213413002980994,1.2410197885827632,-1.5913399416282643,1
6.628249467436026,0.28876823374479144,-4.217924480163848,-3.4365783470385036,-0.49406929104761166,-1.329271321449448,0.8646729709249688,-0.7555111236741849,1
1.3093005292873385,-0.1408004596415123,-1.6198791870117888,-1.0804498299484773,1.2110192593742015,-2.6829398858374223,0.4370276569034517,0.13792449480766278,0
-3.304757011945764,-0.187508572530489,3.0381112653887046,0.39903689264226105,0.40834463074401994,-0.05080272964911803,-1.7712722157194032,0.33750577052593533,1
2.1053711666719757,-0.17365517458836738,-1.2719623694598965,-0.3268993554252677,1.231352659618168,1.2883626481148314,0.3273362673549973,-1.6288561793449046,1
3.100259339982367,0.8685942458880155,-1.9487239087832058,-1.8346223910332822,1.7687051231550428,-1.035064688700486,-0.6449650528544839,-0.0805631361552197,0
0.9844196206746032,-0.9101466740563816,-0.34924996133480013,-0.07481670095579385,0.3128233862431889,1.230195373757423,0.3422685249124882,0.19795205172293118,1
2.330583993240808,-0.39848385746109366,-2.4694471160520615,-0.18679756862362873,0.3003801098593476,-0.4580556605524795,1.368569343255168,0.22329299721721685,1
1.2748096249853411,-1.6622352719810929,-0.8674802666064716,-1.1806078131344406,-0.8743047140695892,-1.3702999237908902,1.2292771098600663,-1.3848090176111778,0
2.2611335658681293,-1.7827487839169327,-1.4758313833482972,-0.7002246927893029,-0.9458702434453321,0.3965675610547038,0.9404954282430288,0.3147598965121494,1
2.3058280905144324,-0.4240731090141809,-1.1954917037054191,-0.4236352078892498,0.47530687402973515,1.686631562535394,-1.5345213314258503,-1.8703736952364434,1
0.6276973165755466,-0.9015999871083742,-3.1308394371204695,3.4415102162850406,-2.154966137185688,1.9377649190433661,2.002893516750753,-3.8999834249804133,0
3.0484266021052684,-0.11293332316191217,-1.2766767332796334,-1.5718113871856136,0.31578210367959286,0.7742987378053832,0.9723644205673045,-0.7313127466667403,1
3.4845208005815733,-0.3356305244848129,-1.479316774615755,-1.6909545911894086,0.8306798775349497,1.0640486950081571,-0.041671455072371855,-1.1099088891677669,0
0.7694123407106606,0.6947328548927422,-2.2600931847524723,2.516238453235796,0.048987203519942436,2.045139749743036,0.6785505539294436,0.11734447241694701,0
2.032926097621335,-0.3573323223565642,-3.8704388386995507,3.1668370753557,-0.6246048988327543,2.8410668106847927,-0.7331608726692178,-2.8433161688607784,0
2.2825920100661508,0.6824105561000494,-1.706072205670141,-0.4479329197626698,0.44503144055730753,0.5032955853428459,-0.4377339316253455,-0.5611712781846473,1
-1.7120833235205004,-0.4736478640216613,1.2863032136865677,-0.22498159982461763,-0.3413812361469086,-1.5168496050404103,-1.1749092011886322,1.4328958646008747,1
4.616846543527439,0.7505184841575534,-1.1420557402174274,-2.3153436781750183,-1.5071280229151514,2.977333529685496,1.5652687425910667,-2.8885843763172305,0
2.8564861448079863,-0.9885792578546316,-0.03596563208142034,-1.905374522616269,0.533015935965817,2.2610825316185723,0.4034807398473197,-1.5538925283236322,1
-2.2610459225370994,-0.549626853486005,1.2987886188926687,1.2211790442716415,-0.3323459259382978,0.2180865330554531,-1.0678270722779155,1.743605920769532,1
2.034130169816465,-1.503339993666152,-2.717247187608451,1.5629542726341787,-1.7524207819494007,1.9634625606925014,-1.0862365001841126,-1.8010041344588257,0
1.3000547822234056,-0.8791486042697515,-0.9672751128910156,0.16347148020940483,-0.713450508814009,1.2135060914086608,1.1713224632245185,-2.9038300841356004,0
-2.2234980779038356,-1.4456137659036266,-0.6545142797961334,1.698120746488264,-0.8792857988646468,-2.750493358553472,0.1280477986005914,1.9881989795988164,1
4.707379708094457,-1.1645869480384257,-2.537872596998306,-2.122324745600449,0.8250484130227661,0.6841523740504706,0.6367760393291129,-2.3205491583741895,1
0.9455812112386727,-1.4677238013284057,0.782665905823948,-0.6908702280362831,-1.654529353054015,2.2398364680832303,-1.6527694797430459,-0.09299892318828351,1
1.6442353376592862,0.5963386850426611,-2.4239988852470082,1.8815477964243676,0.976359768384767,2.3411284848371317,-0.01745433946576137,-0.9436590775520819,0
3.5958940374734025,0.06147568072236704,-2.747936722883667,-1.4734621933252778,1.4833933960234291,-0.9235193355830111,0.1502393325596491,0.9809724180963688,0
-1.6966750513482336,-1.3457274776092742,0.31589861392384533,0.6428708096544293,-1.1208129968827611,-1.7483362290776037,-0.2212630917677055,1.894808317248045,1
3.0191408283587045,-0.5249485431770329,-3.4415403951272054,1.824641311633046,0.4761618799059252,3.0400890625237293,0.390382064097336,0.3207904438104976,0
0.8199895889876553,0.5584484838729614,-1.5454944230372045,0.2922018754355935,-0.11776619984627364,-0.7596562097754205,0.7269921150487964,-2.142511984113616,0
4.314623820142908,-0.867547034375166,-3.9858816076954806,-1.0023300045507573,-0.7625578435160609,-0.9189137057469485,-1.1674110536325757,-0.9636532880624551,1
0.01748128801946741,0.79785463454203,-0.2873869412289859,-1.6755684856408823,-0.22202414095184106,-3.894239766747167,-1.1550452855052697,-0.1566238684831862,0
2.559629487588279,0.786936965727583,-1.8880334353505168,-0.5324851490019179,1.2142629262078282,0.5618543669889432,1.7681879440428108,-0.8351864155177458,1
3.988922755055805,1.3420242545124652,-3.35617673728554,-1.5721632768178244,-0.3504908086585306,-1.5088540621855893,0.2660494363723319,0.43294789332527284,1
2.5204168742010666,-0.17612660343708286,-2.4706506860565467,0.5923302275078248,0.9623218575320852,1.491753883905951,1.3748860911438996,0.5374924261416147,0
-4.653974547955252,0.6071689681950555,1.6710210553773732,2.1720331500310084,0.24706605445743537,-2.172306930246052,-0.5862551027686633,0.05657952115071052,1
-2.040855151504868,-0.8536800598882981,-0.38914029865169786,3.0939129532043728,0.03809790604570054,1.076651062171931,0.07124323440624776,-1.3600368545665324,0
3.7535029556415247,0.18908892371099348,-2.3757506826886985,-2.079269367528604,-1.3058292261716553,-1.0455650005599273,1.250685240078518,1.253938576922782,1
-2.0870525426794995,0.8672231756932612,1.9347558832565297,-0.06467191530934069,-0.2327672880924338,-0.6621459734186194,-0.04994622134581302,1.1700726391884926,1
2.203672399259453,-0.9652226699420925,-1.0909484072700586,-1.0517854588823667,0.9184183045720634,0.43447878343312696,-0.4386467275945946,-2.1067017759247646,0
3.881237182121172,-1.709259330697319,-1.0512765617681423,-2.331759371951363,1.2304772850182955,1.5365056278453526,-1.0320573133873856,-2.114098874692989,1
-3.4342603191795416,1.3274299567492625,1.365677993193057,2.029115458687439,2.6563122517896995,-0.5130986390471541,-0.8329684675202987,1.101866092199418,1
3.007880191147165,1.5553380342044725,-3.5908424050260885,0.6693415897116934,0.08620235571155054,0.493645852526049,-0.1839532984364565,-2.6023314181222217,0
3.381859324450726,-1.3636400082325943,-1.9484739318094024,-0.9538103507405503,1.3890345328181057,1.349417077912211,0.1758860557608673,-0.8069804206309459,0
-4.211382902537463,-0.20757837812967986,1.868093683499058,2.1999516300319053,-0.10394876606285734,-0.6455269229674703,-1.0872833501943513,-3.8826940580676634,0
1.4021523089260723,0.6013563104009826,-1.5786702853216812,0.6724905769148558,-1.139030712196612,1.1363338702637578,-1.5264912063468214,-0.9278988915118389,0
3.9426842796140558,-1.6697100329042387,-2.1335516978767157,-1.6316165362167887,-1.595895424614209,0.8394787441222613,1.5433881497051256,-1.6581017290403048,1
-2.2355363313298855,-0.6266017101339038,0.177836135399986,3.0230246784492367,-0.41225287528318977,1.7406619045435823,1.2788150442795534,-3.3211019782220017,0
2.4713122019531117,1.2983437631482315,-0.555006876899908,-2.15806447307021,1.0410519775558038,-0.11501258337995246,-0.6566227581887844,-1.9358197810369189,0
-2.36759494612114,-0.1698486254258538,2.5700766980731578,0.18314459616398882,0.7741547577058463,0.5358156372421159,-0.3288681583662116,1.1053555844793346,1
3.3471081112959418,2.090768160091921,-0.687678173994986,-1.8255228093326232,-0.13531222842830534,2.1675753518130945,-0.2286197935087975,-2.6004286736059696,1
0.14582106354425783,0.45864713091761583,-1.2760436752921682,1.9596940550882889,1.0389986383065721,1.6556981313019035,0.4409020023082627,-1.1863830826932866,0
1.6733197693923498,0.9500322961670155,-0.9953818124260518,-0.07549062032035181,0.1663592560279821,1.4302622736227875,-0.8210319399476692,-1.488329665471444,1
3.14163050481856,-1.8007522354101921,-1.715331164024307,-1.3309732388501534,-0.21867883197268564,0.5614992790628593,1.1669987916363687,-0.8588362780905123,1
-3.0913118016543812,-0.3283908375271743,1.2432398952624386,0.9896547811575053,-0.28924121187421803,-2.099881179520362,-0.05259289099484313,0.8020028669418713,1
0.5964673726438976,0.8953956606877576,-0.3392275411442536,-0.2695895033480058,-1.0543752050743307,0.043696536844856304,-0.030387210859127187,-0.1176029401856522,0
1.5589584829813217,0.7193506443302408,-2.1542611786412085,1.497097288436077,0.07026058684736548,1.94255544973308,-0.3746032232298945,-0.9481754702329646,0
2.927875138660755,0.17676947198708515,-1.8001422790824604,-1.5929890424938002,0.8211396541478873,-0.5971502147912306,0.07646871554029325,-0.6824197919443139,0
1.9674302547180407,-0.7192233159883686,-1.1430327537676503,-1.0562587823909972,-0.5646463495420695,-0.3129000651522873,0.6520757031301605,1.964652302163868,1
1.5677750330807072,-2.502750383237931,0.2758763082673299,-2.656808601017728,-0.03094537485389066,-1.33047620388394,0.17523917154870886,-2.2493648567937434,0
-2.6209286146101096,0.5438706589780058,-0.4666174640216221,2.4594643979543105,-0.3502078928894233,-1.6952912381031329,0.3292614178220528,2.076766041102019,1
0.2528842328909182,1.6618670536093028,-1.2146564516387097,1.402691297337943,0.0385067342796963,0.9236509030406952,1.0046920585296186,-2.0534381020113557,0
0.7029546684130599,0.7341651020537682,-1.2064137379748232,-0.9741408850965727,-1.610081244778869,-2.889403428015388,2.60465277290184,-0.7892839078651728,0
-5.441136459897787,0.5850399554381209,3.915447041786984,1.4436458301191413,0.20095995033433628,-0.6838606197827297,0.39185605379110267,-1.0245680616566093,1
3.1106756094245194,0.3921311743141444,-1.9043197832470387,-0.7490740563113545,-1.5624675616250006,1.307440598426722,-0.7537890905962269,-1.9868176603958982,0
-1.3790875613617755,0.05550423087910489,0.6022669206142732,1.1290692224521282,0.6503793131768049,0.6338068626404997,0.8509138291468048,-2.7930595164282375,0
-2.6979454265094986,1.6085945138068396,2.7629126359671683,0.7171629809133643,-1.2607264800993632,1.2925778772928151,0.9395598629228187,1.1083974814561335,1
-1.2211371928146626,-1.6738404373688378,-1.2827808351339915,3.627547919246126,-1.589349225566278,2.0738210058376794,0.6616258066362104,-1.654847834303057,0
2.5463893640379753,-1.348713842208203,-0.44092125164394924,-1.2556110716153555,1.0970828087219426,2.0706271188162004,0.45133236571150387,-1.5712221909838193,1
-0.2955467254553059,0.8283267247538593,-0.44637761193614345,0.7604488985333018,0.6685011527974901,0.05535797304439294,-0.38109590826264966,-2.507569754192229,0
1.5518444721039966,-0.6889929312469696,-0.6791764283142143,-0.31167182338406163,-0.34721064987611777,1.3397891152553165,0.2225759228273703,-1.3010683609838032,0
2.973644647264442,0.2673382800864504,-2.634156049309504,-0.17325746054509117,0.08080613870723939,0.6793446562032672,0.26542268124797747,-2.1719208028242654,0
1.9601142067155424,-0.2542494115512923,0.5111495544787106,-2.9477965373687987,-2.0321407768714264,-0.5780677448199399,0.15206743546911297,-2.754768401434958,0
4.538438201184045,-0.7014323706704181,-3.523705794607575,-1.391086312296307,1.6294037701102353,-0.25755570724565024,3.2354702030852853,-1.465543843651484,1
1.2998667303152944,-0.15581755520121415,0.0038681007266900824,-1.6661060901522298,-0.28793769496065713,-0.4665304585826313,0.004797378750120445,-2.621172931126371,0
-2.0282734257694517,-0.4034274397658899,0.3197539950796523,0.6698980413050729,1.2992046795392744,-2.384827787027109,0.33829902570981984,1.6077047457470872,1
0.8646788090536374,-0.8823266114366619,-1.8613762380338663,1.683041620538676,0.8105701489953504,1.4147020747466164,-1.1754867348818947,-0.39933163296096963,0
-2.070269715361983,-0.2734753280281471,2.020284462211572,0.31945708410861806,0.19470243253995603,0.3080899189001469,0.6681722881789726,1.4304064557210108,1
1.0795495088575575,-0.3185628040998852,-2.13928796066019,1.6322304685416282,-0.34616392898374865,1.2364576228639248,0.6704048633735574,-1.4557995933859402,0
2.5168732271493814,1.8022536628176122,-0.6975458973694967,-1.0188250064148305,-0.20389842383320533,1.9574598436116548,-0.035175264305880354,-1.6131956848364468,1
3.2177411384887766,-0.2355308328608744,-2.184624656658025,-0.7913948379878447,-1.2908598325968426,0.8547584892133926,0.5983818775801177,-1.244563776167631,0
1.40612146130702,-1.1019599039478043,-1.913266481016465,1.4211949586600081,0.4589368067618631,1.939490216311937,1.673475849199591,-0.3718918009196771,0
2.926603015013094,-0.38661601366278875,-1.199058433092905,-2.2634686691767145,0.6733501894090704,-0.7280942095566703,1.0843836312608062,-0.13079370633851473,0
5.219286130424291,-0.6058355369852093,-2.0765303149375143,-3.2442106353599964,1.7503367094728528,0.4323705519277834,-1.1828923026910148,-0.8876712342855213,1
-4.799019039083789,-0.19748323366261558,2.1952574721285765,2.3397012659353216,-1.521343952463862,-1.0732044334213617,0.5391944816425036,0.010560627462718797,1
-1.5806286110552452,0.36312079833503397,-0.10729682290542164,0.7373403522801925,0.4797983239969704,-2.1821928430156996,-0.09666282176479102,2.049442636200003,1
-2.389204759572845,-0.7759481827747975,1.0170233837137426,0.6227444501955841,-0.6060610349286599,-1.8123811453263927,0.3062156797813505,1.2618716241816332,1
-4.0591812819330215,-0.22275940221810825,0.8417576497296457,2.4777860452970946,-0.15010670952468677,-2.00975440243107,-1.7206051319147262,0.747292490773148,1
1.2565346464129663,0.9973850471439228,-0.9255805586396865,-0.8000223166551459,1.0533731391005707,-0.7332639825419378,0.147458299578662,-2.4727791705256674,0
0.12865824585323216,0.6601098756999022,-0.20062087227344116,-1.4458934034081168,-1.2306838821003936,-2.9767580882499436,1.7815351312176446,-1.5519634138618295,0
-2.4662843432867314,-0.23603539546166377,0.29852461796157237,1.6726648571403744,-0.6312703844998239,-1.363873392442215,-0.9866739735899551,1.7774918764575705,1
-3.889210441289563,-1.4140823972663514,1.8122346614362808,2.0483542986964487,-0.002607526534208225,-0.4619903917640624,1.353836045176802,-1.1282002861081415,0
1.7574293677770902,0.6036874413131799,-3.2381497468342912,2.4442079518186333,-0.7183144225578125,2.053654955341153,1.116056655280451,-1.3041196107592972,0
1.2956488989363184,0.07285782015195073,-1.769058778235256,1.037424665024442,-0.7024739580504119,1.2822958415235646,0.6887360064345867,-1.9820875651724121,0
1.8984459819502486,0.38414533541679635,-1.3950693800492546,0.1340668106215961,1.0974187560562016,1.4524959826189976,0.6713995250341047,0.40687368030553484,0
4.579265879095002,1.2494241917968836,-2.957231202289708,-1.9200763603465005,-1.0019021768424445,-0.06730647526666167,1.3049453173829688,-1.5302601033084045,1
-0.4701272450450966,-0.3792531559307416,0.8496836610353553,-0.9653549816886897,-1.6314969558471268,-1.2623170916756423,-1.0031984649030776,2.1475436051734658,1
1.3103185294872617,-0.4069232623351696,-1.3168578496155474,-1.4567502012560478,-0.2770749761862646,-2.839120036599522,0.2606021305974421,0.962426371355315,0
-0.43909344934794947,1.5182119185138458,-1.474752146877926,2.928397161920045,0.1274285460388784,1.976939282730613,-0.1690414440738772,-2.438371950737343,0
-2.988076577346643,0.12558478076483373,0.9229519107153692,1.7526848499749927,-0.7795403767068922,-1.0271494900382843,0.7962043972851799,1.360655118273841,1
1.4166355424770738,0.7097593362987761,0.4519731968905103,-0.6460072128122312,0.054803727917169524,2.6940344652571504,-1.130949966208275,-1.2331097479216544,1
0.7568663879932196,1.974224104844965,-0.7479073339921627,0.5224234517580211,0.0823352493310513,1.1401991756725591,-0.07560853362486715,-0.3431216979612609,1
0.6760863133167729,0.05662871385657371,-0.41249435462063333,-1.656465470050568,1.7068214703544906,-2.6898248834623217,0.6748880929148284,-0.698474954343417,0
1.8894032675621395,0.8734164825437462,-0.9008174654947951,-1.6041189227287116,-0.5868968207700058,-0.9486174455422615,1.9323159765432887,-2.1847787220141504,0
1.8249515831754413,0.435668518641492,-2.3362281469294066,-0.361721333754787,1.6582623606087885,-1.5666046603161048,-0.6655463166950208,-1.2827867674732887,0
-3.566602858135486,0.6003137915777077,1.56936653349079,1.7067405104872386,-0.45495145259747405,-1.0140660182164447,-0.4645127656638094,0.8106623871236185,1
0.42665147584424057,-0.45256981793196155,-1.1337777645821383,1.0184132365868246,-0.6183400505836503,0.6600571800038142,0.8345893681522774,-1.045808187756381,0
3.2144950040170093,-0.14644057871469274,-2.722421852959191,-0.4757835633825541,0.21670114480656788,0.35725540189390026,-0.5628010425379996,-0.5558348514128248,0
-1.4571775329522643,0.9058259828170406,-0.06579125492183446,2.2198524324359368,-1.978016471043429,1.2202629117598887,-0.7353098131850854,-0.8548031752907512,0
1.1873157830118937,-0.578962621542537,-1.1542521266390704,-1.3270821416538907,-0.08274898381153292,-2.485116375558185,0.22424303707369864,0.17479714573603178,0
1.7905464742268273,-0.08942655808509162,-1.2842237756622124,0.1641755906658393,-1.6198120064662729,1.5612685518381815,-0.09113924262461215,-1.251664889727593,0
-0.7610517907760075,-0.014560083619176363,-0.3800405460144495,1.939653120421979,0.09587290686052864,1.4892007514138368,1.7123926183484364,-0.4239275126468661,0
-0.13714743726909084,0.68459375352188,-1.3545922889843318,2.032148406431446,0.7466923436470014,1.065157150743611,0.822202382785332,-2.107330936832294,0
-5.3720700010722195,-0.2405964387800553,1.3583614180936956,3.628174855808041,-0.19768049272527757,-1.438665824547083,-0.7303412341746409,0.2257257015712768,1
1.6681165778724125,1.3190424333612591,-0.8768304972356654,-1.3029634634450933,0.560946698100082,-0.7957520699875131,-0.1842257930271155,-1.357681302357768,0
1.5499436534306308,-0.36394064334738935,-0.7288005352444734,-0.3163695565751503,0.3299324038500719,1.1994864246945278,0.23282306213007803,-0.4933088600339902,0
4.672739544483774,0.5462852777115921,-2.174348725854243,-2.5973270424430157,-0.24815937799509916,0.3664093670949682,0.9522435928889068,-1.115966585903646,1
-0.1955475854065809,-1.5319613136395236,-1.4136364286044596,2.5027877102388008,1.701231644378687,1.7189449914402017,0.22032237098567373,-0.786523992071696,0
-4.0374170657815815,0.4092583533774868,1.7973753703087896,1.8704694769192067,0.1262627314870601,-1.213860395778738,-1.7374077405882302,0.45608432197919435,1
3.8321579582326564,1.0296524108395197,-3.100063378623682,-0.21737540196390093,-1.3265094937344741,1.4673379972367715,-0.30845361458586995,-2.0882720594601265,0
-3.636510214076898,0.5581028131410657,2.3301954235595668,0.9945335420837184,0.05810866174898475,-1.0163750633102264,-0.0905035485574362,0.3504157005501697,1
2.5800937857350457,-0.6344798110760931,-2.497083000276535,1.2948412736044554,-0.400167637831526,3.027130836845892,0.4611383849039776,-1.310533593770758,0
-1.0376085940691262,-1.0468115126510886,0.27684350573584116,-0.7303017136925425,1.1140902868275455,-3.010834434245503,-1.0820186983029922,-3.061867522670693,0
1.3036844719271223,0.021430571375766864,-1.798989619267433,0.004140655740477506,-1.2947067536141774,-0.8726750842526432,-1.7573406370728761,-0.5251063633460593,0
1.3947445439386024,0.37240044293943575,0.5861765724623733,-1.2800680704776242,-0.4326406699295864,1.6064443200085743,0.9130212663132398,0.2968357505223125,1
1.856280609465681,0.06014197592719535,-1.191597982504397,-1.715718481607234,-0.667924930391628,-1.8800251216691373,0.28171788512867446,-0.8133125827034962,0
-0.5274658073885807,1.4597388556671116,0.49515893703365355,-1.6330095237255495,0.857072112742525,-3.3355336767081774,-0.7732147681658046,-1.302799542884014,0
2.9920769428734904,0.8184903662307974,-1.2841428112295372,-1.3971887746200244,-0.7953170645143626,1.0829285884021924,0.17981821480148033,-3.7577469230518075,0
0.2389639675855355,2.047000656773481,-0.8751983221210891,-0.5775891538579544,-1.0036875824704325,-2.4068626782253113,-0.9104825894324762,-0.8707299465924221,0
1.855567897316898,-0.17466628867854772,-1.9322920395815903,-1.3175109646783327,-1.1154755024110665,-2.6273763188755135,0.8410389605482775,0.048392763747429735,0
0.8844837251675937,-1.6273464734833762,-2.4482431350638505,-0.2343202034961156,-0.47352305140364365,-3.6170637152578085,-0.5732685860392176,0.9346200913913425,0
-2.4045000001156653,1.1776416181852178,-0.1923238278855539,2.988804394288488,0.4209344221242874,0.5245692700611044,-0.5646154554959961,-2.3562990627198532,0
0.2651614855476194,-0.32160757971258463,-0.5301918559334774,-0.601005483474854,0.4809546567332921,-1.6700692334043912,1.0204921999415826,-1.5777316719655121,0
1.2927188269813188,-0.5006470190292802,0.26852340020206,-1.8078862390481463,1.6932417416603545,-0.3232020307643111,-0.36640096442191,0.536736773705424,0
0.5855846838639628,1.703621837015207,-1.4839418994611144,1.9296408917662757,-0.9000503416090286,2.1082405161997513,1.0223997792308048,-1.1723471772591243,0
-5.219292161556288,0.48713974487993383,1.4901378882190877,3.4876590683266153,0.02869336013724675,-1.1258180409501417,1.2416511069935434,0.2800939197987137,1
1.8742881806076443,0.8225499745759749,0.13075569741311988,-0.5826258808644083,-0.41233197669905614,3.1847640202066643,-0.7178315552110032,-2.651202414987094,1
-3.5512953712206423,-0.7822925716786785,2.3231217132962274,1.2138911969410724,1.4220867046552985,-0.4174061353460078,0.7225830981924504,0.565764279965735,1
-2.5886049491040635,-0.10159116005261025,1.8630487895823657,0.1145440113664471,0.2651769532837814,-1.5088351603469734,1.1108746048730815,0.7963266614044839,1
3.8671915528351875,0.4908234041459546,-1.4038805638111773,-1.8652269429600774,0.4923591249759909,1.7382903549594757,-1.2754986170599547,-2.761942677494472,1
3.0483131679687507,1.142035929103062,-3.3943071686572335,1.0314595919150575,-2.0737825384000668,1.6437194479296648,-0.1838257115710036,-0.6358721683522833,0
3.7698470510825404,0.6119636544075946,-1.2989008066379184,-2.08189473433063,-0.33342304340081597,1.2863749502632553,-0.6591910006946118,-1.9383858901381825,1
0.7854484772090453,-1.0423006061154738,-2.5561996282862847,2.501448160969826,-0.094925308981892,1.517362285324437,-0.5325939868728403,-2.207628257751224,0
-3.003115249818089,0.43850386948184117,0.6237174749244552,1.6130001100191713,-2.0707423647289245,-1.9469636798704961,-1.5224892349115635,1.2546248172137755,1
-3.8071262911485486,0.13283594287549236,0.3842904835110277,2.3413180933821502,1.2585168675096168,-2.6855339866232377,0.020617985172410515,0.9160566439083289,1
-5.973366616407887,1.6121983174082761,1.0935803762622502,3.652466392278436,-0.6770127186374348,-3.196070074667188,0.9444875818473635,-0.3552757223448002,1
2.013623014004141,-0.021951343835832218,-1.2553320799517695,-1.5210644503578024,-0.5808613300603638,-1.2853455489498085,-0.8197113279120857,-0.8230053148185572,0
3.9769939742740066,-1.887315964318739,-2.155212745756649,-0.6628930192643446,-0.07699631295195809,2.80283164908972,-1.25900262293377,-1.6059337593980467,0
3.220158835189774,-1.2733127002057607,-0.9437438443333533,-1.454857986105025,0.3849743754339873,2.1098050209645764,-0.26761586520710035,-2.468740255938267,1
3.106679043602801,-0.3749976484974186,-1.5559850949564908,-2.484868430543271,0.043717451483083244,-1.5728179003411744,0.4815169542779874,1.6682490836301433,0
-2.3887267899826465,0.5490226345384278,1.3836354322271216,0.9783089035221324,1.3619008006496283,-0.3587627819883831,-0.2107078477391596,1.5068704132302273,1
1.7976963922107076,-0.6545759244996027,-2.1122648733335128,1.0177871817469395,-0.7405044273200713,1.6006296051996367,-0.8171986390126216,-1.6112094026103159,0
2.5173730896654525,-0.24510358856583095,-0.9561082396070568,-1.175300284825586,0.9486498964101034,1.1385752816418877,1.1302843415298645,-2.29739864602848,0
1.4439036748793452,1.6263502698481267,-1.3832310726368684,-1.0730920240403783,2.0946659246342496,-1.8614164759875873,0.8003230965755296,-0.9997531709397989,0
1.6332024729022552,-1.0179366290638778,-2.474720748306447,1.3838762784329175,0.30967527860186056,1.2114091928122932,-0.3198008377480905,-0.6949136768312244,0
1.4075320932386712,-0.07332675421007341,-0.17713439174890233,-0.8010624466841829,1.6868466852521644,1.0236395655723147,-1.3506337584590082,0.5058778957327599,1
0.5373599797100059,0.7868558024826998,-0.6612199624245149,-0.0397574153018414,1.910138403897504,-0.19734957027433708,0.039860401743357046,-2.7948004146806054,0
2.3419423134374995,-1.4335494522703882,-2.830061382291273,-0.35565462354009725,-0.14784026112915843,-1.512570114343842,0.2717532647600248,0.34630224655663455,0
-4.141171737819689,-1.8342851809038816,3.3506751619632027,1.5435534387412526,0.4016769289034601,1.0946246784220606,0.8624233722184433,0.2352810024759857,1
1.6881605015749845,0.75778014437391,-0.9198841698544774,-1.6192429927931782,1.226519196251551,-1.476318153136406,0.2911380980352713,-1.256748208160225,0
-0.4339984702260532,0.22632253760682547,0.29244395794979816,-0.37401765300111656,0.5492750256382672,-1.153899372083362,-1.0547781737618227,2.498618246925255,1
2.5823859147851373,-1.5853933954789459,-2.3326506022832696,-1.206183989806779,-0.13367224608320621,-1.6522431116867733,-1.1380353085896193,-0.6119846610048146,0
-0.6457845174722021,0.43059824701689986,-0.42693115992121655,1.2837258000752707,-0.2900746547314983,0.3345456616920419,-0.24237877338628477,-0.6231513293293385,0
-1.491610413897998,0.8837420117783648,-0.9741522151373097,3.0965111046521554,-0.4587976496968259,1.0609313161010088,-1.3433967896236871,-1.4752150378988498,0
0.7843800098238451,-0.4557181739043223,-2.257355700296791,2.7251442043421132,0.3320199938041853,2.550782241810963,1.1528987721766601,-1.4925960117037238,0
-1.8561964670476532,0.9195058920443906,2.2732627903639786,-0.43596824320988703,1.7982892076316828,-0.2198624668068,0.1155688901776504,1.180748051636533,1
0.5576252231964904,0.6632742780370271,0.043427145558638136,-2.4516589500525736,0.2829356308815258,-3.5752638832212593,-1.5516033385986248,-1.4705267073212163,0
5.79981587304016,0.9356776299126568,-4.993607700245561,0.2633191444893799,-0.0743743464843054,2.737396606177301,0.3991860595063511,-1.5682989921262112,0
2.8778610177624255,-0.9819365062108301,-2.2237573666181545,-0.8216082140952781,0.33915988561050403,-0.042566041989920755,-1.3629225503524949,-0.23148513469788878,1
-3.8524639426878116,0.25814288105297384,1.7993579639607302,2.667902363470895,0.48881119594149475,0.7479526367046996,-1.1949066163245392,1.428526728705853,0
-1.0249282468145893,2.2957246011475325,0.6222728481487931,-2.156709385300696,1.2851162742330777,-5.221018135508393,0.047831764361871386,-0.10996151929651177,0
-0.43841751089980074,-1.6247234204515963,-0.7535689266586214,2.2780216552201393,0.4483200106755244,2.110660349563046,0.3518751523973455,-1.0830803047708901,0
1.8854817968937458,-0.11851936383067156,-0.6553083159900428,-1.571759888955251,-0.1108585786212382,-0.4067113201889664,0.5172817164882375,-1.6619592631758402,0
1.382255485674683,1.6894665766661476,-1.141815716824646,0.375713690294349,-0.8254140616423656,1.4123743367774122,-0.09579954801233108,-1.510966879891666,1
-2.7719210777002075,-1.6414416624295376,2.0151023068770537,0.2776739870471653,0.18492528664910426,-1.260040958295193,0.7010012677189865,0.7036395553556531,1
4.022564471819755,-1.016394977647311,-3.446789568239563,0.49193581256521,0.4422395435110749,2.536082770298419,0.6964086578987425,-0.621816202715112,0
0.512868035197873,0.6988270853362071,-0.8878736892782602,1.1285360898703387,-0.5073424536987682,1.6025398794878427,1.3347468583344433,-2.179391577552811,0
1.8881606865167344,0.45654230982903193,-0.0668501638413348,-1.1965651170678029,-1.5438276960821873,1.5013036783885694,-0.02679551580647109,-0.04314227066302667,1
1.5691236866754592,1.3469154638699954,-1.7796678539105102,-1.0476444421628035,1.1231501004816988,-2.3664634264064395,-1.7946087418425432,-0.6054827659696799,0
1.4050622737171716,0.9523924063654711,-1.5566775227052592,-0.7206269867857147,-0.01850927951423524,-1.5973960694643443,-0.048944402943252543,-0.9080385402611069,0
3.5716773426255854,-0.4971129571724229,-3.2736419921666906,-0.7877998832013173,0.018397067139599228,-0.6277565017886184,1.8936080344286903,-0.675251060168454,1
1.7034671734863993,-0.4582725072937905,-0.2551653248238144,-1.9260295396040155,-1.6144842886299493,-0.6496976145953475,0.425184479961616,-2.779661847980867,0
4.270434234218296,-0.34092888543515604,-2.1238711961456715,-1.4625964667398605,-0.3370648256795763,1.8895097648771257,-0.2085473706575893,-1.4426059173374104,0
0.18847624431559185,1.3465444632771044,-2.335338554542343,3.1437599259169238,-1.9772134310725922,2.0318525057764516,-0.6756339304320397,-3.8841495450073458,0
1.7918425428388267,-0.10008191789123334,0.6933884574493336,-1.9572620314786182,-0.6774635898085547,1.294983280850882,-0.21925760093064675,1.0732857676931087,1
-0.9459825947546746,0.3460850187145519,0.2662464775312412,-0.6404347284834994,1.4482070721955065,-2.6742382152184456,-1.197647518183433,-2.5268770149051427,0
2.9638723303891408,1.6143429169177017,-2.1473698251218907,-1.005776820209554,-2.111881181613647,-0.052064087385816915,-0.3157088417309406,-0.8325240381421941,0
2.363510326251875,-0.4671434442688626,-2.4997684287303796,-0.35285445363038104,0.1502379697973929,-0.7586754877705879,-0.8813765642479346,-0.509242321931784,0
-1.0448377568237244,-0.4214829596905875,1.2288090512863254,-0.8720566336679931,-0.08887916371822298,-1.5108172482091646,-0.369321082367381,1.6436293237614912,1
1.76434458670007,-1.0640941514271003,-0.5751186209178635,-2.4697190037373913,-1.0525517893468734,-2.351049875625021,-0.23901524973792063,0.09533363714139131,0
3.394623896079156,-0.08494748129461359,-2.052883292980714,-1.100546303643851,-0.33564398428738196,0.8597536073002241,-0.889055315055498,-0.48474445157443735,0
4.78169538952721,1.1856678397253988,-1.5454115852060915,-2.4666841954718324,-0.6213152851827265,2.2124296736095257,-0.9376468034066535,-3.2286782562765053,1
1.6162108423228483,-0.3575809749481943,-1.6483814166619606,-0.13965330348222715,-0.8804180119753859,-0.129330463205102,-0.5089202617491198,-2.3081034710146455,0
-0.6015951823639542,1.4136239555584724,-0.9870426716071115,2.2926555620056157,1.321166559595089,1.3010403673283477,0.7784619931528632,-0.6587894794488585,0
1.3964072847143898,0.3709725584686158,-0.9740529854455682,-1.186044286314827,-0.1671278515659971,-1.370428923256023,-0.3458214230710446,-0.40637634343687046,0
-2.2511210941471274,0.636395166671675,2.60066468186139,-0.5797503088493989,-0.3125197998416433,-0.6668264255963123,-1.4742428098305056,0.7536370078357947,1
3.2790880415192434,-0.20755558915919584,-2.014887203917602,-1.1631119603059712,-0.16041911001635598,0.571337818600973,-0.6539236905262302,-0.6568858311234395,0
1.9781380671950584,-0.9468386450542855,-2.8730811029004304,1.803933530545625,-0.4309185357276255,2.017301016238648,-0.13869683010301334,-2.1295438812448513,0
0.5043272141026671,0.796452387101133,-2.1833134883186536,2.8020107905231546,0.6273119010128547,2.297727637735327,0.045195679104027796,-2.7451933116485234,0
1.8397634391439581,0.4829468294451999,-0.7367610926382657,-0.09335658938193392,-1.214939503103089,2.3096969777456264,0.412461165182643,-2.4817318793423944,1
2.2463104139311474,-0.8957000601150521,-0.8836168437606609,-0.903374695057134,0.757092184360496,1.1795877672067743,0.5555479727542744,0.0070920416963944355,1
3.3541525444883726,0.4772704383004247,-2.293650553439874,-0.9273214614936125,-0.6039340919948635,0.654647023870748,0.2307143225261567,-1.3553092970935081,0
1.525196026277147,0.007038140077805655,-2.3631337143647437,1.213239307593059,-0.17640280998039587,0.8943975218560207,1.3082524290235604,-1.530520719976805,0
2.536768044819547,-0.2978027395333092,-0.47813959703048614,-1.3366394124353356,0.04808444843441424,1.809724985746586,0.4126686521435085,-1.4971667495370027,1
0.07416405421852978,-1.4143771256158877,0.7721772982515268,-1.201009787674731,-0.9533639169279947,-0.7419094370497294,0.3699573851862049,2.506667393746546,1
1.7242149283637151,-2.2127123583614305,-2.671627591533305,2.0254911991848505,-2.182459383758874,2.273978032112886,-1.4426385054220043,-0.3359991360874651,0
3.018089671932654,0.5796513567484451,-1.4218754537624405,-2.246438094856525,0.3393167887920551,-0.9667130670522149,0.2208948680074036,0.257466326873403,0
-2.6140404372243133,-0.05781031963539261,2.454505675530646,0.8472619239810272,-1.0920282333363716,1.0962298989193109,0.17383217841803444,1.2584710761910998,1
-0.6252931020380761,0.1672222680732984,-0.4888760509785568,0.5133141196912476,-0.7207640486883067,-1.3950330272871387,-0.7105950928838916,2.7778522470368276,1
1.9023229214379498,-0.023994803354106694,-3.3675543886686414,2.454615821915044,0.34375942784506036,2.174754011562499,0.11917176293511131,-3.079794140433406,0
1.899238299690256,-0.8952830930230352,-1.6470730211256421,0.2048360208060933,-0.9641765049072287,1.0822501758938583,0.7791312218875215,0.3453259257631214,0
-2.541886556208077,0.9299709937279163,2.11051752912425,0.14583172643367992,0.5605248502021203,-0.8432164379561926,-0.12313101980007204,0.8795686637920508,1
2.0259271458565564,1.1331155083576983,-1.5773366285479922,0.3901106351740842,-1.019874737249432,1.8580020740203076,-0.7520953204534947,0.5811111293968951,0
0.46729616263875373,-1.005704736623427,-0.7909354736596814,0.7076761832576597,-1.4461970802115134,0.7976926372718592,2.6457015875833068,-0.11996902962152367,0
0.3822695157834939,-0.6564917728486042,0.0629241265170919,-0.9503964115387699,-0.8882502657795266,-0.8739404761254048,0.666424471685837,-2.588234015077605,0
2.5092946182715874,1.3027832768210437,-0.2650491613557392,-2.726422827213505,-0.879796345370419,-0.6240814527077649,-0.7711752924501525,-0.4371581526656606,0
-3.7387754906540884,0.33270919992328607,1.6908201996492809,1.1070538157661232,-0.11118506855110653,-2.314702222656267,-1.2113475751141947,0.2745666537923618,1
1.5331613249373128,1.7765385144334278,-1.9398347802638312,-1.1825897278755355,-0.3768666494597489,-3.078240544260118,0.36938479403333335,0.5985375611246904,0
2.096807094824482,0.605143279955362,0.0820750119179996,-0.7224245810843226,-1.064373967676463,3.2951304854877534,-0.4131955842118296,-3.1158733662266465,1
-1.809486862243048,0.41520972600426465,-1.3365055600525773,1.2443286977278218,-0.47519745016649767,-4.170597365177283,-1.4358789074934766,2.045939552361249,1
0.030132435401535894,-0.5581615747943759,-0.09549188541639242,-0.35483948076062044,-1.0310370663562358,-0.7649958521720517,-0.04443519459702928,-2.391958900018773,0
2.5345807114645575,-0.5781236631045978,-2.3820938056305208,-0.1201374468697467,-0.506744018732025,0.3244898065007886,0.27791704529464506,-0.9062812017886314,1
0.07881029802407147,0.02841512684456848,-0.9684490618386791,1.8922957037011563,0.0799569867657609,1.949583908932667,0.10669044211287822,0.6413747240660517,0
3.8324813140008045,0.7722121711046261,-2.482488086500612,-1.844669258083239,0.5301816954033818,-0.613054362425404,-0.07116055394194926,0.827146835198185,0
-1.0791345958287588,0.1866661192452665,0.25153077314757033,0.16530527663115624,0.12479556749588941,-1.5269630384994126,0.137856462269788,2.2120472434384144,1
3.110527960057423,1.3469175028094484,-2.1871524473161474,-0.4042403070666365,1.9020003670073793,1.3953002568547184,0.07206393354443412,-1.2657675368948778,0
-0.03883902940835893,0.5672566126252463,-1.5069657073980864,2.4049827312759335,-0.4304355740914681,1.7208951611151435,2.3253820566823906,-2.5033676681645485,0
2.7043228193651654,0.8813190784808687,-2.795565356249238,0.13524466866304707,-0.6559668882563895,0.32138074527571514,0.5793756495662277,0.05302559067009027,0
1.1423988147964583,-0.3787411740441498,-1.1029771802224366,-0.81644637064896,-1.3214548609811825,-1.3824577208578834,0.12053902546970682,-2.150508777475459,0
2.1307511817610036,-1.3730938459925979,-3.057141607496825,2.044498960595643,-0.38602264228919986,2.40629877350179,-1.3584794010183883,-0.824994137184673,0
-2.084133914574819,0.38148699015984416,-0.6124447573680647,1.7163492132945293,-0.10862066595157159,-2.3353462073638314,-1.4767344361881212,2.1352828958880012,1
-0.33037439134673724,1.0992696504720718,0.4202366283522756,-2.2802394444583554,1.3391486751575414,-4.396400603012411,-0.7584077913600672,-0.20268940059415275,0
2.9861065690261874,-0.04637907526441867,-3.7168557613732585,1.864873492851106,-1.0043459070803902,2.5292856465045572,1.5109436807628616,-1.0233340295868694,0
-0.1904493801574897,-0.311420081505743,0.028161626077963575,-0.24661036318917917,1.8844342292213254,-0.9292261597992164,-2.6701685634617562,2.7888238078019034,1
-0.38088638676948505,-0.3288710199507031,0.5192060123105451,-0.6817056276268487,0.2454865578188467,-1.1883971608378665,0.23634670297566238,2.388943879685736,1
1.0874009463358552,0.971344228736389,-1.4146703118658415,-0.9214647793985187,-0.14788360602365075,-2.393854963126447,0.8270276008308057,-0.6609223385754175,0
2.1937031670242986,-2.05634524378953,-1.7905210656749873,0.11039015451238554,-0.6089161295049536,1.305145335313974,-1.164089589578607,-2.0981338242875482,1
2.3372836849813816,-1.6170110847481478,-2.8945904918874024,-0.5492835679736972,-0.8100315186295582,-2.0448432373595438,1.8833341096690048,0.45434428738996413,0
4.5396982661114365,-0.11849953350665043,-1.9630662273303678,-2.5107964603042383,1.4138969332331792,0.695626736958092,-1.8291809410848006,-1.3724233547639286,1
4.4109228116863415,1.0432235616043375,-3.549817128337631,-0.45328222988160394,-2.1100227801871223,1.2935835760273746,0.535571661895786,-1.5378335935028438,0
0.8143648369448575,-0.2901409028172282,0.25410007519893885,-1.5481950119278638,-0.1577681802896196,-0.7613692345723575,1.846675362544994,-2.416288455275004,0
-0.518980405622236,1.2805101696754135,-0.9856651481222525,2.076477916467178,0.6719396872884156,1.1492723297350926,0.308559158139641,-3.8797279830136304,0
1.4370535569377094,-0.2406590214297884,-0.5421357201014076,-0.23012099502092642,0.8937287142425357,1.5361459854924358,1.2292833613659282,-1.238397298942752,1
2.97748476364487,-0.7622970167997057,-2.043056866453801,-0.9028997733529739,-1.7675945084829126,0.3969432808516883,-0.44711526876548047,-0.8660251571723905,1
1.3952710072837058,0.864597216722969,-1.0352361571419428,-1.8667615271928724,1.1257212381295454,-2.863696460873345,-0.07096167447615413,-0.23928277989336577,0
3.200556238271667,-0.39452150841011985,-2.944481316531754,0.8747084858943659,-0.7877111828791159,2.580455952422153,-1.576234598508865,-0.8078799589248422,0
1.3427158139866355,1.102277108301677,1.6717443430378711,-1.2850494847928664,-0.21728759954909704,3.767573403863424,0.40470986858972163,-1.6842108318160105,1
-0.46135928976576235,0.3298863241197922,-0.7840067700618925,0.35075793959987556,-2.613268539170018,-1.9761588588811572,0.8360003915561117,2.8564670810106616,1
-0.8507095878244213,2.6619712896660075,1.8914134737653643,-0.3703106790755042,-1.5202733708175225,1.2438496158460357,-0.7527611073780103,2.1907045034304202,1
-4.114137773545754,-0.03704953080571096,1.6586043046052739,1.6793573411717242,0.4334389957704097,-2.037217576477564,-0.06972136013830216,0.26396424664152973,1
-0.4160239585591776,-0.4172073287774371,-1.4256698257615728,3.198576708834665,-2.047554429020795,2.6417725728877293,1.8538816163387772,-1.6514825831873443,0
0.6035731332942813,-0.6317051754128338,-1.4820849116959616,-0.4124677762726694,1.039982025278316,-2.5361252778574817,-0.21557548707166999,-0.9941918817023612,0
2.5588487461349123,-2.079585666381289,-1.0631572134820195,-0.6937491082361025,-1.1955805299679525,1.908585653021444,0.3852578168535799,-0.3244923592537544,0
0.43876593234922523,1.4761902785396457,-0.6246404525626017,-0.1168981858128939,0.20511006877679996,-0.6827039211554835,1.4606014677494614,3.430735254333814,1
-0.6164466238371016,-0.17810973164181737,-0.8229172170661312,2.2891536822383434,-1.5403710209323687,1.6076150676434988,0.896111317587086,-0.9656946886963949,0
4.103534491175965,2.177345485793298,-1.6502649685442123,-2.2110430774399683,1.2587176210540754,1.0079209246151928,-0.159919730135544,-1.5017395927095003,1
2.159121033889252,-1.1247042089264372,-1.5464621289629745,-0.5709545879473925,0.9018756249332319,0.2935432895507184,0.23143084965246,0.29331745295492073,1
3.1506672189473277,1.0598000328136483,-3.949062716747849,1.7312585700358794,-0.39907515566515794,2.1222086671294678,0.07273948504007854,-0.5055923096742029,0
1.5964304976386325,0.36296360030263525,-1.871720566342507,-1.080621792519428,-0.529086068723371,-2.5829055051544567,0.3310684757649382,0.048570625318910654,0
2.183562277251797,1.3779300759747137,-2.357890412499727,-0.2707991738328549,-0.8174438812990386,-0.6734956387981899,-0.8272642372752133,-0.9851661094617836,0
1.2909355956373498,-0.7161428854765648,-0.9410177794558892,0.2330676438756174,0.016386918479636112,1.3137061513413977,1.415936315128944,-0.5767030714097178,1
-4.683866326935436,1.2095423196112614,2.6955156445982054,1.9438017558935892,1.4922548531754147,-0.5931384865393988,0.46462520567805127,-0.07526655139321248,1
-2.200668040419093,-0.33434806578353604,1.2764671897572426,0.675017914082105,-0.22306143849613452,-0.7829208094201803,-0.8977161994982428,1.5085269127724423,1
0.7951026777640309,-1.552048455889833,-0.17434877322442954,-1.7652666187141515,-0.13523763564072158,-2.155182429789412,3.418612179369151,-1.0554136334338873,0
5.077816014200444,-0.42233995332238666,-2.978626604032649,-2.6379571448747523,1.7437843562138007,-0.50698511919232,-1.5982099092234943,-0.7426447569053677,1
1.015235926851402,0.9732141061340863,-1.5312591928990065,-0.165975599233688,0.16209655527725816,-1.2642989450461215,0.22711538427784345,-1.0426000499013146,0
-3.1986099865971824,-0.5199694915295064,2.3569780221715884,0.6308053931635061,1.0894554122707822,-0.7604441503071191,0.4514899133124556,0.5439289230221528,1
2.3223351434566717,0.333747317181942,-0.5460099984481211,-1.0421315770372197,-0.6976204108018018,1.801173825963352,0.43726159219176,-1.4682074231942468,1
-0.5133094900054647,-1.4330452211028035,-1.7414096685492664,1.075402840999275,1.5532230628760877,-2.6072780108162164,0.22377597714348113,3.2008163230732762,1
-0.20146780367908468,-0.7181169690934261,-1.9320967062774193,3.2452920988766625,2.6579218931851316,2.146785312540164,-0.15774660802541507,-1.3171017689636308,0
2.0104963204065385,0.9207988527559517,-0.8611752155763812,-0.7794035769506305,0.6769407336502461,0.9763986689852721,1.5181042303951373,-0.1910134856514405,1
1.6619528582793068,0.43810139529549436,-0.3765071682463922,-0.6966382322410241,0.16400910885337652,1.4200112230450532,-0.14758530018906058,-1.1675336507745797,1
-2.524329209520042,0.5863025706657604,0.617063813825383,2.7610939699730883,1.2158611209446568,1.41406368383466,-0.32869876060627884,-0.6111776368124808,0
0.5457936890793015,-0.5926989909702908,0.09226892760901073,0.17091822041905647,-0.4214475097643658,1.7051022536154443,-0.33321065461492216,-0.33288836848348213,1
2.253335765215237,1.5110637942826302,-1.1792888063658262,0.2719801340361563,0.5111107390720967,3.066734725026958,0.2523693573096844,-4.056374594038578,1
4.050499381820231,0.6750409090327198,-0.9759887608064962,-2.959834358093721,-0.16557562148758803,0.7464377668731978,-0.11179534549832311,-0.5280316409210244,1
-2.0252577543350974,-0.8524290497425536,0.12693056487290288,1.1317375669386314,-0.159644560285088,-1.857884985623647,-0.17822038900033782,1.8695376850683756,1
-2.073161271914704,-1.8308771931221914,0.3248742728160263,1.5454566993916385,1.2701520617476976,-0.7343989363116217,0.24817955462068808,2.058668880453001,1
-2.415900707931689,-0.6294488036554696,0.17712318165316843,2.961490902945033,-0.9810535302646968,1.1205439122594172,-0.5098006899525571,0.2077614016387972,0
1.736196380794891,-1.150449786632034,-0.0036757978132355706,-1.1677235620080977,0.4873255875857255,1.3733279051851044,0.20385340872555377,-0.3420004875721465,1
1.2807864844184913,0.7234048753740603,0.32204349452131575,-0.3956149016097439,-0.983419007556634,2.654271111248967,2.4461139955603675,-1.7200405382677943,1
2.0583521835823557,0.6494907560222976,-2.8313115131158835,1.8944107611425096,-1.047721650336669,2.393715383063002,-0.8187644914454223,-0.19006141725081993,0
0.8503242850621306,0.05596708609818709,-1.9806435197786265,1.5126115159564941,0.6045758543227125,0.8180508944058296,-1.228378129316358,-0.9872944476829554,0
3.5138156154697127,0.3278270075283829,-2.1272680601487526,-1.16482737604955,-0.7129298137745044,0.8725367746699886,-0.02286193612627925,-1.728411406265468,1
3.9005396021503684,0.43877340825505035,-3.53498958021782,0.6963378373930544,-1.5862392511741643,2.5270134128938224,-0.34753972715238435,-1.3565481605418426,0
-2.0417995292585362,0.16641897275349343,-0.3835627549222218,1.5934492338708663,-0.5608402182935573,-2.0217307863459055,-1.3683564570296538,2.106642864198285,1
3.22292612315968,-0.08287555568534245,-1.9103971242659714,-1.4081850747291178,-0.05579298251386271,0.16807983336518717,1.1899220062444997,-0.42432875063510966,1
1.9939167029294698,-0.09841325546937423,-2.3251444406190696,0.9548777796188531,-0.8020492462583342,1.4746571141144313,0.2776949004347434,-2.1349460600888785,0
3.2029322703305434,-1.0534685399953643,-1.782870041559765,-1.0878884392382382,0.28762806159555915,1.0609178474127323,-0.9600274851847918,-1.5244610119848812,1
0.2213611662618853,2.3148215917761084,-0.9799199106551687,-0.6684452577135064,0.20727256583469764,-2.8333788191521894,-0.7030746571767867,-1.0858934955723727,0
-0.3075973538487258,0.24980626003136988,-0.19354816017254106,-0.45072494525539686,-0.9364166988639766,-1.9062724710645682,-0.2612815178863674,-1.4807904344360443,0
3.8539194854144254,-0.9847775858490169,-4.339239112558691,1.474862804737236,0.6339020354464492,2.282661328634977,0.6172871541468608,0.43450010211624934,0
0.23149040180767066,-0.48170030101762323,-1.332790132939963,1.403788844343351,-1.4062471045815133,0.6129638109347146,1.0793032004252674,-1.236461084128766,0
3.4635618030816824,-0.03513333461816017,-1.6340699120440196,-2.004161875901878,0.47145207718798043,0.09981531428282797,1.7301158733711852,-1.8386859640949111,0
3.1416884134999465,0.45834529850381417,-0.1735157987072855,-2.044330376373992,0.33771613223083463,2.319357902907581,-0.29584241486487395,-1.8347619218146347,1
-1.0892108980105355,0.13070315059090312,-0.15966149697593113,-0.6713636574602094,-0.09226735176747433,-3.9342570025118837,-1.0783413618200541,-1.8354001962857334,0
2.7307722553795744,0.7864704390638965,-1.5937789225447014,-1.4796357619631277,-0.06372615035274871,-0.3410321483022246,0.582898611744406,-1.5758411087745068,0
2.0495220073622487,0.007763016787422126,-1.107985785649798,-1.5765067470419143,-1.2343441295919917,-1.007604775147826,0.6185767624235686,-1.1622655784792868,0
-0.22656673966646246,-0.04166176814667201,-0.5826738091436897,1.1708976023001616,0.30435676298479125,0.7174252780227562,0.2156152416020934,-1.6576840464786446,0
-0.9800657134502166,-0.3654341171290954,0.7757854132403315,-0.39674518967080874,0.40982533293607715,-1.3598849990951736,0.502445494503549,1.9886052411833939,1
2.2781021789945277,-0.35537509242998966,-1.4656371125444594,-2.279013848668967,-1.503910280611394,-2.733828247453321,1.1372390408960054,1.3353239387638858,0
2.724524330914938,0.6966447246338537,-0.7952228105197693,-1.0496360191788718,0.28293803546086954,2.1529791082112926,0.019330194607769344,-2.0536220322750713,1
1.9930429840521136,-0.33251960483281345,-1.0825858915819206,-1.397876246679812,-0.3463530236598366,-0.6754777096013491,0.12938243300809024,-2.5517556174874967,0
4.280548057846261,-1.3190245348493348,-1.8578817982878884,-2.1804586637096444,-0.08708100516831502,1.0584934485584283,-1.5982054861727337,-2.6587486563537914,0
0.440682821873984,-0.31565123822287544,0.9263233343665462,-1.5846367464066236,0.09250161761369259,-0.2906136860555153,0.8162047350565086,-1.3402959017143965,0
1.2168095294052752,-0.5273258780273912,-0.19972826928714782,-1.0604173344918044,-0.6685370593613871,0.14444775569651247,-0.06966258432715645,-2.4290466105599102,0
3.3664126042854745,0.6831807068966684,-2.8177745841947908,0.6061107098766637,0.9738850533228717,2.5939187058511477,0.45039185815499777,1.1854574048242303,0
2.030256746541105,-0.22555974469442344,-0.9703778373104963,-0.43854417095744525,1.2158841881335962,1.519203344393,1.3816751055690941,-1.5500697362990694,1
-0.5829483421400858,1.03955935180465,-0.33833355113183805,0.947882113337085,-0.4984769756559134,-0.044979379280132736,1.9921752285712453,0.12551799086893833,0
0.9320300795578549,0.05245626720340214,-0.5869782472833149,-1.484661991360461,0.14343513700536545,-2.167920151798145,-1.5773606071931627,-0.35846265115676423,0
2.9207591898218763,-0.6671257000033642,-1.6259719856174573,-1.3048155968183348,0.978904552461823,0.30727688862813474,-0.21985035315439716,-0.2850475888443219,1
1.4964926709280313,-0.8250280767696079,-1.016984399346581,-1.1773256023376666,-0.14638062668713506,-1.1812974585252758,-0.7554994483671061,-1.8694137113263416,0
2.8089762253986645,-0.6595315844493616,-2.4822634279500932,-0.2094173093950037,-0.9915984395831186,0.5215857623576694,-1.3478149460094058,-0.7465968495673243,0
0.7083247238496202,-0.9035526085616354,-1.2069611744812332,-0.5023083548001913,-0.6331937655359954,-1.9297050370789535,1.5654103898262526,-0.9915615134303528,0
2.1502923516102674,-0.9791329666808096,-1.3942999167415993,-1.0126027724327298,-0.1746268055654237,-0.2140028216604939,0.656571497753158,-2.34199653022814,0
-3.7744697255084194,0.364316422589904,1.7747187474704784,1.0547665094728718,0.8197274852317957,-2.323293016715658,-0.3871829586041472,0.25869192641318584,1
-3.665649840709258,0.10329197385978922,2.018093364235428,1.6701447932253162,-2.233946497410113,-0.3559448839650021,0.13428279165099402,0.015663594016772198,0
1.440360399809294,-0.7565586120386898,-1.2944433004150888,-0.2526740001150326,0.21264119084764455,0.00492270080400159,-0.8038168584562375,-2.675186029501452,0
2.889632365594373,2.6348778008515854,-2.4796256744632954,0.4662413632166962,1.2309151282545694,2.1021913854478336,1.6307296654757086,-2.4258443356260155,0
2.4623429190705712,1.3744688734311037,-3.468244736493369,1.4710838777836028,0.30579691845099566,1.2109221087510755,1.5764529088341543,-3.494584111503756,0
1.9609589436214796,0.8415209918809313,-1.6113230675439236,-1.1280781510961118,0.7753377209060537,-1.3119694226201528,-2.577931192274492,-1.7220140125780046,0
-5.043311794899548,1.7496936133772965,1.1351779563166229,3.467818434792523,-1.38799494037741,-1.5203236773844,0.9234803567323722,0.4213600719627486,1
0.8330629806672087,-1.7661193225970087,-0.5764220136325868,-2.1539096059807736,-0.2754135355172389,-3.699122461363289,-1.762196276174263,-0.22805166086063822,0
-0.21402598771464043,-0.12351903520104388,-1.0926024734424349,1.8278533724782657,0.5350778912858252,0.9972325973138216,-0.5718148518956575,-1.1100217685026457,0
-0.4056455181653078,-2.1593665294002897,-1.146296026493494,2.4623858447423554,0.33066796483906596,1.707828309601284,0.9406282708924532,0.1308225325238106,0
1.0758082512261122,-0.012566584300405926,-1.5311925703285802,-0.6593720259423224,-0.39978056525874583,-2.131634794880891,-0.8659087687775784,-0.7055738407776357,0
0.9271295674447085,0.6266736121033404,-0.7960974348772507,-1.5762250318036128,1.0750316059832044,-2.7932952025386912,0.8471308773563645,-0.22146908368870488,0
0.7540236328667886,0.17659703390572892,-1.263963173736947,-0.37386972756848313,-1.6213235394653875,-1.679962620420785,-1.3043326181804393,-1.3770295843456601,0
-0.5698023812459145,1.0175517381656227,1.8981322519096553,-1.2807943247557179,-0.5020194919384566,0.046273258872009615,0.3866711352880274,1.9009667782378825,1
4.5144672481611074,0.7300867834384015,-1.3549930144075872,-2.749229750504025,-0.7612645272141174,1.43183058539014,0.5752486829103631,-2.108899559514691,1
3.1143424947938927,0.3788718856892748,-2.39122421666872,-0.7442038257106118,0.42488530339347474,0.298003807594875,-1.0988468259783406,-0.9893529579530845,0
-3.711837696764773,0.9754137319288797,2.285757647574343,1.410414015755846,0.3801688326159939,-0.3502062779695445,-1.2368425891234847,-2.403910848154931,0
-0.3495779257872609,0.3408156249727202,-0.9191103481619795,-0.4376670761036885,0.6269441636031792,-3.4841674862460987,-1.3050245856307023,-0.5017558814226435,0
3.6566723585139034,-0.6272272427756026,-1.7170281585553884,-1.433206725044904,0.07638349350346328,1.4834439792552703,-1.5502861496413232,-1.84449817028944,1
-4.179727890164357,-0.05300334370286682,3.9907479575849614,0.4961525510520973,-0.42587537343176873,0.2474306372522681,1.61673536648319,-0.3865795844830051,1
2.830818909048417,1.690235536179311,-1.3957855807066133,-0.97314285085443,-1.4911654152489577,1.2777311280494135,0.7171125316280677,-1.199888760236959,1
-0.5020072761751444,-0.4027571048041882,-1.2206478198904125,2.531894472303806,-0.9623728460817554,1.5518931355100691,-0.12566488445624302,-1.8661152563324652,0
-3.8410520122121414,-1.5013440544332204,1.4863403080851956,2.832618168084987,-1.1675864402595446,0.5631990271164565,0.6988260716115383,-1.8099757497456492,0
2.3533971993075227,0.2965516333357256,-1.4327715475667158,-1.593150845776709,0.450552150210799,-1.0360938221802538,0.6573920479150489,-1.8191314171732165,0
-0.5479865720050607,-0.6097686288896754,1.2664522094172026,-2.5626988407276157,-0.3347889242815569,-3.655686619993099,-1.023118129611695,-1.446737926718196,0
1.1594787622475824,-1.0971161069881445,-1.173925747628758,-0.906762447191912,1.346938862105636,-1.7272365562742547,0.0059540198781815375,-0.38028843920960476,0
0.21757716472700617,-0.4002804790096892,-0.49606357915779187,-0.2681919489235882,1.0483360942807385,-1.0187809017746785,-0.10552532806532919,-2.145844778741902,0
2.519777739917719,1.2417642496103674,-2.475236713664941,-0.03892148850858601,1.040534445273553,0.28536212704571673,-0.32085433142202224,-1.5616965510157352,1
0.8502835677036437,0.53636445687189,0.25498111156090353,-0.13326949849660652,-0.2781364603243834,2.0855301563468904,-0.14681136832509029,-0.5261349447094859,1
1.6197271507392679,0.21056645731155904,-1.3191914903496686,-1.1112103468965149,-1.4718590677176215,-1.4488988517336512,-0.674324747202384,-0.44789101117890107,0
1.206210764443993,0.14872259075403832,-1.5535261886333651,-0.4028162587030787,0.36623048762499855,-1.3427121606773484,0.6919460278442265,-2.094388106445397,0
0.9375058857094845,0.18623871077804396,-1.0621558290750057,-0.5602343851884529,2.064025156840204,-1.2649972202036157,-0.4271503541822204,-0.8467967997965444,0
1.7196150167558255,1.5691736182555036,-0.4334321400569908,-1.9636122992466136,1.828408462559202,-1.095454002495013,0.1081114110324643,-1.4889089808089597,0
0.3640006952222181,0.7754273317568555,-1.599379603703467,1.9054926227699749,-2.3029319757786557,1.3630003002717253,-0.5178301912043859,-1.5475409579231711,0
0.12140187932392135,0.29384164618383163,0.1681442996622573,-0.32547804471695274,0.11789289440043094,0.06226094873818888,-0.26530266485105386,-3.4983311669205834,0
1.469670681430482,2.394156742500977,-1.2737395576209105,-0.9104470174328252,-0.12322341292873161,-1.250054714756421,1.1392846302228583,-1.2363589965526909,0
-2.806234678695396,-1.0706982827842255,-0.37533847533335307,2.3648026935975066,-1.5766812718525267,-2.08558784665127,-0.7036343690547946,1.8360547383606596,1
3.543774253774001,-1.6533649023951265,-2.208438245051075,-0.7594883757221225,0.4094375543216383,1.6019450664956871,-0.15723272230742447,-2.408295748254104,1
3.238989731567563,1.2574876575894556,-2.4398044259580995,-0.9208409673013538,1.1220703448967464,0.11647669110450276,-0.15396438063644957,-1.1460186527656013,0
0.7632215677804437,0.15763596527298554,-0.409806889664177,-1.1187091795876527,0.3201600117299804,-1.368875691640925,0.1995706895180897,-2.4423661483825083,0
4.454803510793931,1.759165805470218,-1.6907640247399394,-2.026607069822053,-0.619023326224578,2.1025462660484933,0.23827366698670813,-3.3933813592789317,1
0.22944786002098227,0.35325300754767947,-0.725247956803141,1.178718219352466,1.2774991886388645,1.4400442780666582,-1.2349329656262735,-2.475282421067851,0
1.6593458702023989,-1.4864685600382432,0.13291711392450312,-2.6402100408156697,-0.7165187914679252,-1.4846316207297778,1.0819677416802032,0.6256727420063615,0
-2.9220824098393985,-0.0788588565444915,2.4809049556587754,0.7595092436913794,0.14395129287704847,0.3288727745710074,-0.05120632400216356,0.9019744659074911,1
0.04340783503127721,-0.3545754547373011,0.5736187802786192,-2.216159140560886,0.9449891033686537,-3.1279046062600537,-0.6507384993780525,-1.1373954091283651,0
4.8845028929223595,0.025121088551268475,-4.051318747642453,-0.2609650067998982,0.16556619291438956,1.6305630775596625,-1.067863668700836,-0.5131838671998673,0
-3.022957790010348,1.3082259801922773,1.4561630539532884,1.4354174203550552,0.027641178841592656,-0.6393151928885786,0.6318281177697106,1.1696678407291727,1
0.24142974475775114,-1.8050602651350813,0.8337475226821904,0.5122594679286885,-1.4086007649927637,3.3228514959184627,1.2226186405254824,-2.517233388134801,1
4.212551828903778,1.8010509041561615,-3.475059722614019,0.12592042095978684,0.4160798614452137,2.1632156170084382,0.3129803428883831,-0.9766373374521986,0
1.0570518804806892,-1.4461164249062926,-1.2841282950734814,-0.677713923850979,1.644074938040169,-1.6843055278075418,0.2680647979486415,-1.3035398945793069,0
2.0339859068285424,-0.8519173929423851,-0.6230135869593758,-1.4309279407473314,1.2905847860310025,0.25952263466700076,1.039610381948918,-1.7230045748877476,0
1.8911972679564477,-0.6095149669274147,-1.3491778535705936,-0.0185747537823322,0.5281387916266884,1.3133635795345575,-0.6590177956373005,-2.3793302798005653,0
1.9676088935158678,0.018963938165857435,-2.8815953684736613,-0.08604656664843291,0.0394596762553654,-1.898388719868078,-0.2894659213235031,1.0048293335074103,0
0.4910048722256164,-0.30321893177455866,-0.45221250779333455,-1.5869509209896255,-1.3299853909380148,-3.0149261243746333,0.6157552896451164,-1.0811993485918485,0
1.8898780633717056,-0.2903592468833351,-0.7547803035772986,-1.4955974671343573,0.7158337917644441,-0.4558033545955965,1.0893593960017278,-1.4301862762566258,0
-1.8396223338571622,0.5199379551695549,1.3307020589659442,0.5125802504540657,1.9580374127941693,-0.2335489282441069,2.018619052818852,1.7350295716568906,1
1.738209610983748,0.45243703869094304,-1.0408660031170185,-1.3632921645702578,-0.579326811887211,-1.0927307545386367,0.17088912715683818,-1.659644494130224,0
1.0920263147421934,-0.526601728288461,-0.3458115654717113,-1.1276935763320826,-1.0825904076640496,-0.572108118662341,1.1082852204444689,-1.8825871174655897,0
-4.515049067674962,-0.9265175964836189,1.5163249987153218,4.117026423489469,0.2816030374179576,1.667947004703782,-1.2548029990409317,0.9175457286617295,0
0.6331008172909371,1.286398085830464,-0.08169521111656852,-1.1258346359157727,1.7734473394018686,-0.97830819876718,0.2573091041367319,-2.8070914171604517,0
-5.119433077403679,0.20159229478072463,2.4849075369355846,2.2370260020847867,0.3280957083751954,-1.3588283678214232,-2.0246345541297863,-0.3345749040882391,1
1.033545062720071,0.015079672729396079,-0.7177760773905839,-0.37022791422327095,-0.9419095278652909,0.11173561218427452,0.00541544988533119,-3.643692677821903,0
3.142192612153903,-0.4095194687774696,-1.6278906590012705,-2.033129893140396,0.7999774679140633,-0.6642955653786684,0.08393249705408284,-0.7803667376731709,0
3.3075076443284877,-0.3166523005073944,-2.344119867808313,-0.756450614232503,-1.4919024626931252,0.7776932851072831,-0.46263091372378906,-0.8543145071570069,0
-1.5824400428354,0.25326294591769244,1.7956113918643284,-2.1155731383793106,0.3525539275835807,-3.8534234547460304,-0.5158353185841643,-2.5106449463804923,0
2.406454289194618,0.6818173582971742,-1.630539043268704,-1.3397715947641746,0.036585008966342834,-0.8642008274272637,1.159970666641481,-0.4414527579535147,0
2.428261474813419,-1.3719492722844784,-1.3567496289056897,-1.0405010219687674,-2.2535626587625743,0.34953147195829826,0.9669323429041874,-0.735134205148391,0
2.1939822112175613,1.0150559454817767,-0.9509264385080907,-1.032725993550998,1.0770425443220926,0.6606802127326067,1.4352878655185217,0.3607363106712196,1
0.23605671222667202,1.2258447165314592,0.22016109787659177,-1.1610056753548395,-2.261337950218196,-1.327838137313628,1.2080053105854867,-1.2334025100017196,0
1.8873599638501997,1.4532100719936878,-1.5317714923931016,0.28907545901512144,0.5605787408282403,1.4493092595960912,-1.398982121961653,0.7187610490705445,0
1.1108829565748621,-1.1156050949029694,-1.7961578071688633,1.3062714185514954,1.518714525820844,1.3509980965225097,1.4720130588065292,-1.3764885974679504,0
-0.1424613818723981,0.8121147921827788,0.12632689535787311,-0.30592686368030586,0.4118920772174834,-0.6032586667332269,0.7962282971100936,-1.7108954004273125,0
1.8619918869868128,-0.2990149724967757,-0.7856769156077068,-2.18778146819954,-0.34178257132284867,-2.005453688093985,-0.6960350773298893,-0.04341118141349165,0
-0.7255620003170203,0.08017338872546256,-0.07932068535453274,1.3798519996436514,-0.48632619933076493,1.0806604167496883,1.3319436651067376,-1.0488654796756467,0
1.698777112679298,-0.5679138104878273,-2.2446094929523888,1.1334757501629018,-0.9748000515506099,1.2807361923272533,-1.047717379022238,0.5988742838078251,0
-0.8138847955414689,-0.2007399609098749,-0.8452412732520582,2.4869674887239697,-0.08049733370229348,1.4653049066839283,0.5149374593992042,1.2874382135218265,0
-0.685533478035621,0.08719704827666332,1.2458803970919357,-0.33059080579122635,-0.25177530416290167,0.3869372252814649,-0.020927936314680203,1.1933237785717032,0
-2.979161285106137,-0.42810614827327015,0.271751426612155,2.3600092638539207,-1.2823115218791679,-1.1373700731844965,0.10016725988550873,1.7244125615318038,1
3.0447757849232806,-0.1711915843919336,-3.6975835305275986,2.3303849618193713,-1.2468838730389638,3.6009923606539704,-1.046293061019234,-0.2839690861415112,0
2.920380208603664,1.646494479038841,-2.0316785581759147,-1.2138441126507082,-0.16161426070816093,-0.3269362681764425,-0.3657638133162323,-0.7429087331516552,0
-0.24432005666317985,-0.10878113335578235,-0.2236209893354878,0.9948449742026654,1.2396784124805658,0.9885836790748459,-0.5471881021358146,0.6753344001214505,0
1.2694354732540214,0.061161263568974264,-2.4210360905460018,0.5510735444293187,-0.45395943232101493,-1.141721766725491,0.7274177084235184,0.018715014585169998,0
1.0881427591406068,1.136111080363663,-0.9132212410636997,-1.3446703564221885,-2.0708500079327905,-2.1908247562095644,-0.6719847514906764,-1.35710435430645,0
3.15433826667973,-0.46555398868703235,-3.1240985638188414,-0.5446570195619843,1.0551083207149194,-0.741816124963017,1.0230503734701428,-0.18299076686894855,0
2.2398576445591765,1.5170430859547954,-1.7391454279695988,-1.2786381430099802,-1.138027067688442,-1.3179274377362,2.4137361354642426,-0.49186619891896877,0
-3.2966430317749102,-0.5727054506520985,0.8252864230881264,1.9707347424413968,-1.5878325140338636,-1.4438044608275553,0.7473217372170272,1.1843360969582781,1
3.285022229345079,0.5269680314381583,-2.458757945792269,-1.4855093079796038,1.158204577477085,-1.0126482890248256,1.2680687931238084,0.7639997602295066,1
5.107427488323147,0.33629622832730965,-1.0436776719667118,-3.350600353436179,-0.7144695946510017,2.1345107237927925,0.38486984776771416,-2.2042504773703504,1
1.956974898387295,-0.42592479198066796,-2.5045668379454913,0.045649747533047735,0.5974526762167874,-0.8336336986401938,-0.3517912881430155,-0.6901189685873712,0
0.7597323682112477,-0.18687734646489637,-1.5566286391956057,1.4366227822157882,-0.15738205087900448,1.4437630035764106,1.916549275373734,-4.2902796924153055,0
1.647046877878818,0.9497513268758884,0.8187318070835812,-1.5414963845079828,1.0616231471998794,2.120392862359146,0.5275521835171357,-0.423907943995367,1
-2.178057777422791,0.40259200137482876,0.5567688605576465,1.034717848679193,0.5542796420387394,-1.4927547155067695,0.1261681344270026,1.6768797077624304,1
-2.0040894936061413,-1.0208174673103139,-1.2851021713661452,1.5567786949438005,-0.7019037915241338,-3.8571843589337274,-0.7763873718934176,2.077983427941981,1
-0.1166696366965953,0.7949389289756393,0.06601163443587854,0.46951517764423334,-1.214248290256611,0.8370485479573627,0.0070984001775593756,-0.4005618045288021,0
2.808833165594283,-0.40758142759702937,-0.8604700987900092,-2.910445141755945,1.3274321173306607,-1.5765205300885223,-0.26862128465356666,-0.24225575104454233,0
1.332661713265393,-0.5226916923419908,-1.2120369003127,-0.3292683595182344,-0.08292332006623439,-0.33756045107823773,-0.5052999305748441,1.4026724578859147,1
-3.1649653910800537,-2.622082364020122,-0.5123734819519812,3.0404028932624936,-1.090626997511806,-1.7829941255527086,2.330574293529829,1.9044073468265963,1
0.22971370065680546,1.3447985487000405,0.38890655781228256,-1.9280273854952543,-0.5674776914516717,-2.4898743884264682,-0.04368682661009883,-2.487339497498647,0
0.6264503364275298,0.33132925206080754,0.18530289576038794,-1.6853262815439736,-0.9776885380525953,-1.5976855248259747,0.08876668585445492,-1.7582758300994632,0
1.870595293650461,-0.798550619054962,-0.3676089373180179,-1.632474355781772,1.737887516290644,-0.021361810110186008,-1.1296941688191142,-0.07568592035924016,0
-2.9559670351230354,-0.11656215519923845,0.17126141986723864,3.116876657212157,-0.9609660383210771,0.31844010797408384,0.8753560773458001,-1.430282563621658,0
-0.21250893916827363,-0.8917562451910804,0.5046315724091957,-2.218291860768971,1.7718424235586199,-3.8132182752443766,-0.42194228568745107,-1.327574904908532,0
0.6034937626918607,-0.36328122827846054,-0.22614135173582128,-1.6092055551979332,0.307551610365067,-2.339787282621653,0.22620456232407013,-1.633523518863385,0
1.5124018241439032,2.139424255858326,0.12277775812145175,-2.257512956973107,1.755802225416881,-0.9929017006282532,-1.6031792358712083,-1.3181630672678972,0
-5.448004303878396,-0.39136131532324286,2.7201624043173855,2.496079375962397,-1.43713392321198,-1.0562231568784881,0.4481042354580357,-0.4859295152318106,1
2.2527053061579254,-0.14988985005231695,-1.7003988335029294,-1.5181230223159778,-0.17848492700112717,-1.6866342936288095,-0.561846112917767,-0.5965010006178781,0
-3.553545357885797,-0.08420500844257142,0.7153141982368202,1.8306068410727194,0.8159064848693854,-2.485428832270914,-0.04152072329162385,0.8224114080441525,1
3.1462086013745685,-0.3030963299981644,-3.380666762199329,1.6480216167006212,-0.29310429532581356,3.1375147414007323,-0.27127301299702455,-1.424910552605751,0
0.37044182685486576,-0.557582212887533,0.1403146124295751,-0.34126006524768426,0.6266137566318811,0.37007863410931574,-0.5921599665711079,0.7981287411099929,0
2.077628360547344,-0.7973675511000545,-1.577753110424357,-0.30894588990493954,0.2738011894316425,0.6101975298070564,0.02280953326315896,-0.6880612075760792,1
2.814828131997839,0.4742277735673192,-2.08224536486238,-0.9580360657714129,-1.6422794007759929,-0.16399536975340823,0.09974283414517371,-0.11488339993279251,1
0.6576015978791173,0.8340480484750992,-0.9125554012214292,-0.7578772784327711,0.6969517198219655,-1.8904458590699837,0.4742762861027912,-2.7809504299050607,0
2.4771880792064573,-0.24738378738048478,-1.4186398089560317,-1.7276104513164956,2.4772437422875146,-1.0543065361937598,-1.2442127433573758,-0.46777976753260675,0
2.2203864663042734,1.7794084992185333,-2.5180559469151294,1.1420417739344544,-0.5446387440707355,1.906326039947956,-0.33406592304495847,-1.1465785590894682,0
-2.9295805060478646,-0.3722155856095955,1.9585550470253896,1.5889452887327955,0.36566084157468925,0.9647077471286021,-1.8046922561664536,-1.0787574475206239,0
6.088808398496719,-2.077128555129602,-5.203984441150249,-0.25233840601868707,-0.13891250934826066,1.9171148382520802,0.1260399597358132,-2.331333325474917,0
-2.791511830718436,-0.3696436503451275,2.7812504889367613,0.34598662005334235,0.3926733134779763,0.39866365051688457,-0.80725360562276,0.7892196209137055,1
-2.759343298970881,-1.3662093806010653,1.0259375323137523,1.6405125079662661,-0.2986134794743056,-0.5573628829827572,0.26393805938753934,1.5064996283988812,1
2.530199693324132,0.609641932500437,-1.591436484224138,-1.2806738986345445,-0.5420720265396033,-0.36215038326661964,0.5622150368983928,-1.7138605514856957,0
-1.3006535936644734,-0.788009867997419,-0.19274093637307788,2.206574682417803,-1.6958810957443906,1.287321851416368,-0.20370308267240372,-1.467954833187171,0
-1.1176542833515035,0.41538053569502364,0.10210610551422783,1.7583359999244002,-0.5446119515833184,1.3280639285408042,-0.3905660584932958,0.33712705394546316,0
0.11365033381336809,-0.33921653891974307,-0.9165074302759411,1.2964713125543468,-1.0669681707669594,1.0451881941403436,0.7504243928372328,-2.7278042986680333,0
2.2072814859378536,-0.33339617511134834,-2.0782585049729496,0.27837920448440967,0.8114970214782921,1.079170488127775,0.024617056292358296,-2.024781776168951,0
-1.7642783498954462,-0.3332489823210778,-0.34488070363252554,2.2538678854400995,-0.6653027224294583,0.1265728914597677,-0.06040473757777612,-2.8969023165058863,0
-0.9941385638814328,0.4749024925043004,0.7307703321418026,0.2964127793416772,-0.6370608417986676,0.0038220899047707313,0.801811716526057,-1.207213357651455,0
1.3045847856914685,1.0897616974248518,-1.3320557616801887,0.6659300562085818,-0.8371390378600504,1.4026291817995868,-0.6473530745126671,-0.3953121402367029,0
-0.7059733326345714,0.11583414095460469,1.55938852562973,0.3992414118486032,1.6242121634124336,2.4650460067419933,0.0687034027240177,0.493469371194603,1
0.9823409533407812,-1.4412479824408535,-2.519075156725252,2.0977422380584456,0.6327189063189486,1.1789726821312747,2.2271128895015346,-1.3326685747457756,0
1.213378832994651,-0.47289972863260904,-0.7288191251961176,-1.078160369397795,0.3689730121023453,-0.993220946689448,0.41371271362130946,-2.0161096610690104,0
-3.8037715935054717,-0.4452045068770011,0.7517793653781619,1.9247410100967557,0.775661124366797,-2.7513190007329285,-0.18991844419963433,0.6560901111231572,1
0.2730058200136152,-0.018684130874671818,-1.1653555170722483,-1.0768007545610856,-0.19521422116182324,-3.9749133813790154,-1.7863868118220216,0.7082433762078539,0
2.4260287033101173,-0.23584798708873234,-2.470193610301301,-0.36669932337646705,-0.9471576262855703,-0.6173540484411033,-1.048141342190445,0.2817428347867641,1
3.6070237090569433,0.8433532839147059,-1.7660207698175632,-1.6377983489682237,-0.9397499346317001,0.8126548245220409,0.3655233693761782,-0.06917021812338842,0
2.8478754791284446,0.2305706417664796,-2.251404554962659,-0.8824323185065124,-0.21042572755923167,-0.28374176687026575,0.0551653992039538,-0.25984658785866055,0
1.103816939635312,0.824891928482835,-1.283245453970745,-1.5140818706440413,-0.08402685697568738,-3.271232099070672,0.8246419535997122,-0.7647404007578018,0
0.0595213794770067,0.29994536725017934,0.1099934074092368,-1.1175095334218261,0.45005063750665686,-1.9613204385255305,-1.3877019486910944,2.5381661520107155,1
0.5548048755739697,-0.10187382353381645,-0.2551789317693972,-0.9765628162129363,-1.3212487006163607,-1.194702897081439,0.04729951330689839,-3.0314644020293047,0
3.377729436754934,2.098947572309178,-3.764881658435028,1.2407080748926191,0.13803635519893842,2.050582327577269,0.8326164167814746,-2.025437388234841,0
-1.7612608899633138,0.4441705088041939,1.5073311714821733,0.1304515013523211,0.6520012688077619,-0.46474134766656194,-0.29755294446159586,1.6020799034144102,1
0.6289793816188797,0.6982509369055263,-0.9107653809320726,-1.080638866137694,-0.49809130462259665,-2.660895455043628,-0.8836513206013193,-0.6178751819671177,0
-3.584144684569753,-0.3053494215712074,1.2381154027644343,1.9794780131027836,-1.0542252860029182,-1.1883137875010537,-1.243917019818718,0.9557441186688933,1
0.8033863876743089,0.46522568269359166,-0.02796600969722096,-1.1451604487705536,1.4748339702164097,-0.563595469006656,-1.3369763063635876,-2.176754725533089,0
4.403092209893187,1.8387288136708329,-2.6236677623757223,-1.1608998622608617,0.3194352729217999,1.8228931707522247,0.151349752452347,-3.6514612641874713,1
3.0969894142271817,0.6475584143936208,-0.9793888011161991,-2.657421386980059,1.7224480668756128,-0.7126547568069248,-0.3041058648233132,0.183950664235202,0
-2.2220177912636236,-1.8643029829619684,0.36670791165237404,1.0198893695187716,0.8527030131278297,-2.003240234439546,-0.8809998133308876,1.6266403764854644,1
3.6368733791641805,-0.03218064868525681,-1.471110921670363,-1.4483461386223928,0.12373495902975498,1.9432940228334932,0.6476886982597997,-2.782627872157054,1
0.6214078994184731,0.02305518847982946,-1.4787507932116501,-0.2930694916561345,-1.1429939707765968,-2.238691357998122,-1.6118464334352516,-1.4377358397554336,0
3.211146616207029,-0.34182586888237204,-2.8540231958983178,-0.6849584678294984,0.9036959089026498,-0.37939963308231983,0.23272917467605314,0.7917541710517351,0
1.2345341376316483,-0.0030752268009296845,0.3397755895256269,-0.5193212614398424,-0.1955048510156436,2.326544809367274,-1.67597358222095,-1.1449202780164163,1
3.9730731745875247,0.32932333268373004,-2.0582266846645965,-1.788749151092074,-0.7851080656430306,0.7530659696333417,-0.3181686430612376,-1.9372998129658865,1
1.9889898191294306,0.43990474377091365,-1.0992831159090983,-1.127098229133402,1.0752790958354728,-0.22226291586679636,-0.07801094147458493,-1.1143507570373445,0
2.4614736620855746,-0.41765685580521184,-1.503906801570503,-0.28156584337394563,-0.8734750906084915,1.6541694912596818,0.11509595403425692,-1.304433509872995,0
0.49438602915482177,0.319609295191329,-0.9205145987980193,-1.5954093092521329,1.3202668600329233,-3.9998950378043574,-0.09440019754420159,-0.5189450772554592,0
0.9451950960465076,-0.7789159512900271,0.33495510083978663,0.0857750052965276,-0.13163786715211978,2.942037019578398,0.12521474611205508,-2.2034065835172787,1
-5.190331409529315,-1.381078202718446,1.2000533331141112,3.031648266974785,-1.3564525673180317,-2.560397727879991,0.09194640335974344,0.01916771213571944,1
1.6467648233439838,-0.9686923377395297,-0.7964520162720787,-1.5478043763407427,-2.288908688654389,-1.167525997122376,0.13418414229010642,-1.3180339359299513,0
3.24019922182241,-1.1897587448041156,-1.3451916460135187,-1.8477632264722974,-0.4134056353784195,0.4684136400602066,-0.7129259485825813,0.012728899905606106,1
-0.8829283049200114,-0.06276335861350743,0.12389294136888762,0.9553448366652115,1.555058613126157,0.298445405132451,-0.3931515789766409,-0.615495389567737,0
-0.4610223660346462,0.7693580415476434,-1.0510991584917306,2.388558255202886,0.8268120403069148,1.6822426323854878,0.2025591169599006,-1.3151325003278829,0
-2.1145814515264667,-0.18242013076512792,2.159086267262055,0.03194122376712838,0.6147957070118424,-0.0704585889759668,0.5564382193601043,1.2145263304743015,1
-2.4364647641680977,1.055501912232549,0.29696637407690385,1.218754134492653,0.5272091659284216,-2.2028234442969503,2.3656757112713724,1.5290663192627618,1
-0.4156834977771623,-0.6922324667755859,0.028059853760368236,2.0182587963789302,0.1352407412533375,3.281661788934411,-1.9667442453840378,-2.4625125968151633,1
3.240307672587515,2.519518819872356,-2.178060389423134,-1.836183149318607,0.6156499804961479,-1.22108482799679,-0.21927752068446632,0.32399625308959257,0
2.8995701593583028,0.04678203938819044,-2.033057235781223,-0.8357679937865599,-0.36110791808183107,0.38650141614560884,0.22540516198220312,-0.9029265505891457,0
-0.7706492732446516,0.43038936222921303,0.012228206988298185,1.022481827454261,-0.7167216046624241,0.3962635757079557,0.4390982004450238,0.8977112917960899,0
-6.034490556952944,-0.11155967713193052,2.8743525366735043,2.8263582011572925,-0.2171487993537415,-1.321418577592661,1.1098143652301662,-0.8229784430808327,1
1.2599851762157042,-1.1872702256616696,-0.8351721261725323,-1.6931100435635373,0.8727898392821549,-2.4112417321978126,-1.0462060970763074,0.24103494686247107,0
2.891359152186358,-0.8776887790858413,-2.297779470712109,-1.124817240186526,-0.4621816565815953,-0.7773084173025389,-0.2989532779561789,-0.034811477937024105,0
-2.7918971942165753,-1.5548481309503241,2.9522701420987496,0.5195156810708685,-0.5519192795326325,1.0902124129284652,-0.3134137511771256,0.9214019949036538,1
4.745279524978885,-0.6393507974787962,-2.1288043298063566,-2.2270190358295183,-1.2520333782403401,1.396660087183111,-1.7973437682032223,-2.460973001917921,1
-2.530969939298661,-0.3335098292083788,0.77515047452983,1.1277179019898647,-0.616457458131245,-1.6054420787391157,0.7474742120321414,1.4296611061585363,1
-0.51023919805759,1.4248246689247495,-0.27361443985273604,1.1846772708836428,-0.7809488417325582,0.7771143836154704,1.3553177858979188,-1.8276304899704967,0
2.327479260983133,0.31890504175321543,-2.2311972375993427,-0.598065325633363,1.6475331488935163,-0.8003313615279357,0.7999745625101758,0.25121665533786053,0
-2.336242701251205,-0.6135656119478741,0.11555018979430676,1.5045593544425655,0.2850235186496772,-1.7974496272728782,0.9003902332592068,1.805148389745384,1
1.3394389498859094,-1.536990937294528,-3.0907060591673723,0.8884301243655186,-0.07367330994664939,-1.6847085669398933,0.14668517654894656,-0.07054724063500228,0
4.5348118769180426,1.030749665696823,-2.88690941221029,-0.9576568243881616,0.5718870333881354,1.795220185864426,-0.15688957535917772,1.9676905502630444,0
1.0283782626252664,0.618699213892259,-2.6850070011923197,2.558764222266965,0.4200289711022757,1.8857260679123495,-0.5058768921243807,-2.174219074031149,0
-2.538915613502889,-0.5489557791513199,2.0680873284934504,0.633623917631179,0.8369074694646996,0.04249452162129308,-0.3009114908046337,1.15849120141413,1
-4.96875855190669,0.17946281863394767,1.0948903061239985,3.422808139255779,0.3536200354695426,-1.5350866573478745,-0.6522025030919919,0.4681717701059792,1
-1.8506684555805992,1.5269913952575875,0.4673347452069584,0.833940987678619,0.9560891265239637,-1.3849942410608296,-0.5875876043775701,1.8844286066371034,1
4.623233077271744,1.0048015009011375,-2.9124169816954018,-2.397848438194588,0.897336745704938,-0.8918760057005752,-1.5831224327190252,0.22399519604298046,1
3.3563381785338167,-1.3139276461505678,-2.705627146033222,-0.9356410184912876,2.354048749518882,-0.21800833199622072,0.39779635684227294,-0.7742601266254128,1
4.5096233908942835,-0.4559254866183274,-1.23667821128152,-2.4538276851322394,1.0431056347092018,2.2951566588911954,2.3284547229364607,-3.424135498676719,1
-4.108140595081386,0.12562231065503995,0.25335803887705155,3.1424607018846746,-0.07592841889791822,-1.9998407042315143,-0.4385517831533628,1.0931573545490556,1
-5.345880659771256,-0.9592735226096961,3.252616443977966,1.6117326271785113,0.7058290183247603,-1.5048175756487712,1.2188208522739332,-0.8743831528096624,1
2.0508465993570817,-0.32722230339509567,-2.952367167880299,-0.6809572596418203,0.3341023977242382,-3.020651958243127,0.5141964859880104,-0.0728843644812256,0
-0.6115663902394337,-0.41315922614488004,-1.6646945103890634,3.173287977816943,1.5228219558256755,1.6485790537758516,-1.2933724352500597,-0.4829718646033493,0
3.4155727699512455,1.4731181322968416,-1.1125036566738022,-1.1882469408388392,1.3222773961832035,2.7529416059832954,-0.20563035404518432,-3.693524806254805,1
0.9156953571935896,0.3394738577519713,-0.8216523538515306,-1.2700951910895295,0.7331020617774338,-2.2358843645245994,1.1578849115841738,-0.9287975821804851,0
2.8563263404653823,1.3687154884890238,-2.638378194188628,-0.6390813266559132,0.9609018556479767,-0.5463509074225471,0.21895001238758555,-1.0332108592660645,0
1.150398145999441,-0.040546959756823854,0.08920770075692275,-1.5477019611875489,0.6343062663303332,-0.3736207269456219,-0.2269490695430262,-2.6411831626573683,0
-1.2483432657135307,0.6664642412654597,-0.1729377033349928,2.247651854083706,0.7991794671717931,1.515825209771398,-0.2183040808561178,-1.287079116558326,0
-3.001180735661536,-0.9983513016135583,0.36586416798180443,1.5188815490054213,-0.7187683641710777,-2.6554491229137165,1.7136702258447263,1.1666609006124735,1
2.0491432918633743,0.5928341706330744,-1.014278332817789,-1.1754092002166223,1.7243613593342195,-0.006517536023851189,-0.610165670487756,-1.4373112912648924,0
3.6189302570993194,0.17006172250581833,-4.245412030155985,0.1523920542138486,-1.216270037831535,-0.6888434882790416,-1.4428975443362575,1.037901722930388,0
-2.363235003530945,-0.7310568910186132,2.9184515971860683,-0.45935252483843936,-0.9323426320519749,-0.014686972373681995,1.0700197647838483,0.7261562861940873,1
3.6657844022739763,-0.26807440906132857,-2.3951116154818273,-1.7765498393796506,-0.1266880610057793,-0.6396960217686931,1.445417239579117,0.3763952576917686,1
2.512494049325731,-0.18558420060248618,1.3525781042952543,-1.9918866211866022,0.3049022368011178,4.25032376469547,0.13387187566579298,-3.3560497351476766,1
-0.396362901897344,0.46131477944828,-1.4468979484857585,2.654557042646675,-0.32296751730691947,1.5798652366109218,0.24129669833042966,-2.5053936669442223,0
4.828733525503512,-0.054851098845519794,-3.1182659709081424,-1.2515156204306341,-0.7511679310897738,1.4319683148063276,-1.6916548995665759,-0.2631568924404334,0
2.5679325403608306,1.4108264178369772,-1.335605916860408,-2.1120390492957735,-1.2919099995876053,-1.4548192557174748,0.21747006139177585,-0.6085926339336944,0
2.486874809401729,0.35423473452920795,-1.5492720251262895,-1.2646540124680778,0.23973467264144868,-0.3888922432085836,0.6042213889881032,-0.041619915252677275,0
0.9920641055548209,0.36668887565497527,-0.31240095998580375,-0.3988044105957633,-1.0658833411624193,0.6866052059956788,-0.09602969659766564,-0.19257703627897294,0
-1.1552827683501752,-0.7437800796421032,0.17935703851648044,1.513672232636723,1.468369873188742,0.9729044400407555,1.1851713884967752,-1.4490793695432231,0
-2.76675907788802,-0.6052101814642414,1.7079100260341469,0.8947367185040909,-2.157532863468718,-0.6561499482308463,-1.625963763662908,1.0925220607290127,1
1.3546456948847223,-0.9267867332962766,-1.560722462842567,0.42751532838703166,-1.7114826552412208,0.5482704141527168,0.1243304840879506,0.1478993923350922,0
0.9689489272419751,0.6642589578404354,-0.2920267972292435,-1.4362349104536904,0.3055932836113409,-1.3442402480841487,1.5727461833028664,-1.7904279483399166,0
-0.33496673023466617,-0.4346760545813742,1.451215876904205,-1.580449388314895,-0.3598022147317826,-0.9656290932645484,-1.6930865775325799,1.9048004111955952,1
2.173742308065024,1.20503107565091,-1.5134653477455091,-0.691621343272178,1.1549802291978915,0.20361508171751752,-0.8308438566907933,-1.3795125084435225,0
4.212407400061169,-1.2014313560831889,-2.1139013254626233,-1.5945993259594928,1.1180153687929149,1.5829069784214773,-1.2098660041281237,-3.371654618274195,1
2.8985103274859387,-0.0523804744378629,-2.3203013158338273,-0.32600795842723884,-1.1444825949076158,0.8781286541160804,1.401905528828877,-2.8902036815594885,0
-1.8679453834238162,1.0365045175635086,0.38403705117670195,1.9524201396026704,-0.729818548277996,0.7482164850705458,0.9843282827270146,-1.4569392035578816,0
1.3925782552769967,-0.7703533757315988,-1.4565821605753597,-0.7991979297360428,1.3350286652736605,-1.60809000262448,-0.9607700156736897,0.1009683915669648,0
2.310617571432872,1.2144389405169476,-1.2783408261420919,-1.0615548747326815,-0.663159240632383,0.19346960284809778,1.6601192775603737,0.007640261483744082,1
1.8616909273034639,-1.958521337182095,-3.136635939884299,2.313620561274414,1.0795179420483583,2.2581000238983115,-1.1272282991651237,-2.431537457090834,0
-3.3293910862323184,-0.7071878870177232,3.110044676281877,0.42093074641655714,0.19303807467498793,0.08813039338091233,1.0131470540263445,0.31726677528710967,1
-3.1131741815384606,0.750675394627651,1.9156230158578946,1.5604107124258153,0.09042684401375328,0.35771797676736905,-0.6863261984235279,1.1646535856837756,1
4.601795630832197,-0.4296939864553369,-3.122369280338486,-1.3130562915302721,0.6516537238204566,0.8339848040269953,-0.0889285332758574,-0.82127959289087,0
2.2211310956594734,-1.422939640543623,-1.8791947238107245,-0.9378463948472024,1.1933058792174351,-0.927897768658195,-0.9860141426997233,-1.6136403945964468,0
-4.381191390427253,0.678771156653448,0.9598393623234607,2.4247023716579608,0.2478033480143214,-2.551109872608637,-0.4898247996658459,0.4215282844172903,1
-1.4630723054443329,-0.5480834427226999,1.166045080523184,0.2283470583970083,-1.382850781231949,-0.3406455504767121,-2.299875951613208,1.9145313847302656,1
2.93558982159154,-0.3916851781606627,-1.0024194730493894,-1.294571835697793,-1.7974081998867468,1.6858172195352248,0.043883037010943024,-1.9192490060867118,1
3.3091681307288425,1.0143372366233212,-1.0525356858567616,-1.8137630197216446,-0.748068252087738,1.3237420017594457,0.02534269819039109,-1.3174756118297541,1
3.5643715171520336,-0.04801313314085139,-1.938265961473652,-1.295302440985501,1.017644472243767,1.0797165943684026,0.15219978131607995,-0.8887652990244685,0
-4.631425454471955,1.035130863583862,1.1691744521017513,2.9413302800369028,-0.43996535413558185,-1.6271038334312777,0.3796486927813548,0.509022232136354,1
1.4119601077282065,0.2874585614568295,-0.023859196347842948,-0.0765350394264892,-0.7699620775045877,2.884081638187534,-1.073256615717288,-2.343011340033766,1
0.8936476316257795,-1.291822959100439,0.04765580163899985,-0.5385920609788171,0.7896730670157065,0.919143663256832,1.0949222818024005,0.265241041688526,0
2.286526612699067,-1.2214412862966095,-1.836311346828792,-0.3023449027010152,0.21530508701980072,0.5880977159956526,2.726826794661975,-2.2080600651102125,0
-3.1674012750620903,0.6757075185084804,4.677951210859172,-0.3455408156011164,-1.7079270284792893,2.114442217577225,0.2194179998769135,0.11145532772667566,1
0.47737133491824335,0.2610453942475175,-0.6494439031398989,-1.246960477655176,-0.2270799381162169,-2.766511747226893,-0.12326589528700929,-1.1226610118877818,0
2.612153101756866,0.9249134943251714,-1.085153699518593,-0.6470926496755214,1.2773227646784486,2.1288833740421333,-0.014797084688189598,-2.1800422213675636,1
-1.124262402810946,-2.286984825531792,-0.2901447824225677,1.627105477289921,-2.5203484743370237,0.37471278918872053,0.5250464738696413,-3.6441981027861594,0
1.0809200994257058,-0.7384172505417148,-1.0197009659962277,0.288231283088334,-0.15238426921112008,0.8982469964556008,-0.33911561112491934,-3.224875901902588,0
2.660790695313545,-0.1527870003031863,-2.0709245207023477,0.06264591979044498,-2.089217950327953,1.6072528169300282,0.46210166145346804,-1.2851929485260627,0
-0.798926087897744,0.8336295930404195,2.2081889889373056,-0.7227254657759974,0.34046125697959334,1.3024795263904536,1.0126611287001142,2.040012765902016,1
-0.7177433583498165,-1.2984071588938326,-0.9411527440744041,2.834425992317189,-0.7090266528428065,2.242316675608362,0.04929827565940742,-1.054634996381857,0
-3.101652100398713,-1.0016949009364107,0.9937381887363974,2.6721580118092225,0.0005722062383389387,0.8260431849235303,-0.11336989531944563,-2.2376683571053535,0
2.5041973448113404,-0.49783532917804824,-2.2692078673588574,0.7257734827378024,0.005520061576894775,2.182326618948789,-0.6946535641046829,-0.9438966075886562,0
1.9796640511236825,0.5771175056381428,-2.669906913732687,-0.07771509508033336,-0.14911714321511285,-1.3819094033828123,-0.3072565350688939,-0.3074193775628826,0
-1.3765232749068705,-1.7650829063230842,1.513319021652735,-2.1028074567504165,-1.7557578951116601,-3.997716905211563,-0.6056798736104871,-1.4970551562570173,0
2.221553531041134,0.3259326728034488,-1.3793550658229516,-0.852120487573272,-1.5189133212688817,0.25223888450460485,0.5154171989255275,-1.1619910008669871,0
-2.166148675620741,-1.5971636944482135,-2.114420798926413,2.9783550418983724,0.4391075038239992,-3.0785721887876853,0.7926494697480059,2.7459091031613916,1
-2.4198431365723643,-0.032471570317534316,0.42684517801047717,1.7146212203158226,-0.6508753647002049,-0.9220944736962866,-0.7013362526103881,1.8903478929321755,1
-1.0111667834682805,0.11931163387079047,-1.101801361223428,-0.4847870772684233,0.21737212669430983,-5.397075549208414,0.4273110867538856,0.5724910019711744,0
3.016036410516713,-0.25614570936256864,-2.4677318561406185,0.7040172077937508,-0.5511594519159162,2.810318042012981,-0.9356778437238567,-0.4823367989341001,0
4.92490050863651,-0.7394937530221861,-3.080598846254434,-1.3753597647930673,0.8602774246253376,1.4596723298247327,-2.67762826396075,-0.04161616741917773,0
-1.767373349232227,0.42164390821604425,2.3700347099895662,-0.30385512200231024,0.49528381637637364,0.4257726620824953,0.6056324251047015,1.3646985919592511,1
1.8903438709551454,-0.5432673431593507,-2.3862386188468854,1.1304603695404885,-0.024335266261180107,1.4432603444341505,-0.020094396678936026,-0.9756911877812626,0
2.7102666478913338,-0.11056036183878587,-1.2013485740577552,-1.3562687910861735,1.8315286296380284,0.6887781605947743,1.4158752668283017,-2.3565045443573203,0
0.39919504059001143,0.9924432966582861,-0.4969923400399562,-1.397925370444432,-1.9072437837258744,-2.9431481659994683,0.06023870927873409,-0.49002621805337343,0
-0.8923912601407756,-2.514811962822236,0.19034014834273627,0.5469434929616597,0.9122823150627031,-0.5036356550363694,-1.6433578208313862,2.615459200386952,1
-2.293628146672417,-0.8662862090543062,0.5050249366142138,1.254701573604724,1.3216785342998996,-1.4062848126999876,-0.5820225300390551,1.7032722754916434,1
1.0561060586946238,-0.11630989773785937,-0.2463715697259261,-0.04353304439083505,-0.5548763339146958,1.6948492190759974,1.5246508652908393,-1.0375560673089792,1
-3.5688137228425725,-0.3927986858967947,1.4095797811968338,1.7240537410272379,-0.33530084112344666,-1.3108955272219258,-0.686120624774672,0.809874091452083,1
3.2812540533094365,0.8194574951724374,-3.6009639021772797,1.2095908141900198,-0.8782289196584043,2.0210011488108854,-0.4828746609172966,1.0535831877306718,0
-6.618655869875643,-0.22767014800089477,3.4614503906259175,3.2090273094528534,-1.2248761865388615,-0.5925487884978643,1.1768463427649425,-1.1337798277743183,1
4.127757257596683,0.4155398513102099,-3.5863783747858298,0.5359166557751542,-0.7306554963942405,2.5500318563767523,-2.006894018844693,-0.2105166811149708,0
-2.01248619032502,0.5119751703567301,-0.6842755592318546,1.136391618158096,-1.3565752121392936,-3.479671614344701,0.8613490221249572,1.8548806565204967,1
-1.2622039965516625,0.4031148888171256,0.9484339799316968,0.04837017422557732,-0.2635113789583712,-0.7186017841675076,1.197054118681339,1.9716190961157887,1
0.9262358571196236,0.3260758468413393,-1.6909789020541326,0.45953245342352367,0.7023314572295184,-0.5382880327830607,-0.3148088983834064,-0.7988875441984937,0
-1.174019139913908,-0.8679657064849227,0.6101013125254082,-2.4071772405922984,0.6719388688465955,-6.052776907330113,0.3081917735796738,-0.48474576095595234,0
1.37883714718583,-0.5892189387075518,-0.6653377040937107,-1.1343786934917934,-0.48502414034909636,-0.6180025478530109,0.32989116388467504,-2.168414106731585,0
3.557675182696698,-0.41326291892669814,-2.2417394889790483,-0.8042477710247362,-0.5814719582977769,1.478121884600523,0.6702348405917594,-2.537917548600885,0
3.092451086044507,-0.425155615581726,-1.2214562390978827,-1.6121232308301559,0.5404414873025281,0.8981247024889726,0.30710668467254304,-0.653546275785674,1
2.5491492701817675,-0.5137542121832591,-1.4454292558242234,-0.44979955142184125,0.5236796560305238,1.6771943151931945,0.5102419795891495,-2.9793563282389113,0
3.4079069118401875,-1.0957918990669102,-2.0623985407836605,-1.5058589371121531,-0.754039246942765,0.07565728496073176,0.9197913240500053,-1.028295200022287,0
2.4608093360303736,0.11862074846403547,-2.6661101748649,0.9176375357778269,0.4990372952691592,1.6891374287651608,-0.33712492967259566,-1.819555300822372,0
1.1702103834670814,-1.3413181900608007,-0.908916465103718,-0.5598295525016488,-0.036896093092713675,-0.38320333893335845,0.1846461585032021,-3.1122221900532625,0
-0.5454696330488046,0.21585169560215436,-0.087615295551013,0.7342172597923587,0.8121941254537923,0.17709024113791738,0.8144947932506598,-1.6711971032016149,0
3.6941899509778358,0.11972384999718048,-2.647789200830232,-1.1517251108600712,0.779184760641414,0.19642087502032157,0.42532038855548204,-1.005594189470027,0
-4.307912244452293,0.34280817235328537,2.0353935032861403,2.091398791203124,-2.547392336707459,-0.8588963775644771,1.1814800655839877,0.3363357846150974,1
-0.36798788080754163,0.8338416462292615,-0.09755490344947981,0.9115153666697324,0.8438811880725728,0.8610756696814071,-0.6153996752248185,-0.7589692857673089,0
3.0498889427289395,0.4388384367564401,-1.7016499190317103,-1.3351183963564646,0.8910649694624702,0.42215197660692305,-0.3044259788048437,-2.025941974512056,0
-3.146810144845545,0.6091893313348757,0.4476724626027455,2.29575696484494,-1.7571240201654452,-1.2566588182750942,-0.8043702648099079,1.5001731523865196,1
-0.7871833510841969,-0.8459140403381117,0.10002240490513215,1.6296761091372578,0.001159563769695821,1.800850639709891,1.127446427485628,-0.5913358267468983,0
-0.36039628012092956,-0.9944211658082401,-0.28366785125919614,-0.9332031546251431,-0.5561076876431357,-3.169775896517341,-0.4119122870342747,-1.4075251540520826,0
-1.8223994943217907,-1.8419714566490104,-0.6434399552024945,1.4862717963821006,-0.17781278489735028,-2.3030665122828813,-1.4511668062991991,2.226839559488087,1
-1.9971559823697733,-0.07800746185270237,0.986189050861608,1.4385887955514585,0.5749964789763697,0.6955029019339705,-0.29918183145382066,-2.0478630294574924,0
1.9762473636876179,-1.9219859587873849,-1.700728334840339,-0.4824266488213784,0.9356856223233899,-0.25811375084612265,-0.312956206527299,1.0253407922697908,1
0.12557131326971793,0.42645961812946986,-0.7624214623925809,1.0384033872525718,-1.492010943090201,0.8280388908540393,0.5491799655492055,-1.3948761525742253,0
1.0335501077073523,-1.2179191385319967,0.14617969528990638,-1.527993841604549,-0.16417189954694816,-0.47372569472253767,-1.3617978637463657,-2.4274956493655155,0
-2.2719125261027626,-0.6584681223187635,0.40971398572960616,0.9941260439882653,0.9460976488784196,-2.071282701549457,-0.1229024543814012,1.5645920438656642,1
1.5245607613360979,0.08595166062806185,-1.3135802601356488,0.020676056569813417,-0.574281877100275,0.5890697191356369,0.942329223645982,0.5917349594242591,0
-0.23031176570286127,-0.42743798163386104,1.4892591779818147,-1.689333202702646,0.3284041596404213,-0.8844947758053074,0.26312140214120655,1.978262817770387,1
-0.9718443891505106,-0.8480028581515766,-0.408095499423875,2.1028271677129595,0.3894424479067332,1.326095814855173,0.5278138846035769,-0.99151978676981,0
4.030884735769437,-0.5692232096343005,-1.070008287712598,-2.3723465300900353,0.28316501340017836,1.7327246763131106,0.018798314559478765,-1.999225247257021,1
-1.3488909833772746,0.01804887124555878,0.16831447939406763,0.8160307114782959,-0.5263095237469796,-0.9752809647986245,-1.3648495592478604,2.314169665868432,1
3.155588535345884,-0.4565705799107385,-2.107372694525945,-1.2852141246946864,-0.4077446123012603,-0.1321917834225872,-0.4131576072383761,-0.43701088205618355,1
2.490484656630612,1.827218725720317,-1.0367756085104125,-1.3329284627951803,1.9187575237166437,0.5882480054739496,-0.7691520045533977,-1.8844807637388703,0
1.7652332811615894,-0.12772534099378857,0.5472054389757648,-1.9244088999180435,1.4124959732537934,0.9983762578051345,-2.2971804762141472,1.2826060168571864,1
-2.0009932511049437,1.2303878131020307,0.5004596843524596,1.647135864220549,0.39748217589568424,0.0988973922681402,0.5928556651036779,-1.6667228691455773,0
3.205794918669799,1.9481682340257063,-2.6621022500570852,-1.4839771813737515,0.166054370535673,-1.5914118626344762,-2.7180451898802964,0.6684642305121729,0
1.2096376767616646,0.5896329604694052,-1.3769084739088022,-1.0241356082176973,-1.5008085638250308,-2.2490892130496665,-1.3497186363268636,-1.0419115224662336,0
-3.648245076688377,-0.618457526851712,-0.6718129173641392,2.9784160765597263,-2.329869943061504,-3.2482360800251966,-0.41267782211685394,1.4055227595942974,1
-2.9014703307043166,0.2310489986027734,-1.0878706641027789,2.5261441187263003,0.1329648960426424,-3.4221872732349263,-0.024891358958867175,1.7999128949547347,1
2.248411400447734,-0.9610059991242222,-1.1104854532462023,-2.3083810122998303,0.775780029522325,-2.0834844536040986,-0.21215407921717838,-0.13306209368068833,0
3.46275897903102,1.455355470328795,-2.8820988239584864,0.41848790321390616,1.682907344764416,2.3816682115100036,-0.5868263035402915,-1.637845664411784,0
1.369988792339172,-0.45855127024597736,-1.4941735900857671,-0.4828019128810077,1.2500644837439683,-1.0896673370162548,-0.15137407796763247,-0.25330232760004134,0
-0.31424653750704057,0.7999656305060626,-0.6028342705234959,1.558175717573657,0.3376342694147298,1.1901374190529683,-0.9477295779688234,0.6660311408206623,0
1.1966571319852843,-1.1349664169527571,-1.5383937188352463,-0.956679087166564,1.6467921087553123,-2.4896800094605296,0.30837687697578375,-0.4849148842378139,0
2.579399677017938,0.16215666408741472,-1.4343625693520914,-1.776539601226724,0.3953909638434638,-0.9482014164299895,-2.258499356309548,-1.0403213499149722,0
1.552132741737298,0.22996875737726935,-1.8445830462235426,0.6834870118323942,1.1825805424146174,0.9828043965004168,0.5291039616729464,-2.464338165994479,0
3.341351972864567,1.361302191190988,-2.395690261687543,-0.9433467283121428,-0.23575030304825115,0.43392386738392175,1.0624952635468503,-2.8594334757612074,0
0.48813524831890365,0.6671273636680194,-2.2115843225474214,2.64364207322809,-0.7306362384426736,1.8935057042352361,1.36185810044934,-2.893050568275102,0
-0.11432196530228736,0.7411047966917446,0.04868842212597979,0.8924231715321398,1.4516457423968994,1.6467690910916981,0.501363585435558,-0.23863732522167413,1
-3.384865506901927,1.8501756389447137,1.3104220162868963,1.8461260727378093,1.8160378663629906,-0.8844731466161839,-1.5346028328508856,1.039430599298252,1
2.2608367693723723,-0.7674101615257342,-1.5328640850388462,-0.6338808614590308,1.195511163471549,0.5063689540123638,-0.21175575785098677,-2.691108320805575,0
1.0230791965136534,0.5796416488589671,-1.6711496795393816,0.20240260619465955,0.09773538609371424,-0.7882565468586515,-0.9142373214771304,-1.3329356398366319,0
-0.666098747331701,0.4620758159981403,0.26532938961586705,-1.4272280338553007,-0.4732462222773946,-3.694847382405711,-0.5993464151891469,-1.147848158358435,0
0.31838080756719567,-0.42110233905458344,-0.28770674848270106,0.5010183052461056,0.6049148882755169,1.0903711374954288,0.371550765476065,0.05931252366191253,0
3.2996116064777206,-0.5975894139056287,-1.0875138972734744,-1.192514521129244,1.1942824633618583,2.527858920787789,0.3522878824716554,-3.0485731949816337,1
1.9313359187697259,0.3851372828049832,-1.4532424371850026,-1.1017519620194944,1.3661332389467349,-1.0315060950556219,-0.29494980324740055,-0.6971619378438293,0
2.2864454311833686,0.4377385720467934,-1.0656224205037084,-1.1969677645384946,0.062062864698615314,0.30243928255257324,-0.28288449930937587,0.1286773961385499,1
1.9190311014762145,0.7332569271249132,-0.983539795857433,0.24762254292975916,-0.10137631907459653,2.675722925729236,-0.18970503924514417,-3.120207376849163,1
2.9385469245925044,-0.4228533983407187,-1.9060987018538689,-0.9455938163172383,-0.6808226773719577,0.5333469610932504,0.41323591510557117,-1.6532983763877511,0
-0.5350608948678577,0.22224238695594264,-1.3342812860821498,0.7506681806796265,-0.5745214208193453,-2.3475877260508557,0.5461346805872914,-0.7001280588415425,0
2.1359980731184076,1.1595898981434758,-1.8197965096729245,-1.3057602624452078,-1.144356366466955,-1.771960891003371,-0.8831099454867417,-0.06740334340930176,0
-3.2864751033715827,1.1550716739105562,0.28525374777736656,1.7885419979672177,-0.5908627985300903,-2.886818116423713,-0.4805577103119896,1.0662470835737015,1
-2.011671783902597,-0.2677541700455621,1.1370710612648802,1.0073235374435325,-0.8591669743168427,0.10632516668766678,-0.6288830423431773,-1.8946605471886913,0
2.330001240814009,-0.17319622164706963,-2.242871236676055,-1.0073806441912705,-1.6999853020392395,-1.6633607278015154,-0.7201850802091617,1.093830988963057,0
-3.538288208004534,1.5286713849534401,0.5140736538823533,1.9338334943485727,-1.2045077112762332,-2.6609844006212873,-0.2097224725953284,0.9148963943026347,1
2.8968131003190325,-0.692926167769381,0.2054550101239212,-2.3501418197378774,-0.47082539457472544,1.9193061686692587,0.47859237044687,-0.5176685828125085,1
-0.3317627864346781,-0.4093330003027558,0.3083298466235165,-2.1249315567630305,1.4421183764634804,-4.266151507476079,-0.8623620242097951,-1.8460683225515737,0
1.7163034316832277,-0.15634526702178284,-1.7944147358152347,-0.8001385192158945,-0.38411700589212594,-1.6014324559143178,1.1157282220190543,-0.17702336492872073,0
0.5382688102218359,0.9175870479419331,0.22618024427422978,-1.350073775551796,-1.1925445137535988,-1.1767355657595617,-0.637592371107627,2.8414555970693107,1
2.77065385791112,0.6647416792362421,-3.1225272654891736,-0.06893483276428736,1.5500590536214554,-0.5970783189764552,-0.8938655553324805,-0.4782255981849952,1
-4.405896183369249,0.6882170523873422,1.3757579897679446,2.765172164641955,0.22496984194556,-1.0799160774684367,0.20964899916102075,0.646078001660397,1
-3.9838050781845014,0.17979195529408185,3.7978669142688988,0.7494582050027772,0.04046299362322666,0.7664216299613866,-0.01504648858528787,-0.04214139670348915,1
0.07398640414971269,0.24475780256009652,-1.5978699097336078,1.846535935941704,1.1084171154609146,0.6631758461580927,-0.5196801076992001,-2.6173639590479607,0
3.4346770503395696,-0.3558361243402612,-2.5994910173360166,-1.1234548400996018,0.9160750980968998,-0.19370775948687058,0.8722960533705852,-1.267762169874167,0
-0.992443490013296,0.36920272876950466,-0.579519826527617,2.3014348427899485,0.7672016748681318,1.3684357604723463,-1.7432765013284433,-2.2606709516877475,0
1.092431413137574,-0.05624360175221185,-0.8796120239132607,0.535421697357306,-1.0667111074708924,1.6135182663625947,-0.9881626311093673,-0.36795609086717473,0
1.5742617894022888,0.6424703761132661,-2.6957846404996855,2.283929644656097,-0.9113534014698267,2.416642485557876,-1.986480866976763,-0.19117929654743215,0
1.042265680194179,1.171838058046453,-1.1235057402406188,0.5153766739601069,-0.9486129261362155,1.015320806837883,0.7993551178302422,-1.882983424531048,0
0.24978431464053907,1.7915300159983034,-1.119642842767888,1.7566162359536848,1.1553350469854267,1.8121009311347507,-0.4629169463296499,-1.8440593586737808,0
2.5667025218351416,-0.005228638775243039,-0.4509471565320021,-1.7343718010887015,-0.8306307431953541,1.0821027095628506,-0.3770530723001785,0.16320369536860957,1
0.2691163303730457,-0.15838989451005403,-0.7713178884896876,-1.3834675984010256,-0.46662186348476925,-3.7542921572854047,0.42087675793214857,-0.4396988531646755,0
-1.9681545457490728,2.2852086216609058,0.09966643696942157,2.2723642302575913,2.1732704275202788,0.6301306354703018,0.7814274487254262,-2.6581631478600123,0
2.5903915491633347,-0.1969252264791808,-1.2441018855731438,-0.4390392542177858,-0.8935861777121661,2.186022637750698,-0.9240938470341852,-2.586511428894438,1
0.5737908540498977,0.30120471909172103,-1.7485650986522212,0.6740554538353773,-0.8939904744695979,-0.9562462585149717,-0.36492877350214287,-1.5288088189581681,0
3.6970549733150513,-1.437513712831372,-3.5685343424401816,0.4686121763274651,0.2838273642292626,1.5242496252334325,1.8937840898320486,0.07326941686596844,0
1.1147002861503785,-1.5601105069095194,-0.6580533879731352,-1.7049971938476634,0.44007359523518,-2.3800589567597994,-0.7507131618806316,0.15504740220239333,0
-1.9918969287086075,0.8028102500227985,-0.4930045662158513,3.366304607596729,0.034362991271670515,1.5268626673002292,-1.071133063833534,-1.7976157308502505,0
1.0387701481750389,1.2321152619522604,-1.5571790862334618,0.833691542630761,0.22801372920606855,0.7110724540266442,-0.4390456783031338,-0.4135593515867616,0
-0.38754129415456434,0.034376479661232355,0.029138497174872935,-0.3376410809649808,-0.385104031362601,-1.5230506134080253,0.3728324058353562,2.5795233280353633,1
1.6855495220620105,1.232543786207963,-2.0514463623386496,1.1902549998081562,2.5133263741906173,1.8065612395999944,0.5936912896062224,-0.8513599268591703,0
-3.22845929766135,0.1130620290436339,0.7938914489695017,1.8385842713671103,2.3974557097241314,-1.626245246069357,-0.9376605802485322,1.1711727183668417,1
-3.6180119405751645,0.1936858467348401,2.3490961831951687,1.1616982780240799,-1.097374581893,-0.6078894327387273,1.4632864308439144,0.4688639973553368,1
2.625396583658158,-1.9488342665888199,-1.8274911147679962,-1.559387896430375,0.4243017999521877,-1.2296189028359423,2.0959380675637926,-0.7330808172735388,0
1.3559395519582436,1.8625299518752712,-1.9568027352710042,1.331158028853356,1.0801210038058053,1.5986431236299952,0.9712934794027097,-1.491381505834006,0
-5.22178330691443,-1.5258412842082374,4.777688836054819,1.3002361842636303,0.619044514270962,1.2561994107950663,0.42816803438433704,-0.8835042423463688,1
2.261451668400272,-0.4176806022902694,-1.7061909826583652,-0.6026337011050439,1.55911125308812,0.1755035982998736,-0.09230354814611413,-1.4119152371036698,0
4.482809922800535,0.5943496613479781,-1.4519221048823168,-2.403996760335521,-1.7374049600394366,1.8678544175108662,-0.20509025668425265,-2.4838250078270248,1
1.2066068757725352,0.5142057552162829,-1.0340859947981973,0.8527992005706129,-0.7286537063857078,2.248159623799147,1.174289076309881,-2.679106037846566,1
-1.841355926466129,0.09354072099349824,-0.22636042612226104,2.5070802923587823,-0.18240938346211924,0.7100792478141595,1.791770291066106,-2.8814022161064328,0
1.2410502554541525,0.6487030777040514,-0.7291064738534034,-0.4000769595794792,-1.035398045837858,0.4722742088574714,0.9380913689397085,-3.6654345213160076,0
0.22482440512747023,2.521030626028634,-0.27421135553435294,1.0808460375133044,1.3642854537471272,2.1137378557596254,1.0651658990299444,-1.1026110415059027,1
1.5527481984446305,0.35447191903124736,0.07288245768069967,-0.6804254409355063,-0.08743092948647811,2.1368879515189123,0.15921470609192337,-1.1201469500987635,1
1.5202179684921031,0.7867118095280053,-1.114451392942192,0.5866090888083508,-0.839356803886984,2.0912652095096336,1.1818163745400758,1.4446107079080355,0
-3.230462332906236,-0.41589374936411566,0.6022889094251003,2.0362106159067337,0.17446138875197603,-1.6302121157866063,-1.554612373150055,1.2625406432200363,1
-0.9606059024400032,0.91896482846762,0.3262795159140449,-0.2226064255414033,1.1386784291711995,-1.8924236745021878,0.31947988328125443,2.0813566996691777,1
-3.7262978384845136,2.367954058457647,1.0102028120181432,2.1330460421579067,-0.18899124366897713,-1.6477470207667269,1.0673085671082194,0.8617225389182714,1
3.0709237024441807,0.22992827842078542,-2.9660452713096235,-0.9455130069717419,1.0542281755632015,-1.3933287853773813,-0.5822573797450439,-0.32285154563943674,0
1.674823108721542,-1.1315196490986377,-1.2756478460104554,-0.5569085859534038,-1.207172645831838,-0.12069624586983374,-0.6088973190837463,-0.8868781884429981,0
1.6371959297861736,0.704433973746716,-1.8876792710952048,-0.025727644662433935,1.7151040543438316,-0.37891571716338734,0.9429858866264476,-1.2670186266645973,0
-1.0905985013067043,1.2958131758632485,0.7260352888130788,-0.45369309758278553,-1.81359852946401,-1.807070775405406,0.4228251387263031,1.8560180663516852,1
2.350242651103886,0.1490178081716555,-2.348651627549586,-0.5181090038900725,0.4529835297070833,-0.8224298330974386,-0.5027262939326653,-0.057926216969682365,0
4.902347211779313,-0.4752828157123021,-2.8523871109523435,-2.907744336873389,-0.8301446309551173,-1.2181415947803373,-0.5676248146798125,1.031816169442224,1
-1.4548002645329956,0.6102171488779777,1.560528369150949,-0.12497501521057552,0.11207453165783958,-0.21732811355869375,-0.07639113769770904,1.7503120219901407,1
-3.088088746398014,0.22225905339815927,-0.052551097907641564,3.7126115013016765,0.7447866297244261,0.8494587988600362,-0.6665739028792889,-3.97297464532452,0
-5.036410925334939,1.2782369230719093,1.678914674619655,2.956087111371334,-1.2465015731030542,-1.4081714004227242,0.6654944754208969,0.1567166678985754,1
-1.5471290046662807,1.4957400275269388,2.0766770014053177,-0.2977613450075338,-1.2128316109589588,0.35119400394519384,1.064634229172203,-0.01177106627087987,0
1.9809593478847929,0.07697542695295774,-0.6443434444494611,-1.312274382840542,-0.5293201210075972,0.353939363110089,0.9301662288815993,-2.1690039476851344,0
-0.7097900029793717,0.07064940806056073,-0.7636517405210426,1.8550553206212372,0.814189474451986,0.6507100520744857,-0.007539541786657399,-0.6038651688859316,0
3.8332365998634494,1.2877302664599632,-1.631968186145306,-2.294266079691571,-1.9222062835015614,0.28750807439793913,-1.4239124714301008,-1.0289420605766646,0
-1.919349150400918,-0.1927815004750799,-0.039350390950654734,0.771941401088167,0.8335102732845814,-2.6878704572358894,0.7153102000563938,1.768246248542308,1
2.9525523527931368,2.701413088989703,-1.1227736871683973,-1.6679430896999272,0.3776852783999971,0.724304777876825,0.6967416868884257,-1.7482759316388168,0
-1.1422119041363445,0.016689505641256458,-1.2123803894212548,2.933272629191262,-1.8014911576983266,1.0543053977131893,0.0824958301958935,-3.428208928553307,0
0.4469400374616527,-0.23333032725571268,0.49182320874577146,-1.8842478592345722,1.464202631182478,-1.7158098654829188,-0.27732476564192987,-2.8914098985446177,0
2.9119318219248065,0.7236448234079447,-1.8540335057177386,-0.5548078416406536,0.6799651630873771,1.3821338739687177,-0.7997014023069993,-2.228472107329825,1
1.5425248842341246,-1.5755815077443993,-1.7287243308930278,0.25602411023642757,0.1770138624110547,0.2784516086774852,0.7665634013134599,-0.3501169956394562,1
0.22768166333811724,-1.0009930854425422,0.07919158193740516,-1.8582991468437986,-0.3955062301292102,-3.0351845838218603,-0.12405942849228364,-0.9913489866767243,0
-3.5022502779354703,-0.19705994935018686,1.2115292314809203,2.101015483636723,0.21421930914327358,-0.8287295767892884,-1.019781001219442,1.0723703379190264,1
3.579366964867485,-0.6365670212220248,-2.8813564913899024,-0.24440165217882703,-1.1844736929346762,1.2842026580364012,0.10037097272494933,-0.9092396659403225,0
-2.5162017910402334,0.4924271223078624,1.1440266719598255,1.8756953823321831,-1.6362501493275248,0.7240392200508567,0.3734586135477813,-0.12225517969485766,0
0.25367665576683995,0.19336141561926623,0.2792628161908701,-0.3710627377297493,-0.5917932767109523,0.36946182759920154,-0.12706830365275823,0.037005688510579615,0
1.1643799245083784,1.963118035161042,-1.4059040373670968,-1.1657218089347303,-1.9896673106271427,-2.705457144097697,-0.19430556141545238,-0.48341048520859475,0
2.366426809302501,2.0996192259501645,-1.9799790017566472,-0.2890754859233894,-0.16100684400460166,0.4400384580889689,0.08363120258919561,-0.5770796044759049,1
4.778295056820189,-1.6536627214112696,-1.7259316470568078,-3.0212834373725332,0.3832692545283315,0.6607758220918335,-1.4858304688313537,-1.1017641363920299,1
2.682337162874969,1.4956711764022177,0.3760481841594323,-1.7034170268247157,-0.011988392780742832,3.1765544598180897,0.06666945857068576,-2.853865868834566,1
1.3053226029492433,-1.5118080575291952,-0.5135768680710674,-0.32303538753926153,-0.44476623265611975,1.1010076727826765,-1.5637086379769032,-0.3852796195358785,1
2.4509152563507746,-0.38909335296025366,-1.0911651776970013,-2.056702337881721,-1.517082674365944,-1.0946920842457826,-1.244279023264704,-0.5871131121376331,0
2.4216846644448173,0.9827040480955062,-2.202340631391824,0.3058508109069017,-0.9614083134818096,1.3496993401832569,-1.3354533604080119,-2.405261136440066,0
-0.20066728587338456,1.0904489007910048,0.8675628781652851,-0.8119268611807582,-0.4228642271668908,-0.35407434643663704,0.8558583822423285,2.459727588898825,1
2.783124271507952,0.44951073316322054,-2.7697636950713713,0.8439415663784768,0.7203238906287432,1.9881468534949929,0.18851154866332848,-0.8854467542602872,0
1.9516765953936046,-0.19815757864213043,-1.4767127047448985,-0.16525794913162417,-0.10787471540948565,0.8461765341626841,-0.653448673850161,-1.0346043439640826,0
-3.9166494599270916,-1.6761031539125755,-0.2454951485998873,3.164536071204143,0.5832592609665296,-2.5727140376367563,1.250144816780119,1.2659496675693276,1
1.2778838403156776,-1.2343325089767594,0.03785478101340933,-0.21937064008634988,-0.5296043876273178,2.422299125354943,-0.15715899432613786,-1.8187420720064216,1
-2.6822625349073954,1.372503335513084,0.42394988790928256,1.3906708556830856,-0.6415044164751993,-2.1203018942271843,-0.7687283725103234,1.4132905403840657,1
-3.128042839959602,0.6057741076717745,0.8455286917618239,1.7276980642598887,-1.4066090020032442,-1.5287376114763063,0.030679672515430464,1.1930879566689876,1
1.5255376342923588,0.1461090933278769,-0.0016531385556795009,-2.081789927030589,0.07812406859813241,-0.8382530808352748,-1.4595707015429282,-2.2685720138042837,0
3.0744591295965,1.0257274289584355,-2.1954955710461506,-1.076984296960137,0.07929495317013621,-0.035992432714925915,0.05075788048553568,-1.4968378148815262,0
-2.5528281972278055,-0.8949377622103658,0.6510860311621421,1.35312267715483,1.379311944779667,-1.4582392935911634,-0.36373858126993985,1.5240692187023597,1
2.838267169273158,1.117922681676716,-1.730419797551058,-0.8118911815991516,0.8095472995755639,0.9105619792707713,-0.16767956644060616,-0.5297566876071945,0
0.9662834948840452,-1.0673646082592771,-0.8465614751937609,-1.710714400294031,-1.0132356955843047,-3.092241264531781,0.044620925800648865,0.11242535241146889,0
1.1483271019428,-0.7226805379144481,-1.7030309431713877,1.0865500799838546,-0.10360829420560745,1.2167393698096107,-0.4167817884178211,-2.476354791501279,0
1.595557762332294,0.09765266993990253,-1.1368273282890418,-1.3095179974832856,0.2841867783026447,-1.5168303103681635,-0.3253660049964661,-0.6725646585963464,0
1.514910677532293,0.6855742707408754,-0.9898589387005373,-1.0703150291640766,-0.003824490752070924,-0.8483785048056122,-0.8048258150850363,-2.6422730376375148,0
2.043571946330279,1.022211142689169,-0.8386561402590919,-0.579904720986282,0.06222184999036576,1.5334341521264323,0.18913642041307324,-1.5181540810817706,1
-0.1257483399466508,0.17611311760952378,-0.6963464815859888,-1.0384412362028175,0.6859056264622684,-3.727455732585109,1.1256177773328855,-1.2780003433438745,0
0.017944634918878904,-0.514380601490877,0.11680927047384615,-2.163082035798752,-1.1712303369719577,-4.029444965702559,0.7306709060632257,-0.5267133587800422,0
0.32305671964429483,0.82790102129821,-0.8148749469734529,0.8832993228867168,-1.1085575059426975,0.7969882511274234,2.6153935650871283,-0.2778161549065412,0
-0.2980661414018257,0.8325340986569876,-0.4094023615176897,1.2528616774729593,-1.130416258776733,1.0911148599486211,0.18523447613099234,-1.9152721087450373,0
-4.836352291096434,1.0864916776796774,1.5199523691241248,2.834392107403718,0.0835849562167936,-1.5535381841826184,-0.2092718358647221,0.28041875291464946,1
-1.0926600173444039,-1.3917608133862547,0.7681734059720664,0.11075213314166255,1.4397608419895318,-0.49091343953063515,-0.6144271363134823,-1.526142638826854,0
-5.250795003949021,0.5536723005716733,1.5664421807871562,2.7494922955277827,0.4675485724730876,-2.497644049456892,-1.7067247877874245,-0.1860849212070872,1
-0.3353419430407971,0.3373357988552797,-0.45862917803995973,1.0025756636184449,0.10246535959305557,0.4538705116286099,-0.22879601851792172,-3.288683794459179,0
0.9027988342895625,-0.46664170514456416,-0.4302311645902853,-0.7254118009702282,0.9153203567733573,-0.3643832815583763,0.3008418923161398,-1.247371155010576,0
3.5377348373472364,-1.3958652784247987,-2.748373961212225,-0.969997820335572,0.05098869807938861,0.017080043320023552,0.181777219869673,-0.9073555333809643,1
2.3724988590197933,-0.6499728020139508,-1.445047958169467,-0.8427053901795696,-0.5555511383849425,0.42102269297974904,-1.9537186715610662,0.038276761119752534,1
2.214601477964371,0.26381189532990224,-1.806794435702277,-0.5963362631379365,-0.6828648921657748,-0.15882494221807608,0.214464999433737,-0.09938408325265158,1
3.9093209426001527,-0.6635562037674121,-4.301677511323067,1.431015278773029,1.7106677415207776,2.4395329156384125,-0.6154791704055079,-1.1408370953304927,0
2.7439614843727087,-0.48705951973090295,-0.5929734086256275,-1.1078661556601068,-0.5469059580929527,2.495512458460594,1.032980147780695,-2.1769652405497713,1
0.4461616565148745,1.4496969872133603,-2.0610754040127666,2.554294908384616,-0.5422159034524893,1.9322304780771251,1.8010091096200445,-2.863461451811845,0
1.9125135930091806,-0.49752678162622843,-1.7706724189005159,0.7168927636222029,-0.1888392865959238,1.907454588663533,0.747436340539774,-0.4892930016740119,0
2.2084770457802487,-0.3828256394102742,-2.4479429335318788,0.9494947118917673,0.8048168449593257,1.6672726181623032,-0.31258686613162195,-2.0314314811434,0
-2.557089371300307,-3.2421558673630466,1.3153269014300184,0.6838762649072341,-0.5424135706101073,-1.4349098158393907,0.33943617604086196,1.1516643843158396,1
-4.604140186548891,0.8732375673576148,2.161418586008183,2.5180805053455906,1.4409789709239444,-0.38005749354579,1.6148571698681955,0.3259253956488847,1
2.4072327237566715,-0.29660223295327204,-0.19156952288094575,-1.3320732227676713,0.10493537361339628,2.1467543827993447,0.4709024299895236,-2.0780302469557896,1
2.296310062284777,0.8728703449389911,-2.0295751270491458,-1.027415284308489,1.6605325374078606,-1.3360229826771797,-2.428234481287096,0.9953343757797153,0
1.9207595458611064,-0.5776753061153456,-1.343595848233374,-1.0151492974851475,-0.6594250593708154,-0.6450118430303136,0.35705081522969206,-1.0714460722963708,0
0.5356941848290021,-1.8572090102808716,-0.42046613573898495,0.17517965241241518,-1.580520846189742,0.6682736366834473,-0.5753338188530707,-1.117794566957406,0
2.8266766336461573,1.08535712431188,-1.977900552718097,-1.1438932339865338,-0.23241361211709552,-0.31920796488332925,-0.18192715755537942,0.5980504847847181,0
3.400633749626198,-0.1780862276106515,-2.548526694358001,-0.9643516189787905,-1.6110734543284841,0.16307585973319738,-0.13380677611498365,-1.4972390474478598,1
4.395138038980093,-0.6212691875503067,-2.027191376422514,-2.547243365236188,-1.025602609246051,0.15269240718286126,-0.17102596983081836,-0.399730936836179,1
2.247221127935286,0.30972744099116595,-2.0784341548347838,-0.9569864197977507,0.05966518564654772,-1.356626052436245,-0.8845282299286947,-0.3815697212246967,0
-3.8227426594121927,-0.11598020849064865,0.6605184750029632,2.080188472460734,0.7234916739393975,-2.6709568922013007,0.7292004463288748,0.7588250504501699,1
-2.584078654059438,-0.06951213868289843,0.618546054436651,2.3936538356456705,-1.5319848702596703,0.5429821189568738,0.2929173818218375,-0.22041719360587486,0
0.617894392977673,0.6944495093469978,0.37606642968448756,-1.603800214599584,-0.34340407070233453,-1.0258709917588724,0.47685206423703563,-2.9371140701463445,0
-3.6084838220110442,1.493234362828489,-0.0019188489049344337,2.2924149124419113,-1.018747800614178,-3.1531638712061794,-1.4759073321126503,1.0409546511701226,1
-1.8220861573965532,0.11760464420079242,-0.38293582573775353,3.0751583725649185,0.8537597438231147,1.514496070273084,-0.6876159791587804,-1.2305427702205998,0
1.798251161754057,-0.5658956626855925,-1.6644427924384766,0.4043279639449645,1.5105867748075572,1.2801907274524544,-2.1112942002051245,-1.2519082623021254,0
2.9068712926361675,0.8974096356414422,-3.52496242966272,2.167754408021597,-0.5712070644351728,3.3790492073275082,0.9859258170877873,-1.6937551173352048,0
-2.2401326171316036,0.21191779371540573,1.3279177184109752,1.1702873559526616,-0.5549404347094733,0.2202017131616345,-1.1428933344430572,1.7548272749989158,1
1.4793391158837146,-0.2805424858697825,-1.6658044255126456,-0.7867199146744004,0.7384419109132485,-1.8304144044187862,0.603742209237833,0.24498240370279456,0
5.119687895659441,-1.2651047581729025,-1.9697253066163602,-3.0190486162484493,1.1445101296846625,0.9069937941222119,-0.7259717731705945,-1.4824501857166126,1
2.308296890593171,-0.5812815021264056,-0.7743164074200626,-1.9218146813179455,1.6425186064864346,-0.45198583079609767,1.730650301681981,-1.5247349601818523,0
1.4698826075642328,0.1723882044705576,-1.873549946193392,0.1676424400097054,0.44193588798087297,-0.37465689683711334,-0.05821943554665704,0.4565647180476171,1
0.7283085338145701,-1.5439688984752336,-2.0731312410240856,0.5355276212134399,0.6354601088299121,-1.5764521487961203,0.24094688199931794,-1.2330435028791902,0
3.276256610505423,0.6773191465991114,-1.8612163686821155,-1.5469538026658514,0.25070977785741705,0.12185935662587921,0.17643184576696977,-0.9583755269956505,0
1.6623481488905139,1.070037758934324,-1.366149237499082,-1.0556158240557407,0.23615672207708246,-1.3325115143239805,-0.3031518389766759,-0.7779421973089089,0
2.163348128101758,2.4224564229212397,-2.5330600535444434,-0.42643185721870314,1.0599931194039827,-1.3907489947726064,-1.0119190637773463,-0.8296813597446332,0
3.4597046751079894,-1.5407410179515901,-2.044171801292127,-0.9523380094051321,-0.10508454426147494,1.2732874028114258,0.028662478824759155,0.766726223563202,0
-1.6311463577324687,-0.3238180125248743,0.8623399108080889,0.07639272744749093,1.7593395350618295,-1.6157754246005385,-0.8204214846909168,1.6549380432617549,1
3.1926573075831177,1.1016055076441693,-1.1088096024810805,-1.8083034541981529,-0.4382849323427648,0.971944987068188,-1.3830409756125588,-1.3467906386794248,0
-1.9437694027367045,0.3026639779583603,1.897456708100568,0.08960560395511874,-2.5294996279744737,-0.13178073612912233,-0.7980266400444779,1.404761080899665,1
2.1116113243114554,-0.6436341797853495,-1.7551315235633096,0.013915797984655587,-0.025328150660170155,0.9856219580721203,-0.6914610626455621,-1.3361720614152375,1
2.720525535077898,-0.3008906608231872,-2.589370949077913,-0.49006314147384045,1.1147435876111054,-0.4561973909578243,-0.7274055345957714,-0.4548232203920314,1
-0.0010750701106612137,0.8412967992969753,-1.0008232611297982,1.8663083337448874,-0.42641228003462306,1.6621752656377535,-0.2881956063770135,0.6046746529688478,0
2.947099411196095,0.47706586675826074,-0.9107476479798577,-1.8901101351724645,-0.5376293954858958,0.6467942309446914,-1.9776032702988937,0.015086669255957474,0
-2.6588111107895203,-0.29852291580618057,1.2675050414508697,0.9174600838667284,-0.4941339084556419,-1.2847876019997733,0.0299154251312936,1.2128309225962957,1
0.7472596887702747,0.9017122171922952,-0.5341462312923374,-1.3573198936805433,-1.2649488938870674,-2.1633803335837523,0.5072249825377644,-1.5097195915898813,0
2.7507810178163177,3.242832071768255,-2.3235343927346532,0.6133702205962593,1.6607708574140039,2.4126874137802563,-0.10796303248281396,-2.2183436675568147,0
1.3321963258053016,-0.9232101885445456,-1.1946759826351905,-1.439739653798533,1.0554477657020325,-2.487713802164225,0.23238090257094024,0.29761867595365277,0
-3.40221147098028,-0.3564660026003816,0.5019349865878235,1.717134414900871,-1.0212675273113634,-2.8279355528970274,-0.3997855122590411,0.8936847177216456,1
3.5432667760786747,-0.6815122379614552,-0.8254812040681112,-1.8821159034230366,1.486995232666113,2.1808947722142213,-0.8574787094278141,-2.2738999089306047,1
0.43881314232123914,-0.6604598735625085,-1.3711312821123949,0.05579013493526097,1.27519390449444,-1.7365919082697818,2.68209481364969,-0.6212393148720162,0
-1.4949181093085924,-0.08154412039476207,0.8548538551565783,-0.036735947329938234,-1.2776120180371577,-1.5682525432936525,0.6784238811362941,1.7087899734744467,1
2.2479106345339606,0.08790001035433716,-2.253871636276874,0.7225960946262409,1.2487779168261375,1.7236458654308366,-0.1989548068558858,-2.950431777770703,0
1.2846506572602396,0.6717730946127243,-0.4616813571165691,-0.12415603305602074,0.8146039833106347,1.5655825175400186,0.33654868978555214,-0.5468112198295704,1
-0.8275824526771082,0.5140654308189794,-0.32400473307024513,-0.6905512898362357,0.7616009829401937,-3.7762326379959665,-1.2919946083388678,-1.0171590027741848,0
0.17603954943184796,0.22618989855612748,-0.8177969576747781,0.907795081599134,0.0909920952337064,0.5673305456679855,-0.6067908233792898,-1.5824209528663897,0
0.42934941116849595,0.05447784577391235,-0.5256159665762867,-0.41900125153821,-0.07016669945120506,-0.944642396002885,0.5818346007764538,-1.6428430314271252,0
3.2539614993034918,0.5992814474733466,-2.037165138816386,-1.0078046797777367,1.6985361077277807,0.7966465354097891,-0.44198598554633667,-1.104606333875614,0
-2.1812710446074774,0.7764709121313238,0.6897042100197512,1.3175276582460569,0.1039536101320018,-0.5257679839941265,-2.0124968517053516,-2.675696146154051,0
-0.09148079543367821,-2.582956520676608,0.23204898895603931,0.13383944960982674,0.23373083464944971,0.5554327099038774,-0.19361468830424292,-0.2735286643924635,0
1.2025018235682512,1.1161688191908805,-1.893322569986358,-0.9058106625897332,-0.3632471244719285,-3.1512748938533974,-1.0808171905667887,1.1046168620392172,0
1.3670108667192848,-0.6571308915430863,0.7454516945008947,-1.0049107604259042,-0.47018550934963393,2.4691969469872665,2.623505899838091,-1.1762922647870946,1
-3.662486161539825,-0.6435927021155332,2.7713008560634025,0.7154093336291985,1.2925329656927895,-0.7223396873657699,0.8269884095111322,0.18130914747991533,1
-2.0572046374788506,2.3765411310487847,-0.41616415286479913,2.726013362494169,-0.18583991710316247,0.29412156789102917,0.1650874592171405,-2.724939626758884,0
-3.6499209182216976,0.15916079508344347,-0.37306551445522707,3.198745597057731,0.250890916588367,-2.2042265519569058,0.4240313681330403,1.5219775509407085,1
1.5344677280892116,0.7700517807406977,-0.9049290048477786,0.02750807263632149,2.549535934486057,1.5184646407034397,-1.0961165385974285,-1.2848778921972046,1
4.008906337560559,-1.249961859395883,-3.451015943765162,-1.0000828854905408,-0.7077483344218858,-0.46832483738227904,0.346905639403201,-1.1093640725579261,1
2.6810304070882083,-0.8180073857223892,-1.8524720935886927,-1.1328975731841413,1.5284233013031483,-0.28617063428817513,-0.01152900964193159,-1.479608087806125,0
0.5951513686141103,-0.2850815627220584,0.27975094286667224,-2.287857376164955,-0.7837972248752872,-2.677307641628724,0.3278199178627215,-1.7021564124762787,0
4.049061657143203,0.7574045396634452,-3.3317234808198988,0.15727240937534748,-0.45156066435789793,2.1801330610519694,0.5498823703916162,-1.2928539519908342,0
0.31574410945494835,0.014833387964719556,-0.37741948661733016,-1.0802026218707772,-0.010904153149561769,-2.2043567880794885,1.844119551681124,-1.6773061747195201,0
3.2156362763207564,0.0546822758182593,-2.0079139669006265,-1.1218580616934757,-0.07502037974646832,0.5459675330752327,0.5839757955138734,-1.0796240963720862,0
1.5250203753360427,0.005001751435203875,-0.7364006403510389,-1.708094580699207,0.03474913982780608,-1.6551044092543417,-0.7836235620576951,-0.3540236171449792,0
0.7130116890262618,0.4023164364115772,-0.028711417395350658,-2.0367663831592733,-0.8512244417774308,-2.580530134916345,-0.5755271685365326,-0.8833885893123787,0
1.0185969433860464,0.020857893815323617,-1.3506280942682232,-0.9387276751145797,-1.0073474271649419,-2.5731827506193565,1.6282021692920394,3.44393268061546,1
-6.008803401578811,1.4056251205951453,3.137307833925064,2.8716158939754766,-0.06072590543883411,-0.6403649985016072,0.1211780256124466,-0.7624464756027256,1
1.988700300370649,-1.505477142723143,-0.7675402863580589,0.018749392954125366,1.2166970151707817,2.821433829955852,0.37281992584417667,-3.5282011092699017,1
2.060014510685,-1.0912758601598698,-0.4877917029343495,-0.9679968557657157,1.3583208110863072,1.4853304960264166,-1.770926557938758,-0.7224688262868462,1
1.782819945630403,1.7499039722916574,1.000556917297097,-2.5895555591861488,1.2738860268209375,0.568829854127114,0.16558258510285326,3.342611514471286,1
2.0610597038496317,0.6986545055665745,-2.201510479137433,-1.043402477073713,0.005230019343576024,-2.2005302555045967,-0.516532501959888,0.3303650540292151,0
1.8021432387599448,-0.2117687263556034,-2.6786175617484465,-0.8274061879764272,-0.7727316377760143,-3.3234735921272325,2.0573851919747073,1.1787786968452039,0
3.264847612452569,1.8101284061352945,-1.4953043844059817,-1.5124610062500832,1.592605555544417,0.9188342951722706,1.283610732985292,-1.0901689494126572,1
-1.7135782462444848,0.6918214101400879,0.6954749804445844,0.8241022483859133,0.438455878592935,-0.6494446860272469,1.9257349101260617,2.0040851878505923,1
0.6446510747673444,0.8967974826053006,-0.8396446108603356,-1.2062179685754137,0.850143399158207,-2.744978938230237,0.6115715502997575,-0.23712650666347268,0
4.774957899818151,-0.322008856853782,-2.2049607583152517,-3.1072788527804134,-0.8902317271590633,-0.5331217064664109,1.5163288053555957,0.023568267825465394,1
2.399446316517298,0.8154759546967851,-1.7418137995173364,-1.2374434866430066,0.09058242621445799,-0.892448325730532,-0.3969558041933814,-0.7510708383062856,0
-5.7931408428659035,0.8451607989061887,3.692886306147784,1.6804417114454961,1.848219810800579,-1.4095435845906534,0.234172051389464,-1.2507345366099611,1
2.952681914333553,-0.9636840841924128,-1.9309127112972069,-0.8209841871097651,0.17456614834336054,0.7542924195173917,-0.52069233454246,-1.414219779511609,0
1.8255061057024942,1.254490194153569,-1.862676765335721,0.057401196486464245,0.16311271136541053,0.2536152138544776,-0.7072082400243318,-1.6976212707396752,0
