age,income,credit_score,loan_amount,debt_to_income,employment_years,default
56.24345363663242,46128.6707456709,672.6515656104611,26805.0787772527,0.15684361102184097,11.49954212033504,0
33.882435863499246,76933.34843119017,693.6901891272879,11248.443548026977,0.33395738809439307,4.107523008970093,0
34.71828247736544,43068.13097121962,658.8616921866834,26858.847391188414,0.26677804585004683,11.308062083475221,0
29.270313778438293,49128.93566875355,630.1667934376997,31786.527261010408,0.32938884427536247,10.057594682337589,0
48.65407629324679,69353.56813174496,664.33461105127,11556.442672519399,0.4526254922973894,12.125786716301766,0
18.0,81569.49696112575,690.1612536690212,19783.332938156094,0.44699637719159274,10.840559753986236,0
57.4481176421648,64112.12764223949,720.4173859058175,15048.507899837758,0.3273190291013647,6.773594311523946,0
32.387930991048975,52432.96478010196,660.367903681219,27580.495428666894,0.33895975142057944,3.6394146230821827,0
43.19039096057099,76600.06494044364,661.6820511862792,19844.70621934303,0.2899267570507166,4.972679207069428,0
37.5062962452259,70399.56157463901,711.4919199010943,23111.624027959195,0.4634145876307488,13.151321502073696,0
54.62107937044974,65510.58499468201,644.948784569063,20547.112737093346,0.23927514988346116,3.9984139297529158,0
19.39859290502346,36888.828628523486,666.3348636889019,14165.757538298547,0.4386255064831828,12.503420634700484,0
36.77582795986493,61764.294122305444,648.0255779653922,20759.4544633788,0.3464426481593858,0.0,0
36.15945645331584,47913.26732808869,631.977916531376,12089.71177772529,0.3815512511099551,11.225063203783252,0
51.33769442335438,36460.75173135605,741.7790904026235,27840.1471976607,0.2622645231136904,12.938644645085326,0
29.00108732685969,55503.17826221693,640.4166713797464,24215.28708399291,0.4603665166590031,15.738898630454074,0
38.275717924495645,88894.07697097382,677.2317353054422,18783.547384757378,0.2768759752233298,8.625797219535697,0
31.221415820786284,72267.19020198537,692.6908416499327,20401.84634527559,0.45361563539003896,5.945704860806851,0
40.42213746715593,60607.55264066065,642.3131294389584,10524.340317253715,0.4017888728606125,0.0,0
45.82815213715822,60884.90127260963,716.6784571031802,21043.23332644027,0.45844947599021735,5.819036299443489,0
28.993808227870787,59281.794648129064,708.0899626226472,25898.730894101325,0.34022727623327104,6.251562896262233,0
51.447237098396144,65978.53541391672,727.6787515448445,16509.599396784495,0.30087210296519434,7.896264342357516,0
49.01590720592796,55997.112522017625,708.2187628534845,13373.497601820913,0.3921549068014485,10.087552828818614,0
45.02494338901868,44039.51526620638,733.6475316881534,30472.96462167371,0.6836025251325649,7.572629050705716,0
49.00855949264412,50663.3463880303,771.194930630385,1000.0,0.4410696317954239,8.993558284019363,0
33.16272140825667,69444.37091686497,572.5524928565384,29816.619897999433,0.34760535315433266,8.748246165884416,0
38.77109774481352,67238.60098036187,745.2855472577702,6440.170551496496,0.3264318531688899,6.97632312063211,0
30.642305657409313,43905.767366134685,771.0107790442981,24315.43606237752,0.5121402676006139,12.795536493097483,0
37.32111920373984,58192.11585407602,688.9931617379375,15758.276908123265,0.2851659514867961,3.4305234240855453,0
45.30355466738186,68906.990292433,743.6759409914907,9563.595370137276,0.45642546024443087,3.0461336222716806,0
33.08339248274691,48051.8027512765,656.9409741023735,25162.891116720933,0.5004018652849359,8.281613160527822,0
36.03246473144023,84495.87256057948,746.6713775892583,30256.08710282051,0.24139812309904202,18.47210600435913,0
33.12827299880401,46633.34732651453,630.1009593474406,16545.593915935773,0.410903073899421,14.457522005218234,0
31.547943585012803,54530.56024046093,652.8554641549248,20723.303159378047,0.37307232341334673,6.631581569009816,0
33.28753869163181,85228.80996135142,703.2083613089194,26153.240741321984,0.1355754576574058,2.3624461885882333,0
39.873354010810985,53877.99473700545,691.5116538555565,29199.289010572407,0.24920935524648785,11.432395471660703,0
28.82689651364722,37826.20077698998,680.5348976629839,26993.822827813994,0.3903338805487675,6.66144381492612,0
42.34415697817092,47841.17262411557,575.8190088428003,31800.2929899267,0.41980335878103076,9.749062144685935,1
56.5980217710987,49414.44072321605,604.8919627555535,14690.992972009939,0.3421129084650247,13.191059689865046,0
47.420441605773355,73581.5068417627,641.2270156601278,24695.56265162553,0.36002257741017074,6.520227965101423,0
38.08164447638385,64331.33174425696,625.5846479671739,17380.09785320904,0.4783670075860512,9.878934917341471,0
31.123710359151637,57817.58761665382,727.5172031860309,28629.376258260338,0.39722497250703265,4.887897350340764,0
32.52841706249163,58888.86625245249,602.1558869199895,2455.42185004953,0.3502151439864666,14.832883673971903,0
56.92454601027747,62613.797561584994,695.152657732257,35776.60410025662,0.6130530612360868,4.638364802242371,0
40.50807754776029,79992.44305387871,615.9672453648589,26878.40401650814,0.5391702677774997,11.077949695593649,0
33.630043534306466,54212.00376339398,644.0193380037442,15629.794034320592,0.37044809835295506,12.877657108786842,0
41.90915484667466,48268.93883184198,603.718355329863,16741.926861488315,0.1609281772819134,17.08141789040704,0
61.002551364788424,55730.37599778734,621.8718140911324,28034.43284615761,0.31550578079202624,2.655467573504666,0
41.20158952481629,54088.81688514885,643.2604250488718,25339.018826529187,0.27727415492011104,10.122417483212693,0
46.17203109707419,64610.73780852007,768.7154691626447,19573.373963490685,0.41701976818562275,4.337880022388417,0
43.00170319955828,54290.12155689101,697.1171193121465,31279.957461826405,0.3739110474361012,5.837407649382975,0
36.47750153506481,55214.57119463869,584.1281371988565,19084.9906330581,0.4020029872019207,5.645958664148191,0
28.574818019778597,49383.26442195832,616.3728768467374,24649.55861419031,0.45769574573142935,2.2116283853127046,0
36.50657277587123,48834.192390414915,668.0022595016459,12882.138430591169,0.33598164659784546,0.7058891464348509,0
37.91105766625222,52819.58967834744,665.5383179717425,22427.92022065494,0.4322216824688444,6.181104012878919,0
45.86623191182198,64016.428164615274,703.1986509066235,14234.892544596421,0.37495261950141723,2.9123113026351364,0
48.38983413874505,69564.98482811291,732.4421163026375,17639.106881289674,0.3705427814126664,14.918209907516701,0
49.31102081303557,63916.09502146393,659.3407415930862,12870.079001918695,0.5111317324320184,9.265487099008999,0
42.85587325254259,38063.54780924259,611.1857868450888,10848.738340241298,0.07286119351489179,5.067206321856676,0
48.851411642707276,77482.66436050253,614.4063325951903,23403.19673371941,0.49827518460640063,14.738257703811247,0
32.456020590033475,102816.36122174808,692.7649202227155,12510.269681586387,0.45138188178724276,10.47028558801266,0
52.52868155233288,55588.015853712,740.2709506473677,19295.052526075375,0.25003853205840076,20.02326860773776,0
45.12929820418009,44356.53913280541,625.9045200894508,11463.42732118506,0.2946823097987171,10.363999447012432,0
37.01907164897284,63436.015820007866,644.8492461860856,22424.812403978587,0.4112373647226073,3.9773221637848097,0
44.88518146537497,77485.2837206485,697.5068670735048,16372.962053319257,0.3677153004380884,3.4709482627873536,0
39.244282869789444,52877.18477916859,695.8264853006409,32849.417460908415,0.50015494561385,0.11369786666675274,0
51.31629387451427,70713.42596782948,625.4518021958187,36597.63632382498,0.3709544949162047,13.403575645074234,0
55.19816816422199,60477.79766698012,749.6581425060463,10366.29838360637,0.20708519939116068,4.947161644760856,0
61.85575406533161,79646.00959202892,743.6147233571281,15223.017344494823,0.35883843911314545,8.993594748918209,0
26.035036645118623,68142.19096031135,795.0029679157386,13701.158873691633,0.27708674287970003,3.477459930859597,0
25.558861945704106,65576.92941333211,652.2393379180659,21602.2235236814,0.33476952326571585,11.79987797388865,0
34.955341370535486,36306.169396957186,678.8814427992771,33539.48692526687,0.29086460611816506,6.3682540844650255,0
41.60037069447831,54061.41572338168,586.3104699904027,37268.87086923919,0.45604221887788965,17.834464960963224,0
48.76168921116225,65311.88201289581,687.2749154388995,23066.46742140209,0.10699906384119837,11.852207515726285,0
43.15634947241605,93935.02620543842,644.152180904816,15218.88796563602,0.5317457278601604,16.175600501131953,0
19.77798784175997,72355.23350629548,677.3085077400254,25779.234335637037,0.24655973530848407,6.9552276123641015,0
36.93795987371628,67421.62150756491,709.7692672580794,29863.06431895969,0.38640513434059853,1.127933057114019,0
48.279746426072464,43033.5569303385,675.751685605127,24557.116767563515,0.24205643111140626,4.294518878551341,0
42.300947353643835,56972.92941415198,743.9035971448019,19068.48054807235,0.543102717819627,2.6418159298855457,0
47.620111803120245,29400.721352526183,714.7196744155575,37642.93044431886,0.4250830739270858,0.0,0
37.77671857389641,36848.91401587962,630.451998369549,23258.71339084359,0.1398091554843436,20.378880809562407,0
37.99241931070003,44252.69129915145,648.9189574632683,37459.66597265017,0.39689650694087936,4.728856764079972,0
41.865613909882846,47262.75758654474,651.0887105950321,27567.64600881506,0.35254233941850127,11.811639756121606,0
44.10051647208256,52579.3082587315,667.392590517572,17416.571906297515,0.35392220230960825,6.043289381937462,0
41.9829972012677,43088.546518363924,823.0564866836768,34046.970577631604,0.48471847033171994,14.728942941363494,0
41.19008645807459,61369.6790959505,716.6932316817868,30343.355130799297,0.3120994026182148,15.604743570285073,0
33.293377137109694,41676.86637727616,639.5951812502005,20229.795986644767,0.4989209880613084,2.194885355739318,0
43.77563786320919,70277.7400492653,660.4967082431488,28765.718619365394,0.35456540185860363,13.344378330428734,0
41.21821270991437,47639.35039205214,725.1113658744611,10857.043396046256,0.26169733326721073,12.220492542284902,0
51.2948390791192,57047.845156122305,671.4696240206944,22488.22554764497,0.38604309789422814,0.0,0
51.98917879901507,55639.80684900895,593.5432165076129,10086.238999185505,0.08935847608480924,2.948599860847251,0
41.85156417483944,46691.03830696001,789.5119178755584,23027.188490548997,0.5606726202304944,0.0,0
36.24715049909886,67764.51146795046,706.2260029287097,4730.914262433758,0.5374800031784963,1.0466719038759624,0
33.61269592545778,48133.885590854334,648.3200289059986,14449.807460951997,0.5947266574201003,11.082301369840678,0
44.234943540641126,65569.63964251099,648.0036849573013,13061.29800108957,0.3027414756198574,1.6949819384225426,0
40.7734006834856,51274.79436901861,656.0899718655318,26443.735242799165,0.5560276781234341,7.326613663913159,0
36.56146324428924,59878.15008639148,701.8779135065167,20614.412416206254,0.37021205614822283,13.269674319530878,0
40.43596856834247,51334.410678527725,670.5697842266862,32449.370788571472,0.4218229642050101,13.403895291357939,0
33.799991560518706,84522.66226983268,712.3190487177903,9578.152415016979,0.10844622859714126,7.26964356583942,0
46.98032034072219,73428.66315180628,738.5378695535164,18474.301562694665,0.25979145004751947,13.192003861203938,0
35.528714352140014,100962.67966390331,592.3366473370153,17591.805783122567,0.31520682409365375,11.669700526463428,0
52.24507704805499,39380.30137072646,768.4867161045676,19355.75443294979,0.16732351050790203,5.705269978536641,0
44.034916417908,86518.17206669177,752.2240696444285,8550.535710869937,0.4508661505164232,7.557840020014216,0
45.93578523237067,66153.79964031208,723.9569833332489,28841.97230429818,0.3743961570098624,0.0,0
29.050881542589583,69343.95949961366,730.6524786704593,26321.068046916655,0.2514286645103999,2.7978802947885644,0
41.69382433058668,60165.851757451295,734.7168778208658,23021.249414001806,0.40392234109117636,8.997703682588346,0
47.40556451096275,61077.9068947388,768.5656731088343,25641.28146589388,0.4594546725060549,11.082772330958807,0
30.462993981920654,55462.473620559365,590.521876692662,26284.080382814216,0.2564130050064546,0.0,0
37.33781493996378,74150.48527136978,622.2628520137916,24215.227749722577,0.3253908133927695,4.565121935666544,0
40.32614546693359,59783.65512972325,580.4165525156752,16950.021915651352,0.3793316461551512,11.621829732921256,0
26.26882679753244,72045.75089538733,772.9717981594084,15235.456175169424,0.3705053650817881,6.543531350110422,0
43.15159392042292,64903.67026090416,665.3794635959608,24154.50643864527,0.3919490695199549,7.971602091425927,0
48.46160647585033,88664.36339228295,738.394297686342,15626.597996293516,0.2829520439565197,6.541952867638939,0
31.404840591680134,65476.14141382799,694.8955760420222,16615.243028035897,0.452247180282591,5.590900035195283,0
43.505459786641076,78130.7403917947,631.4155688516444,30968.805544115472,0.5838628417302697,11.394452409118019,0
26.877165887625683,55151.67573727394,666.1650173677174,14492.019157210132,0.34768352258999624,4.991734021357069,0
39.613044907339486,49747.17461243929,684.2366636467522,30666.88280430137,0.19956734693308537,9.335284771640607,0
23.842276452967052,64839.181129125915,676.4814226609873,21368.91618977906,0.42434616578578366,8.762797278688458,0
51.21417708235664,58288.34265761968,687.025096392505,25318.443776045788,0.17063724161350924,16.180152805238194,0
44.089005379368274,58197.35006598729,727.3849491420615,22290.830721068935,0.4278746285488292,20.02167634452833,0
39.753830441242215,55356.386986047575,696.0332292115046,26604.84196127255,0.349084641209176,16.382972098700492,0
32.248383808308404,53467.10387826313,714.1326870946438,26692.862538643618,0.36415285588407587,9.154782151501674,0
52.737559301587766,87130.60014844072,722.6561345998174,19746.37582759729,0.2379350895068717,12.329981867647652,0
59.67101749254735,47823.81039426431,741.1159625689155,29054.282575750854,0.2894815020717297,10.750643711558808,0
21.420181355532478,63796.20697627952,776.063690933145,17911.624944983476,0.36627470364346115,10.817508116763321,0
52.3616403045282,28603.48389925799,601.7121110980055,16152.205975952147,0.3602721938930811,11.614621675999956,0
56.27650753148906,72623.18824350399,682.0893135261109,17036.28617042861,0.3165907020106244,15.324590978665046,0
43.380116965744755,67717.2973538247,726.2567757210957,3344.826441444671,0.4029953881193684,11.290363997526052,0
28.007319676648137,75110.74844780396,647.1374228931741,26236.06035430193,0.3180506645774933,9.13220321337889,0
48.633453175440216,50072.787068682606,625.1062741207882,24627.035946379085,0.3343461473440932,4.383697551980429,0
38.1907969792185,36650.30348447823,692.1601494107869,21399.17259397783,0.38733856614625756,0.0,0
33.96079372206743,55118.43485131585,759.597261946104,26928.302226504144,0.2595518143058758,16.300693185160018,0
27.699418643330382,96041.65159298113,791.0397484634091,21549.914285754636,0.25100246902552,4.1380980551981015,0
45.50537495976215,58163.93328857659,544.4009753277259,9897.439957247503,0.4135039541071336,3.0058344749605634,0
47.92806865919348,65454.420846336456,606.2835990981584,8951.879940659097,0.3876751450047364,3.349761215418259,0
33.76469270320209,55761.59783190569,646.7965245519953,14084.511401803724,0.31560166734152323,7.972768215500864,0
45.205763370733706,72995.62756804348,718.6914889473035,35064.597794614034,0.4819897830695875,7.596102099104204,0
28.556586103768574,45148.85033904966,677.5040914602561,27434.619469602974,0.22072181250316739,10.44446002531701,0
48.01861031871345,61562.96911897676,666.0770298276747,18744.553280749606,0.3594590503045152,3.719011199651158,0
40.46567298424146,63952.7612757245,684.2681733162586,35044.353138789724,0.18201937843938754,8.733050647781901,0
38.13430228092651,79138.967125016,680.9161465985432,1000.0,0.4005637192750329,8.908327189506181,0
38.982541274708545,85631.40380972426,772.4801554248511,24084.805504223434,0.1728963637180865,0.0,0
48.68886157005868,26376.84036815056,681.8163607531428,22691.200956989,0.4485310440011076,10.68049708759817,0
47.50411639865008,56415.55598703277,766.5751953512921,20928.43713370178,0.28815507080486724,15.260207474198225,0
45.294653243527094,37169.85353099886,596.1208808987033,25778.339900695573,0.34667146847941466,6.157042988997468,0
41.37701209997386,48999.398879798006,723.8714951624888,22485.755305331746,0.2592212602503272,7.609555280963416,0
40.778211279127056,70005.35795441958,663.203352540809,12708.944281093309,0.540453926930775,8.196508400168169,0
46.183802619985244,77326.19012163412,678.1862513725224,26272.10858758301,0.3095612352403624,9.41030568448135,0
42.324945591787376,78559.18028949242,770.6059438882189,19181.27988453605,0.35370295114185357,9.68607413316391,0
46.82551406864485,31786.123134048492,596.9677767352098,25334.84374399379,0.36890163935577075,2.169230228872011,0
36.8988322648194,39839.548938080974,731.6907782844105,23116.831303793737,0.35960214063895124,14.928040190979884,0
18.0,40695.22330809034,609.7785479068004,13270.36018404227,0.41914017372958223,2.80220383289093,0
50.38824601859414,48254.945003909386,800.0630381995499,22226.258795536884,0.3894631247987327,0.0,0
61.86979646974258,59563.93859478755,660.8312462063969,21884.988799155402,0.42127395184650224,8.487857203524749,0
44.41364443568582,67067.31640931458,712.748293326045,15135.640266907107,0.2227577400748826,15.058027623819578,0
38.998447667165,59180.58587213899,752.7720413478191,25354.980487029225,0.2458704581889398,11.450372821954137,0
38.63555256103967,53949.219861908736,690.3272216389688,31127.369648795724,0.18992946832789884,6.261595255422285,0
38.809458122251904,78680.17677988061,684.9332183518642,17013.003723377824,0.21792006952145485,5.941616558870737,0
40.17409408300004,45347.67299363656,594.3903109581884,27952.5857309487,0.4759764954410476,14.544521214744577,0
28.77981271253112,55811.47602507449,803.2653153830443,17882.00421354882,0.19083159185931226,20.825553428331524,0
34.82905542079772,42117.86376544849,691.3955938653318,13088.97939459146,0.37916317464247634,16.378759179611322,0
30.02973172349737,51814.6058424324,671.6887977667484,39281.45406170282,0.20872221360428211,0.3345117531735404,0
42.4879916138777,69361.75683574387,717.208573921531,18859.909672236987,0.3904374329306238,5.516383942029472,0
37.03358847629137,32368.24491101487,779.4879017980604,21534.043296903747,0.3475858845241814,6.214586555323843,0
44.95211323977961,50020.09918742094,668.8123964775835,22591.373881025265,0.4420126110366386,4.2031240351120065,0
38.25296840257499,50780.06767605422,735.1532058842038,25312.081859162667,0.2874145933248104,12.951388061311604,0
49.86335187821242,53597.87435294194,680.143595460692,28652.730671469468,0.4914672064629103,13.665563090976612,0
42.13533901335442,59865.202294834824,731.5621246309464,16452.828110079765,0.40237271997035184,10.377358713981689,0
61.90699728969733,52697.97567210392,614.0480765153335,25746.593641498872,0.2980735241759861,0.9374144882677857,0
21.036390771089074,50236.50884106943,767.955607458216,29118.97273316584,0.44943904314117394,6.514436445216379,0
33.53083311745092,58530.25675916814,708.2288851420416,24541.410619059105,0.3803422184541205,13.846991600192501,0
49.01486891648711,57482.61202024138,723.1351339351589,31602.767627964786,0.02773860812687412,10.916806885323552,0
65.28325706806399,35934.86475884491,759.1628095104941,20173.235183574572,0.4514109551483747,9.921003705125564,0
37.5136522228454,33312.004170500426,682.8605194740451,24536.191097918134,0.3607919953226695,13.524987966102955,0
40.43668993178389,51411.584386150455,725.2501967183023,17679.177582625394,0.3223680549723475,10.445850756263127,0
37.73685757486395,70499.19062602267,699.5082781360211,16647.266741241983,0.244437871693237,16.88112019418947,0
53.314571125875915,57049.40612889059,589.7716551526818,16951.873615588927,0.3897802309153344,17.854657814116912,0
37.12692136523981,48803.22094115581,749.0510227446927,23389.380907842133,0.40747821011419116,7.427682041886234,0
46.800698398781044,74066.22198834411,655.4884623698936,8814.944573769953,0.19917748927639614,10.630599174191545,0
36.80198401101329,20618.981446590442,557.2925970125299,20771.03286333603,0.2593723542956351,6.166669869189132,0
27.27441244754006,71192.47251243085,675.6274571598994,28378.12520339606,0.4700631833419786,12.332555692336538,0
43.13547720463432,70111.65023066562,760.5164112250791,24196.20787719662,0.2396814824268017,4.999817235717218,0
45.03184813435326,75214.01249586947,743.4235707982417,23961.904608128996,0.17752424661994398,11.906204351863817,0
52.93225882532262,58789.28650671679,596.737832776299,24418.384392118773,0.167818475484338,6.966114951844107,0
38.895529735826834,56675.283979917775,695.1556119627428,20602.21650029012,0.3713514209617114,0.0,0
33.826379362876395,50304.61334180554,745.9554232971212,16804.292139231373,0.5211003060240665,12.678204885988407,0
45.62761096619026,80611.26986019572,724.7707194162965,33867.08669330383,0.4500705318828314,12.814465419068974,0
42.407370922377325,46306.34208140546,702.343404383832,19472.86924595481,0.42980258434306695,12.028274552061434,0
42.80665077122639,67195.66765983806,568.5502288543184,28655.032053904848,0.4998148023803797,9.782063662623807,0
39.268872962527226,71135.5013026111,730.0375771088416,26385.814714266235,0.3115337508437902,7.619532769342294,0
51.6033856999377,63473.218397912075,677.4642461603864,20986.36699604945,0.4849356491130712,8.313832485358114,0
43.694927163757235,46395.54391435432,769.1778429044355,6272.800457202613,0.42158589764362653,11.438761654943821,0
59.04658708340981,97229.17864689762,699.5603531787368,25926.73732109311,0.47444607237242764,9.260805124966737,0
51.11056698560505,63399.29191364746,758.2224262254525,13085.45337792292,0.440990656809348,12.729194008042015,0
46.5904979610021,57931.25645516413,723.6116904041621,16774.029103312587,0.3161441865966931,3.7250697800990284,0
23.725616593837426,51876.76136385785,613.6197355388801,9431.17218967704,0.1970427313893052,10.377874310223131,0
46.02319280295629,47931.12001136879,769.4333062619567,31016.516180908824,0.3308436055669767,1.3648248425040803,0
44.20282203647059,73959.4107816188,687.4206575671211,28059.89455473402,0.32087648291937304,8.29933824096067,0
48.10951672803556,83145.97814641846,573.0855169929754,16233.213074581878,0.5486995069916023,13.118426895688922,0
50.44442094707259,80726.80350022373,706.1755436079413,25226.62640687327,0.48149478032723597,7.453426914329729,0
35.991218082110734,57499.96863101754,651.5081256732167,24571.765420655145,0.21957610351718856,7.953045562362458,0
48.24005618450408,35121.25688483547,735.4543284592789,18916.517691449688,0.34313292381291993,3.8615688119332203,1
34.376945689809105,51684.76263658035,724.7729772370793,24889.87113412603,0.41989711497691484,9.186843967657436,0
59.548780750090344,67600.25207428863,662.4307803111477,14634.864934213203,0.2664687698489047,5.179104945825994,0
26.680483334827517,62287.1371783004,711.0613427400099,20267.97124842605,0.1578058513693653,4.095491201343544,0
22.393114396012166,54414.28293787247,691.1039475233052,15802.285850525257,0.5012642386621433,11.231929321077821,0
23.492787341758998,43244.309450715664,763.344471097765,33445.00587989615,0.37778739273972956,7.127612663726186,0
31.094444158369516,53582.77905122869,718.8765757305546,21285.473710255133,0.33624192185798,5.896793990791258,0
28.808846014402718,74087.75713443113,630.9503557915591,21814.87902879957,0.30910246024262206,0.0,0
59.560789037036415,46189.35132401911,634.972969716926,17638.94524266742,0.3725997252042434,10.813784706030903,0
36.73500501921816,53360.43986481858,569.4255039145258,1000.0,0.5187666283858445,4.82016131320275,0
26.573242106225642,70209.80535581648,615.7203008308115,24716.906516476218,0.500739939622308,5.80550386970059,0
51.14382976779792,44457.39290560358,761.7684131863251,21349.267746977912,0.4551856415888711,10.810240208012445,0
34.134760611784074,33733.30182419071,634.6674626777545,18903.446049500442,0.22171089304732977,6.086862341077459,0
27.63146623458603,68012.14613110086,698.9132803318912,24376.7422952643,0.3298677788104438,2.7095933754614547,0
48.75838927649299,70497.49048423603,799.660538048814,13841.210806733674,0.1966660048888047,8.775936041393127,0
46.23362176578033,63192.46604662831,615.6161454272333,28322.324076878882,0.43973314051015683,7.444005165982987,0
35.65043317044773,38353.18891624607,652.2051028314094,27031.893346605404,0.3147885637875483,13.288703836928402,0
54.07540000241229,58115.539776084406,760.1663042741789,20250.720343372897,0.30356489419320326,5.523186161746432,0
41.291015797107256,83645.34450823962,664.7268673532853,17009.95840902763,0.4542695882290187,14.198993702662023,0
56.169495988573004,38451.92459705529,727.6826928145141,22276.81992436299,0.43769240918105456,1.6071435354255863,0
45.027408819999046,64159.89078461856,662.4008427866664,16049.78571921158,0.4210958237670307,8.759826381627512,0
55.58805540619859,51530.81992799928,647.9625364252755,24794.485109835645,0.23314437625176332,9.661332422846746,0
41.09402696425428,63153.47432077908,615.8579191549378,12782.026892549915,0.4094365367529459,3.363232624808888,0
27.802556030209672,41807.818449944694,714.4760251371283,23131.828477886727,0.265102683625962,7.341341064672064,0
64.49368649061398,34744.48611362354,617.025401748102,30220.392943227656,0.20620761678200525,14.228739589506507,0
34.54225832017433,68234.08521811172,678.4961535716443,16786.158191620576,0.37054220331671495,7.306531138837277,0
38.01162137111103,61996.34424005043,684.164474190237,31951.538590327465,0.34598932860342557,9.104338927394029,0
32.996014950787455,63500.49164028741,682.5683939693276,18959.5322091597,0.4630256944128436,7.286676106799798,0
37.966055510354416,37733.89382775539,645.9511463904503,21796.337639959995,0.2052749855171645,0.2996590657742386,0
42.426694410817944,66478.26672980441,674.595297297688,16207.624228023922,0.39725944623443343,10.715116972571728,0
42.01830178874004,79017.77530370213,734.2978879634582,17436.273506887195,0.20275441946365735,6.162440961726249,0
46.61020287598693,51894.19508388692,627.0214585275099,28745.146416454387,0.33791733531038126,12.381259652216016,1
57.921582089755674,65047.35985331369,625.627099276622,11946.537626947404,0.42920184062692585,3.886183801663617,0
38.79535428211493,52492.815516318646,590.559141718989,12623.738350641355,0.0,7.42034038509842,0
27.66879264553573,73358.79476006805,672.0072078648416,18412.817480710033,0.3507308764838005,9.084164878373741,0
28.176818734903662,47602.533033467036,659.5602647736679,4230.505311764273,0.4302456147041525,2.486077220497428,0
33.34245481800873,58121.81336655732,700.2735030459586,22570.93854236565,0.26586665816827526,0.0,0
23.25804192381068,72853.78117688763,727.4540422034039,9852.288468302884,0.3280107952845963,4.813581007679421,0
48.25029824438986,66927.44143264747,663.3957627516075,26690.45471317149,0.4459468102410109,7.24665022568506,0
35.01786436368922,45759.792744159844,712.0120387956755,18707.387510839337,0.22082601163761675,5.057719929886416,0
36.89015021697149,59417.337890883755,705.9012451439047,24218.527943948648,0.1645444489169653,10.616378136963505,0
39.981085171619966,95585.94809403598,660.1740344740815,11694.482941829474,0.3220574638385344,13.921370959302585,0
26.03379575404568,58515.9457119603,786.9450002766937,23259.436793952656,0.30324139920548543,11.298517632266584,0
31.38683639223958,94017.8859690156,673.1119450511487,20319.668298834255,0.45409304346306356,12.386581713831697,0
46.747115256879724,53940.79274122939,573.7165416628006,8310.758282432387,0.48974132249474334,1.3805739225979616,0
46.18539130786293,51094.575722283014,732.1669792729786,24030.996763258034,0.3261981730173553,2.9681799411938776,0
35.568280692993625,64900.1377696728,707.9913030329619,23892.769702275622,0.18160935951276344,8.580446509443977,0
58.105349141254564,77701.71438150441,737.2647441552618,14644.1659631125,0.4067723674483485,14.589101390597687,0
26.942730774422625,46090.09406017955,710.0911221323576,28472.535090906338,0.3506317881114828,10.862524569088315,0
36.55012789845021,55909.31000281339,727.8818387906921,36195.32216897862,0.31667261092743826,0.4403624423741368,0
37.69160256864531,87491.59039609147,568.1982386393604,32333.534555511236,0.24438178757687962,7.2460032204858,0
18.0,56291.883689454495,717.4995317846782,20138.090120554512,0.3265426104338844,0.5188082792810143,0
59.3752881361608,78154.35112705984,699.1640994688779,30795.802420189742,0.18436361620104913,9.493062406075339,0
43.66332014540058,91057.88298750359,754.366313142662,17774.273552327668,0.34748784870378785,11.16375528162271,0
29.554106180922084,30159.976687987088,543.0180750712544,6183.131031949235,0.28492738351605085,6.059461191677234,0
60.51173442857444,61372.90319682279,663.9764408370961,22877.377559847886,0.5345290352891411,8.928287434757506,0
45.856620001723826,24354.006609491633,715.8127439179312,17402.71524590883,0.4862874699216415,14.07695860556022,0
44.295261400219644,32726.703445105864,643.9147785877886,27080.272051825184,0.430353119547746,4.484223170560755,0
33.93001601799954,56519.601848829516,776.5449476081637,28024.220216563725,0.3478863444008203,14.544075162248658,0
41.06222724035218,78852.17211039644,664.0031964472704,1000.0,0.5977950507890202,2.897865635237136,0
24.74319683770642,50665.29832545496,622.911974430328,31914.94893652873,0.420482991631393,9.183379175108547,0
47.95026094424845,82348.31123292612,658.2754929382595,9156.30841160665,0.547982350968885,20.060034410182965,0
36.25561681156779,58869.1447911988,648.142935026935,7959.831722639032,0.3983905640229483,6.924946156844355,0
41.34048196554623,64309.959432221156,542.5494839421642,28176.33159907202,0.4025390681870078,7.069996012964743,0
52.02054862199706,59846.84233870496,612.7457842356541,25301.65365712276,0.43127624660353514,5.370890402944192,0
42.84748110849058,77277.16598203259,605.7516242118377,34599.99534508116,0.44699131167479034,6.8036180842005685,0
42.62467445463268,58793.96811574972,689.6106384783983,32096.711530197936,0.2942511256213606,1.4301431766109411,0
42.76499304822184,79015.11980469589,788.5407168782465,19301.18701915343,0.35291167077930935,13.290861651933074,0
32.66728396104687,47006.6961928043,629.3600778284808,12811.271410004088,0.45788839144009297,12.948685303518051,0
48.360047194342684,47095.03943033908,655.8708551180175,30185.673417529113,0.23440576688977988,4.996828122089505,0
55.43359110804484,57392.30664079382,674.0072185213531,10691.528621519275,0.35673379925364956,4.779847144918227,0
47.58805660097931,42887.51884312401,737.547051330701,18387.72334154069,0.30523448091852523,3.9639565405601855,0
48.84908814464883,43092.45178345997,651.5798405614878,23718.31567043816,0.31086137826161453,9.294837416349521,0
31.227184810818116,68764.39372598454,780.6297490539647,27042.685287816443,0.34680768929949,1.2489541478943522,0
31.322127771270743,63173.18241773194,599.9226475406681,10522.518080263657,0.3517791733247259,3.7015261985630374,0
25.591239757081603,44547.22125974166,687.9552354038369,38998.78557405912,0.19235419414161045,7.168987445380245,0
52.32253070828436,77786.3770069798,609.1979165495055,26214.239212796052,0.29129478796239205,8.088966582726886,0
37.45820132392632,51511.95117741442,628.1580704099939,20284.148255397202,0.3710989319783687,13.01475596931503,0
53.99843942480986,63737.28460893091,691.0752219693246,17854.766035327197,0.4462865849591858,11.495223320286001,0
32.180883173131996,42318.24449504052,746.6098558532233,23221.937701012925,0.3411285174740321,16.96520341923331,0
35.62491017171419,52897.50253544755,647.5344965814272,3981.2129867635904,0.23359031467710956,4.9706373886649455,0
40.95425087191258,75965.09973019002,688.5169485784626,20887.396001751775,0.37739207415173015,9.996822675009952,0
49.214500686595116,79012.57962446798,708.0819671017209,27687.35660475232,0.5933999494241262,6.987126872451933,0
40.60750195799507,43825.487271169164,703.2487290045403,26592.479801367597,0.3736908280742846,0.0,0
42.11124755007717,52559.47906828596,680.5385696704723,16445.325403502415,0.14885004483514153,0.0,0
40.16527567305616,53052.4760352961,682.3879553544117,20728.813426628443,0.31908982378210565,2.775385340901039,0
41.771877202759605,50930.556599723386,691.2789232248244,6230.943035297243,0.2700006955316543,0.0,0
28.835299821152557,72310.32570162871,657.4200827529204,17071.830290131635,0.3182581292409658,9.239959955560378,0
40.80927100973278,54286.40233649103,629.2538698183583,10568.984229867681,0.32406205630073165,0.9843768170372371,0
38.13421006488534,79742.35562405873,697.4329595438804,10514.261485300722,0.30251018115510314,3.947866237347176,0
39.43175519114153,35489.99553206019,713.341402378008,24603.162923465126,0.26247070977952425,3.7244646414701243,0
44.92336555936649,67165.16142180786,667.6432046713389,12871.824249836638,0.2912026880224328,9.0724330010344,0
33.19321858991114,74691.2262581096,641.2624151369224,18349.107946630327,0.1798639488573432,3.2436552422765637,0
39.154919725953704,47791.26210560195,771.9947113562122,15797.48815178734,0.30060705914592634,6.855884530209509,0
37.02638117226496,55298.33616072334,682.26744776122,23032.719978925285,0.44863749228509886,0.8172826344723543,0
44.17302004974862,42874.785566334,688.147631807241,21035.205292074315,0.4238473280505134,5.807770692530761,0
47.847706510155895,48263.20630513052,718.748997770906,17337.060887466618,0.4285922616790005,10.270689924067927,0
30.445747376263107,44774.95773508426,644.2589176928624,17581.860750061966,0.42801574962001354,7.792000245089157,0
45.85910431102616,76073.23891563853,538.5050854949068,7794.959111332151,0.4155665312177827,8.918835234440126,0
60.65783320218834,47222.0108739509,688.644528148457,4644.836090235593,0.2703396121659115,9.9917911202356,0
25.28843074167375,85928.72679860238,770.3582838081688,20923.370533904803,0.2093389251695161,10.115437338499218,0
31.698281046848862,77569.18825295941,672.5543851327024,17587.682852946382,0.32468295809513886,8.592488289440485,0
31.19422400155829,50775.88256529918,601.322350869126,24075.77069133143,0.43988018952945507,4.496376076102289,0
37.2090227845671,57251.53385890355,632.2673595308871,16224.39670114315,0.41746948617185164,13.95345117038608,0
56.22849085954001,39974.16353657606,603.9172051391829,12849.847621394092,0.2699090019888155,2.810943941689935,0
40.133526763471764,33791.84952607371,673.9802077128874,25041.993174162242,0.1419106676276107,1.7299619705144202,0
33.053064047127734,72240.97159010264,693.2418847098004,16761.61714108175,0.328503120739942,14.69572266772456,0
46.21803504305572,67143.45507950254,699.0483269013793,19600.419731030466,0.3314775236916279,4.299030230905973,0
34.00195468929152,63526.173819851116,765.7062720405238,25179.47071877725,0.39553039709541465,11.504473840615242,0
51.234121620219355,81430.39130585354,805.5092886390091,9967.646798108268,0.2899995057888147,12.712684093936176,0
43.05267040244011,60651.18105356897,628.9202108379613,20632.1036131716,0.2863010882731704,3.7746816018994176,0
53.887793963702684,58096.58324197593,728.401115665505,8905.551643620558,0.3028073814034135,0.0,0
33.38655756846981,60518.97164488986,615.4329790798586,6915.008186046021,0.229288157424005,8.358553321818636,0
70.3085711237203,77772.2979947006,641.6217393202601,28612.8048067982,0.27690417784118604,5.073297638886634,0
48.24584625033457,40357.134976075795,755.6136351795644,31703.966024606932,0.45253975765704607,0.0,0
46.545801525867006,57197.9699827342,814.8289911968653,1000.0,0.3304243590070954,10.988764988329997,0
39.488115523923355,89539.89515242702,650.6047908694611,34776.43134071088,0.4196320991590934,6.5641208429276565,0
32.74402880865573,62250.980325752345,663.6814171039749,19407.465117133866,0.26652848688429,10.132089431995315,0
31.322313223764098,52139.026836268415,707.8456928495065,20355.53712035575,0.41278229450797504,6.988201378581196,0
38.64022673899411,86769.99005100841,692.5739420022315,25578.22440577155,0.372017741565619,3.4356289592572518,0
32.0273021450687,60478.61730759225,706.6120022374253,30040.544684456356,0.20632138789062657,7.5353391185085785,0
42.8267571224842,76819.31914655572,611.9594645472838,18347.66059416044,0.38799385043407386,9.481464502876573,0
31.739025681526797,54513.93050097671,663.5068873974523,12617.609278030292,0.3576610666633378,9.233004281944119,0
46.21082700839008,71697.6625610552,741.0609383349808,29554.75354027975,0.37282226238489885,9.018072156823772,1
49.56121704124696,53810.182663324624,648.8962407666708,19444.330052767407,0.3457510570327782,5.778819353093494,0
32.941594925977164,67817.55568534584,615.0252632808119,26744.08733905553,0.24696945891577982,6.748859949281199,0
51.926860677546934,74147.3493409139,735.3787980898635,22118.720261971037,0.3047564896525095,14.138695280212332,0
37.620580642478174,41718.40268176845,769.069292110948,19745.99314744905,0.3572763326585181,13.946437219430187,0
51.55287886088225,50007.34474384148,549.1068244193333,12573.060331349647,0.31149351669829345,6.711571500541563,0
44.38166347291237,67086.40763963114,627.8750606702531,16657.636075815706,0.3802810551843286,11.32152902852063,0
51.22328321657092,69919.36461540704,736.1890531368517,10145.85629370648,0.6325918734264564,9.405423147664244,0
30.029802044703175,54569.66078458462,629.6378816863288,18521.187619963086,0.3334791525376959,15.614070698137667,0
38.93206013220775,73152.1209867472,695.4456228780183,16921.446285382004,0.24528303230158094,8.295652123921492,0
54.514292605909354,85410.76966407546,697.6800692618293,25700.490638740233,0.35290948188799615,12.431471046700258,0
33.81963152318421,54354.601607875615,698.6376862934725,18660.252633205753,0.44825849050096983,19.26367248593686,0
19.62798774319205,46200.380223227236,670.1856610807546,20464.69616697057,0.3580721176146344,13.97493251571807,0
20.574108185235445,65956.67552679883,664.1381623740918,11881.852800742317,0.27448949788758026,10.859413108470068,0
18.0,58919.38407344563,784.74855992041,18099.654553606822,0.48294418336369405,15.55528915573382,0
18.858360780831738,63079.7552561205,622.3699677896748,29867.54421396632,0.3972688917061422,0.0,0
35.883608368115176,76980.97416267781,740.6802145586123,17087.95490510698,0.5648951429345341,7.799238367149291,0
52.785280828417214,55498.78021873451,847.9291644032476,17169.851156193654,0.41474192099038354,5.9323955767441205,1
35.577707204868275,74188.0026297671,734.976342875514,24747.260798639218,0.29383924744445145,6.3961258547842785,0
43.23527353601432,74528.60500111143,785.7236572198444,27738.110841202782,0.31108519550715047,12.011578242771122,0
38.90008509836393,51333.30297287696,708.5618939197901,15607.151797862374,0.19802588935394022,1.0710586126678745,0
40.08548945436025,35507.352216968895,581.1402075445761,19552.045006271288,0.2409487903858277,9.525950838285073,0
38.31801160255284,33853.8625776651,690.9243512521489,27132.57067078079,0.46979862134497924,12.697690864521203,0
38.25819655692009,81119.7399852509,691.0745980885862,24176.487835336164,0.25579903553774136,9.885833559404968,0
44.611640999770174,106980.44592210758,780.8676054361129,11433.96220747972,0.18286239784458824,5.324556917515127,0
28.24017328558685,66957.19151143914,710.8600261530298,36180.20189831455,0.29366475064191777,11.96555346218221,0
50.10127177334724,68317.41991339889,717.6041824632752,21946.38873387636,0.24378869078673088,12.439272876329134,0
49.20017933247763,71988.24216206765,682.5305094328147,2846.281207371132,0.5228584309153796,5.598847508739759,0
38.04942659124099,56196.111250509355,682.0220302348599,24085.597649773572,0.2108369530250798,7.758950547023478,0
48.053934242321816,61315.359516160264,720.6992705706259,21681.24933933735,0.3976779030685403,10.19588634366902,0
32.98655573742823,50085.725080138545,699.6367527574421,19998.580000703343,0.3583968822019505,7.237694867027855,0
34.62776976124662,68243.55687082057,622.7287437579004,26392.65297961564,0.383579182002948,9.237826511528617,0
41.562638502700835,71579.00001747039,731.363546627877,23281.86882498095,0.1543378944289205,7.582866064507874,0
38.09778974915139,70378.82099640925,660.0789279213494,11538.28365437515,0.26137730279076443,7.884487316488577,0
35.51261967328377,43349.86684340906,733.4170728928349,24021.039425340157,0.18968828922074077,7.356563592575996,0
33.27551961213403,79980.77069649997,654.3543178800251,24432.530533888083,0.2691418849697122,12.992628447356172,0
34.425052782139566,69731.84459886783,597.4801771750323,12729.264575928615,0.33825773503822476,7.428371267194332,0
49.391687441964876,59990.93409351139,733.4297139919452,7853.403088848028,0.3996357406895717,0.7149572600437573,0
20.566765943316472,61932.02542095201,578.733917853225,18937.480455309564,0.4413354962497914,4.400122369081254,0
43.524943643693334,42327.527292258324,726.7582580051749,22171.135810021995,0.36296315987886996,4.793499909726317,0
37.63563048187013,58888.4374514368,623.3375611247814,17113.772633139066,0.33842278792190356,3.428413200088184,0
47.27813499999649,59305.71332948923,589.5559608449972,18609.685375343182,0.3708325106057214,8.934636057364354,0
45.150736136393654,78853.75616137608,714.4192956504647,27068.88180258517,0.32400387587097906,4.053981484714779,0
18.0,60841.006330127406,682.9698706428217,1532.3890991483422,0.36085801086386504,3.228129283652815,0
45.846466104774265,58114.02515040822,628.2438461909112,18185.71172292827,0.3491696312414115,7.106875074498294,0
43.242742434484214,60740.695696320094,727.5337523111654,12745.776263677591,0.23534918556777784,9.326126016146915,0
40.21862836626553,60757.0081275135,483.0752722213629,25393.99951737601,0.25429013585378846,1.280975395061967,0
35.313261837221084,50961.45546347428,639.9175346084336,25746.665184966347,0.3691667432785701,4.5779783006739505,0
48.53281221955622,66514.88283245734,632.4593833280044,13758.287631005667,0.5429690707108223,4.155072058918801,0
35.869706902889675,48727.029971003714,684.1064395951884,17557.938815209956,0.4153432991491988,14.46191492812004,0
58.34717626649687,54382.40234182562,634.7448517110687,19313.26390611281,0.2495635293113143,17.81557973063714,0
45.643828554943134,36369.795209210446,726.6760236807179,13867.791434049112,0.19385424912190996,17.356296592429334,0
61.37828067439482,64569.19436968843,702.0154626157168,25273.558946087254,0.24517516295529257,1.8674536963776385,0
32.144660030797645,61162.65536960119,661.7029401367553,23181.633790831544,0.24780075803614277,0.0,0
22.44074359767148,44909.16354166003,731.4747225446737,27217.57273202185,0.34467784735664236,13.748585217781207,0
47.14789597485815,53338.984005541846,711.3793623450721,10512.403281112218,0.5879453589688454,9.889814462684607,0
48.527040617252865,77417.1299552611,656.9440879492726,24266.603009280232,0.2544368503154383,15.957579974021682,0
40.353600970547575,55963.64655798204,689.835300162389,28683.913741062814,0.16577256052591077,0.0,0
24.612067542553568,35054.23083891418,665.1826517892023,15950.50495465307,0.13302028526073864,10.96281547366785,0
35.521048152838816,84541.94864861218,802.2493214162431,4919.5742701251365,0.3410762946029799,6.311354443617006,0
46.17985533920335,79800.86021460398,615.9041148056324,35173.89908410681,0.3773469982265068,7.643910625157286,0
38.158236743462545,58664.471584421306,758.3879177851588,17313.04545425707,0.2997506017555742,12.097697602837219,0
38.84014814527604,52492.9646405566,684.8086837411334,24681.042908678028,0.29098658660761423,10.681435894598774,0
38.24541031338247,45965.62596263335,638.8052576143155,23157.533991641136,0.3683012871317996,15.579309233152184,0
30.660853443734986,58207.92184503999,686.4432834032515,12748.736223006088,0.3917894426853959,11.713099401758758,0
34.669796739164006,58682.85289177574,612.6169169847905,26714.823521601356,0.36879125401534,6.5893377082244395,0
25.73444579479468,37829.652540071416,724.6464674443612,10175.228680596756,0.06773355877875276,11.40214269122094,0
57.679599483110266,61878.60318666835,623.6505264894022,12990.708347451688,0.40209393710401997,3.9401989368036503,0
35.246271248620175,62937.48505812599,658.7558945343333,19502.685738221193,0.3241513498200215,12.41848221835419,0
44.776101818175576,73301.32577705492,706.2462136172084,31180.473482385045,0.5401563391270925,3.3107032579244082,0
29.78114055358691,60208.85255323183,700.8320382444291,11496.309824277263,0.3652302907929619,1.4784986667075177,0
47.945282396010825,28584.289968441615,653.3168039038633,18061.179413411555,0.4464565975391038,8.255962912884316,0
21.268390223646986,54217.17784918043,695.3479260219603,20876.545700345665,0.37861189446366955,6.075660545321699,0
49.20615118054956,38865.40845506577,755.0430046605121,27236.60931734235,0.2804017823133041,6.991920216986963,0
39.64632075121289,61146.621976811,692.4694816407904,24389.193360930338,0.30731922040739523,8.37100665808439,0
61.106050536007096,53812.55030570078,696.7353814636774,27633.42115240664,0.25333007160930326,5.382559072360018,0
26.934659271559816,67241.84974366993,597.7527482444128,28384.94798350904,0.2780893006941664,9.280342616463967,0
40.76380480159592,69990.44570328412,738.1186540158075,25247.303205597498,0.3998273548381663,9.89214819239572,0
43.67231813883865,61573.64773998272,625.1298495836918,19922.381056023554,0.28758799583621825,14.951808760049843,0
52.32899192376237,36547.42324093022,660.3835698379215,29611.878507802103,0.32750826965463786,10.531608471446534,0
35.77143038609225,74379.64277785148,707.0347104442639,23389.644155937043,0.34240719926298246,12.615301644598276,0
40.86464406524287,36870.4155601862,745.1267040536368,15587.244104660798,0.3445407426735896,3.4980861141868855,0
18.575332709226316,55229.74082127514,753.6743017151771,22158.07112224965,0.22899554172584996,4.508253487886172,0
31.698311359772923,38658.45233310698,660.740460907428,39262.02812728836,0.3574185730197952,15.283242596655892,0
44.516159505552416,57456.88743880354,709.8026154850922,15059.972478203508,0.5126132421311147,6.30797777016442,0
51.04174326303213,81923.66334330181,639.1906581184895,19868.397486993246,0.3008809557595827,9.695283509286181,0
37.182637309343875,71249.79283007712,789.2915138487422,1000.0,0.5506065696679175,9.824175254957488,0
60.56355523198293,65073.471837141355,699.9849981584746,30868.110239866157,0.2701683110448632,10.679888805223182,0
57.602492264490934,55272.43649510489,651.9453003758415,33199.81325942849,0.2744020577281997,12.55641515576575,0
39.3934750822519,67071.56439563936,576.3644423094239,16479.46446440181,0.23477108563863386,12.141758979050532,0
18.0,33820.77502534495,746.1414521879948,26826.817211824145,0.3432948038968131,7.048842023435054,0
22.224336241940126,40825.70038526114,730.121959117563,24902.251298901792,0.4443642544320739,11.253681088162532,0
32.22141173372587,71344.54318194074,593.2732369620932,26603.84869189749,0.2595992016572252,7.360326788162561,0
51.15841107924169,53562.659636077915,703.0284533980789,5310.073037171276,0.2954038971790414,11.243542193034264,0
43.10272287783767,79232.77863959638,663.5521080755336,29723.81878327921,0.18419011979408154,8.523573716816827,0
19.05752183777188,40080.223483674774,726.9237456593515,38916.30044077206,0.14417088539490464,17.92880676001929,0
37.71234171129838,80775.47676573071,647.6669414773507,37547.49788307749,0.3795552747829801,6.337691600834255,0
56.13361374563115,64430.75013704394,526.2776506227784,5041.30763363981,0.32635182741291135,12.118873802149448,0
36.251953126973476,70336.36805450771,736.9445475977853,25290.12108656772,0.41511977741031786,8.65093130351384,0
32.500303827243336,64961.509504440735,615.4051059472397,44616.63243376613,0.3606856291114562,5.635369073021002,1
60.54624102518116,105191.3185235585,653.3202508145715,17823.16472232762,0.4253123992469391,6.348468751128225,0
40.53409536798348,43521.255560548685,665.0679537139216,29519.107715236485,0.34049105138976027,2.9099742105177793,0
35.2084290121392,48417.55865596205,567.5532411236691,7997.315024100355,0.37505565214063596,14.011464494321945,0
43.50167158828279,49293.61784487247,627.6772229989438,19594.203835836404,0.6119330499655387,8.580693223318034,0
40.17164726374089,85713.55090594369,632.1144384970631,25098.335361682413,0.21449523468836607,7.218837984435017,0
35.708577217649065,67272.4446147137,699.8522311564774,13324.44153973423,0.25304757883793927,8.45632712700013,0
52.08456328551963,60611.667224433004,617.8432201917523,29652.030714780507,0.4564374191202106,11.436284522440912,0
51.15701802784486,34856.02798948952,781.355334786668,35652.31357677662,0.3706412551866913,8.802476915448889,0
48.40861558141104,73325.52751405255,660.0346058598519,22480.430747759627,0.34830666129020776,3.865284290993622,0
38.97112782426463,74342.63604103788,673.6708723254586,18948.70560250764,0.331232097457511,0.29746057219474054,0
51.46900376399483,87722.87752511806,692.8472980484546,1000.0,0.28348213040036757,3.499564714852772,0
39.50297420841324,55739.565969718606,565.5809416800331,14377.718683839394,0.18522352770116313,6.777560397247296,0
44.66643267228841,48084.27957125587,721.8535901552078,25764.242635754927,0.35199608635295493,3.974692319445519,0
50.33686867939501,61669.446447373484,687.5162252919808,17264.52154994555,0.2953202643929419,4.6878346475478505,0
48.088443602656824,55730.585111460015,724.1182990018225,22303.80477437453,0.3068879026216954,10.367431716779699,0
57.897546832062716,42439.470630820906,767.1361850049511,8160.860159994956,0.26436345757372104,18.02260153138799,1
44.51284016040171,76864.78127794398,608.9195413141387,25101.871247101888,0.2477022717123205,0.0,0
23.159400141317626,89607.56640658632,704.1340674986952,17337.42619155941,0.5099995474452126,17.3734169635161,0
28.39829895017724,71754.06527831465,703.7992414654254,28685.488701751514,0.21795980110420468,10.99152856412131,0
53.501068186817264,56351.40012290399,707.7534515383458,19626.355618968257,0.388240722961264,12.078712488736839,0
36.68716830067372,49079.03716673311,675.0945344090818,11683.30649269619,0.45145464631624127,15.272573142813506,0
43.86539145133091,64995.16109736555,670.1452336695852,26882.84691743677,0.527654268289159,1.1378751493119434,1
31.48544343469173,43370.215927774865,614.1625409597453,19711.271736043414,0.1710006669018621,8.84766646434503,0
50.00881423680301,69998.974075469,665.1908917859366,22157.82967054277,0.3436211629420796,6.050547142685427,0
36.1516775116721,56469.8357579244,714.5563781866268,28523.56614261769,0.39807898371516,6.775447656376696,0
54.5810823860952,49568.237608168245,704.4510895293707,11949.877343350112,0.40278230482292077,16.399467796455667,0
34.67765979101823,65126.572613259385,759.9266394092213,25560.66105625632,0.4128437898906407,4.9772023189370405,0
51.181333967176954,59502.0520948651,659.2436137970866,16733.91269602334,0.2169128429161013,12.311141387414047,0
46.74396104820869,54000.59996589889,738.094242391022,8859.346353602901,0.418025092398585,9.586074960851747,0
32.77608094585849,70218.35236671436,742.3288441471456,17383.796485367693,0.3099192394725617,12.365186724110208,0
50.98996332747179,50734.392141653625,678.3177531843739,21222.414523609965,0.21586469205905073,14.83530867217739,0
30.98365509524002,45283.33477525192,679.3345507814228,8397.405730410474,0.2882666638788274,10.136232684115056,0
31.77532811095748,34930.59270223182,628.8265231755721,24593.32035597762,0.2132922230239422,15.985829785780822,0
47.217112921126926,102326.83320547939,661.0062336318916,21217.56751822495,0.3507928028123311,11.576621380989636,0
33.74657998534012,43819.749714277576,582.2547852409114,30985.968310911685,0.33029867036295085,3.592580874226959,0
34.061569327454905,66306.05066725174,720.7287378732084,22299.364226799724,0.25369890710994214,6.007425051852071,0
36.56099290789608,78042.05181418388,689.5154489159577,13969.182914856527,0.38323049081841654,2.9428264599298277,0
29.998308101274844,32505.459845387817,594.5653282827941,19053.107588590414,0.35679855273304906,10.941119936918156,0
50.449944096738975,52667.78130889628,850.0,14345.136878812602,0.41987651410805127,13.3773771153226,0
46.08514698484849,77321.49102722545,663.3830889772124,21928.32191661855,0.4933718401605863,4.582367439065219,0
39.30671303309517,55724.725681205586,633.8078920999733,18114.76585666746,0.23583079531054035,3.1359855117928923,0
38.9160793282646,77441.25676916252,703.1221908163384,30936.315664092923,0.2632098529477299,8.028703027691169,0
44.50155512767179,57972.08778344051,723.9861476275712,13271.565961041808,0.39743270126596164,16.02353539074617,0
57.653351005190714,64406.497060538655,707.0289695740494,19425.165225527322,0.3312997295351289,2.293862568340291,0
48.709698025322425,81681.85036287847,553.0133983801161,23747.868399512932,0.3731131491038919,9.2434560408732,0
34.915428657246,41346.56990962473,727.859015733457,21886.60656658098,0.50204525421783,13.190695332548467,0
47.77419205248863,32804.73440618362,541.7305317558698,10589.995910725593,0.2749759162373574,9.68679402396322,0
38.812288278969106,75555.90537420666,806.1204754521915,20149.110451843095,0.29847790980794087,6.0271126620781015,0
38.010018161962755,91438.87590837207,705.7337990290998,24824.39269180364,0.16090837328514992,9.330216277952488,0
58.66471375152125,56997.21460670343,752.3240630178472,27773.28000586753,0.3266294132117352,2.428807933622812,0
35.81062102321877,62117.35959640774,706.4021007958061,19525.341040206444,0.2767157756194494,12.184010174987865,0
35.20815084872594,51171.35907302293,830.5424056888188,17319.427187277208,0.3497552856634656,4.6974892654715,0
20.478947127547677,71815.31584284359,683.1583278859413,14968.307932521973,0.5204161189648826,5.587005951452454,0
25.976708545468632,69918.73944608329,662.287715252764,30013.944142158645,0.2695506518837622,9.54868029345878,0
44.511229387345985,68889.68435550973,752.9974777154837,10569.133080565085,0.2818696083083733,14.55994756229715,0
33.05079098814761,41968.2692597769,652.2686862010758,17669.96651540471,0.3530671769611037,8.951030659727861,0
45.15413801783241,53113.2684243396,778.0225461578494,7203.508037764532,0.25561960281872104,6.433409512656642,0
28.851289476340632,63930.88039010036,735.3964531642486,30644.14543843193,0.41710951550661934,4.831327389791616,0
32.32690173668265,80864.35782086536,714.2819403419911,16015.617259858745,0.26970664339869305,3.2956603810363827,0
46.74570706956004,45777.20181807311,672.5592795531438,12463.570966707957,0.3464187118175655,10.395146553964935,0
54.60892380463078,31024.43327874802,659.7058499990083,11583.888476637314,0.4062736183393858,3.606169546207834,0
45.9247280142402,70741.32437892025,611.9599634605074,5144.673114928137,0.2371963546207386,8.304282813582951,0
51.97830841721251,70562.15309028725,673.743993437214,21781.74608078936,0.5543088563690803,1.8933565105998014,0
57.04594171372407,55979.31112280896,706.4522518346233,22352.454873149683,0.25518214784516513,2.4356494719231945,0
50.40089153154095,43973.10003678261,676.5147187199562,28380.39070988579,0.48555262487676587,13.140676911564341,0
30.81559961699974,17325.936089767434,751.61289211652,18702.56483715072,0.3769147683577773,12.567090589475217,0
38.94655287492458,59124.91098489444,617.1486572509059,10946.289858966502,0.2704273504388982,4.623808450115002,0
46.30195670684911,64747.94940953128,736.5162022284173,26850.074327448398,0.4232197509298542,12.137575131158222,0
35.85153098711765,49744.30004920147,667.6190749010328,41923.13786798438,0.4837335197026944,18.56810157571899,1
44.51946037321223,56812.38567184597,722.42469725262,17185.20143977184,0.33452949349479566,15.419241495630429,0
24.208437146055346,42477.86825447011,641.6770826757572,28701.063092153454,0.3683339209646998,9.345386412025311,0
31.71372021143594,53894.80306400151,797.533674796842,27333.862991072474,0.4937187116875851,6.529807971530731,0
45.28879745585174,54992.15818323812,620.5669980800811,13937.072046482332,0.3351966638676391,12.442759120034413,0
18.0,46048.26919039321,765.9031875912203,2274.7452755733357,0.32882453587485555,6.525856932340056,0
28.922874977154475,52718.99583987561,696.1712210793322,38001.18532057772,0.3497971099737185,6.560099911383553,0
39.82281682089858,47090.778840026425,759.0081222224227,3664.7557498922906,0.16963326410644983,6.657558988834301,0
22.806055253804768,73264.84361147226,642.4797307526115,24298.675036428085,0.3730797086386113,13.246182692679794,0
40.57120996082092,67367.65925215028,508.12196279721775,11528.500189043065,0.3864296412901804,9.693077876631419,0
32.0045250930824,44731.5133787396,723.657227461951,31089.926414797745,0.319100975896963,6.1317651863106875,0
37.084054044991674,39713.964167178005,658.8301353550537,22172.791953693515,0.38162556041835427,5.560657438088037,1
37.41017146599468,73168.9141397816,675.4685026066974,36236.243120661886,0.3419377318570562,11.71538074426008,0
41.89293197558658,70932.10464441174,813.3145602762329,4510.827967030817,0.23787257032043702,0.0,0
34.362112654176975,54528.13447744572,675.7943575794898,24108.228135051235,0.19720256819618107,16.81521034999468,0
40.8968640732259,42011.62029315198,735.6403293314556,29340.30398394186,0.3044828285335069,0.6564395262982279,0
33.98843199350617,38003.20619375784,684.103323785044,20812.571530133977,0.46575811121081134,0.0,0
45.560735100773854,49653.80866558928,797.6395163974669,23703.87862911643,0.3148852915879141,0.0,0
56.938091132880814,58538.07057624949,573.0870127977348,14738.13413583123,0.2566881985037155,11.809830011176725,0
41.968697792502915,53193.727320181744,705.015211349662,12658.469225001838,0.3338967246264202,5.759453446217934,0
41.698692553475716,69668.17168629197,675.0246512274548,26213.32967188104,0.5006005321710449,0.0,0
28.35992028838798,52340.95448795749,684.2949357374864,32553.03144577935,0.5400063294619039,3.127436907862556,0
46.933662256603846,54633.53147697722,596.7194548295627,17816.870325333955,0.26693228794018675,6.507462171670195,0
32.41932671443767,92894.38513624377,630.8308987435732,15927.332306145607,0.2814875641008471,9.905104824146756,0
31.911528035278714,51526.91556332997,644.2986148523993,14512.669343309273,0.42664182768272335,8.669293168626497,0
45.574394528580335,64416.28602873387,719.2293035668088,25916.67584436643,0.26390171959102554,8.942146947422874,0
41.810387443578705,47918.884503948444,734.2445844734556,26896.227838162056,0.44386094953486116,11.136455936884762,0
51.071754509490624,75414.41001818707,696.6256120643964,22361.391190817503,0.43114424513892646,0.09481822483519053,0
54.428769284963096,46296.2204198767,724.1407065360762,19566.129430182365,0.336437801029952,16.069917881912424,0
34.603184377975076,60093.6621310511,622.9327980375419,18820.624578720006,0.3050805693345685,6.042521995674408,0
41.283769901559445,60678.79435736457,750.6021199773425,22946.063506634113,0.3680200707701483,8.45181840592573,0
57.60415183575323,80399.61401641704,602.480064062034,23652.768675311985,0.4809679128977348,4.398646862277872,0
49.66539250229057,43719.62384664317,751.91530114038,24325.239284930612,0.2912938380100682,0.0,0
47.13049050303269,57412.45263352577,755.3193179930976,18826.048290000912,0.3414148731394038,14.898961732391133,0
53.062060651354486,38795.52961815751,713.2479013273893,24335.202670702678,0.39829013057681956,15.307261979496143,0
33.95397030835624,79364.63851115025,660.1222068145219,27501.214815653995,0.20528667353371602,3.184958799204172,0
46.36583409414631,76460.32040991401,619.8924294133499,36795.08853259551,0.3341406734633032,17.45129858941158,0
54.09253389364008,71458.8118225624,707.0013941151219,21970.05826711288,0.2798069908786128,9.281346897602527,0
56.209122856217476,42679.868725917695,701.2415364263315,18693.650692396568,0.4345227656494357,8.969539636719176,0
31.93815182617776,78801.06299263902,663.3207561730005,16613.713998302203,0.430882941507555,5.486125251552714,0
37.483257923685755,65443.32259073495,686.642989090831,17160.618650023247,0.22525951876956213,1.9434853293268386,0
43.82715173724364,83895.30534903503,530.9814295458611,1000.0,0.26379956641069696,7.507016101312103,0
37.11002656990184,63251.51712589397,788.7763477210285,18953.459074245042,0.3823792469373619,8.883698727907554,0
36.08183760191952,76503.13858437893,656.8961094420763,13007.855898118905,0.3354698578876335,5.433635019612234,0
46.84001328181953,56127.39177618218,621.5495616229929,13682.343140088778,0.23204865713246825,0.0,0
36.46590017132986,65533.475597663004,687.2917584885389,18026.95558674374,0.32545953077954665,0.07005493926829232,0
22.120871088002843,57331.10901257815,725.6547905284713,16449.987250199167,0.266579521472022,13.971930741551935,0
43.61847315839568,49161.81913133507,663.9791764503912,19118.869200166755,0.32787713830818743,6.530889921802801,0
35.755072094290725,70768.02998252682,604.643862006562,17242.48907049088,0.2848424691270034,8.454263932513053,0
32.68469018269667,72359.72773549009,787.1467330623136,14153.644172430484,0.37073137079374785,0.24005196041900412,0
24.342618493440945,15227.457955937374,610.8191916892174,30348.889617143737,0.37471783829169447,5.788149882275317,0
50.138224669717054,23997.27057595727,756.8740968348493,30769.256299256565,0.30955209471472067,7.455894738280769,0
18.0,86964.05289506586,735.2975225093792,12581.803107601914,0.4637589476485082,6.8033957263186124,0
23.006663952777043,82634.32158898849,663.1081861564487,9620.505159805041,0.3383925825293196,9.00935444992486,0
37.241539374388566,62815.0160887455,591.7360653963681,29559.138082744248,0.3868729527537159,16.84391333931088,0
52.28955585650697,60054.61692557357,640.5391001187991,31228.45967886885,0.2900657503742119,17.680191796292924,0
53.09705905682654,78721.31626416963,660.8100603645842,14272.683198027089,0.2893118792601673,13.152791817088087,0
28.450173650706354,58970.83845831284,735.8422280452212,15903.800223486815,0.5183770844221807,9.030457439851979,0
38.22367804016449,84668.88629136478,680.0138815674381,23410.545971006617,0.3034515830105345,9.277684211450175,0
24.895436249124312,75556.29155927268,571.1164119724375,20802.113893177073,0.3375384449776678,12.92275884116416,0
50.112070637749085,71571.89643807198,687.9812217971721,14666.216955901851,0.611236553894877,3.689954800243185,0
25.234373394798197,52043.551928404224,753.7383984909604,27936.51725545804,0.4798794908149023,13.146876884335136,0
38.568042549927625,71692.54528854002,661.0831585546089,29088.921241597534,0.3756584277097996,6.332773944222568,0
50.32983778949751,42765.35877952668,599.7448063938003,20917.991842043662,0.28705901391786826,0.0,0
37.775859714700914,70717.73466225145,631.9914850922349,21169.44772470729,0.3131008793991015,3.0547483410318756,0
54.7016034382574,59324.85366149871,645.9012777038661,26405.778032814098,0.3906905664181634,1.5971125180317802,0
31.29991776809148,42122.1069641604,663.3933859925891,5749.699091202538,0.4691856144907587,8.343449181845612,0
43.691904695468736,42466.08012102657,702.6121353583635,22759.487136860123,0.5301262475612223,8.765250244099485,0
48.532821858237334,62149.20360280561,800.2136510218237,41516.68586897847,0.3708570198712924,0.2536307209519837,0
38.60288269558927,54507.38026001483,691.3545103001541,13023.307687843335,0.3182144868733718,7.711548285998507,0
53.86314264246319,67532.78505054346,736.4110710399773,19413.415973661515,0.39632986022140343,3.080466953160238,0
45.481295846881935,64137.35768566432,577.9109708665131,14278.145043692191,0.3918037460854547,12.909692503993227,0
23.625504069916584,45659.064371307744,766.5525115345874,29475.65131607491,0.3742561671755711,6.398831812316367,0
75.0,57691.71272290405,569.3375319334409,31408.19550045841,0.3846336409721594,17.257722189545536,0
46.48643644090667,69844.18462146494,703.4129796300175,16412.66933617649,0.3616413915832529,3.5550610960044766,0
41.0734329382359,63607.326903419606,682.1207274543845,30756.799580779083,0.3921818592533021,11.175883297542278,0
26.011871813335237,58785.231860312895,575.494612039561,21463.212599953924,0.25150937473370416,5.3288797886704495,0
40.81767818805616,75535.8301312671,628.5113391289347,18826.651783484456,0.32858477571544065,10.893782405717468,0
35.40057169159313,77695.23073180774,713.5326865960672,23984.19209356134,0.38754508144833666,6.376281395356719,0
46.443536660303224,72299.60100443453,654.2198953304644,8633.37516919573,0.44530269555423674,9.295533843315845,0
43.716702912118656,42850.58515462362,677.9946130578809,11996.776129978134,0.5278377859665864,0.0,0
58.530094850693786,56145.376182182925,718.9023166904998,25883.273522463718,0.4353304282992586,5.989410791450766,0
41.42251372526318,65933.39373139183,651.2775577527669,14391.774377052907,0.3678916473268346,11.711445728635962,0
45.135054799885474,33572.637326056145,691.2920218103895,1000.0,0.3990720683435283,11.285351766898689,0
43.72456851511443,67191.21024596173,671.1335791343143,21190.52534032913,0.22018368031766364,10.230522686108252,0
38.51510196940606,55515.95932844325,638.7681245612513,25511.927420789518,0.3790033319886546,3.1790041169569747,0
38.16599802679976,84584.23655069555,677.8336308156845,23035.54797203033,0.23203003708269204,14.711731687065727,0
51.010002026684816,69078.30644925943,780.6661563776071,15324.913928718544,0.2924785204610231,12.226710640633382,0
47.80027135338629,61822.16068836649,639.976769863965,17502.56982713875,0.2107938976343407,5.187077022591015,0
33.7055839594622,66539.4742646668,690.3009792258149,15547.484120844227,0.33740594685528535,5.654485306352389,0
28.865638970270098,50510.96840458802,675.7290945207585,17916.1198186018,0.3055461688263627,6.7605820802188985,0
39.325899750531455,71588.36852091538,639.6048286340686,20915.448253182556,0.29048312993755443,10.912957901834623,0
51.61439981674394,87853.7297176557,685.663988261277,21031.582551231146,0.3226725676723751,7.862480695916028,0
39.72470613732022,90031.98025064473,580.1789959705999,25770.652639887296,0.3118927974989735,6.692462210432838,0
57.464350892279725,62055.87395481185,777.4481750027752,10162.413755244084,0.41752535767811094,12.753783236604201,0
32.24929712926565,53307.35484613846,700.1431356055197,25508.985192767952,0.39833402112892796,6.017794794362832,0
41.416405376658055,81141.17911235243,695.8442281638004,32320.98439942479,0.20190547819961988,5.017700220126189,0
18.0,60007.20269714153,643.7057230500527,24057.04468263406,0.3171366110617875,11.257853996608352,0
34.043321190897096,61619.17228282121,672.696054604732,9573.459347204554,0.3883431296194989,5.070388961166882,0
36.90878681358138,48924.80106813614,664.199387377356,13988.020063614407,0.2388589246390303,16.55009847171186,0
45.10937774492089,78484.14992299097,613.733467809956,26138.21128769876,0.35317276094067296,0.09578772600720953,0
57.106618386711354,27394.000477227786,639.0751099922035,34894.965942348594,0.30606114480275504,3.0835863878501026,0
40.3494358936374,29684.88989196124,621.7770045271832,20457.55793151141,0.4524953544823957,1.3807224533904892,0
54.539175816088175,50232.36272404746,641.3082432066176,27495.513880951945,0.1502434869619457,8.58128274100859,0
46.616810764659824,57889.50373428612,593.1684912080261,24909.681555377858,0.28067954544623785,11.801662715098033,0
49.863521802120644,46000.86700352732,648.3806617905486,15881.774799464492,0.3530583144205792,5.958100129770507,0
35.33845143174072,47654.67994175716,753.2353316012034,20732.400975706307,0.1693522138265087,2.796992708091075,0
53.84991343648639,66428.24671600173,643.5830487000194,22715.860062481996,0.32281067263679325,8.667779864837904,0
29.270357212883553,85645.51283742045,655.8422096342847,16351.7569491875,0.22319558816048832,5.981149938783304,0
44.95158611200316,36667.11320027971,693.0988445144428,21827.6298296223,0.3329972222564092,4.051465261985625,0
30.479378992937413,68870.60435968454,573.3064565976306,20479.705613738508,0.2122137894360428,8.229551802810333,0
34.81854447601245,65418.041722915434,686.882176070349,24306.650415836317,0.25350001497982216,3.5679805893482763,0
25.385963952778937,80219.7838574225,712.975359079067,22598.849740194975,0.44357536479617843,9.901391598808555,0
34.83652091353978,45344.042306392934,636.162842354423,32220.60722094326,0.28211091863315335,7.0894620401986455,1
43.511168965109654,43950.465140909815,707.8367335966159,28271.15553266278,0.38852443491551253,5.99476099002549,0
39.312295369213615,49522.14394275741,635.4344049498188,17040.297824941666,0.2552076642805056,5.508418949388199,0
26.522350587463364,47440.359134740516,695.5129648357582,21313.572080513444,0.19975599711395212,18.949711655469777,0
54.70739856691369,55477.59389869639,638.5618135958159,17457.507654921985,0.40785068552548565,15.142637149921978,0
43.37220938308459,70235.45968262659,617.3831575436507,14426.815107683367,0.349710494334467,17.436597507790047,0
50.08065433075763,52521.87174312654,765.2564205787952,10951.654701387648,0.4000549611998081,9.109544080879255,0
47.85226919634688,53090.78105470552,618.20630259153,12849.171717149555,0.21572836414575622,14.005510129051645,0
33.35132233032787,78107.0542018634,630.6702999123935,17385.35301715188,0.34582330012269197,19.55984300573966,0
20.54953041387961,40755.9012222785,641.0059178160187,15710.101774651768,0.30303003954142504,9.114711234681822,0
30.84575631768294,55797.247858128765,705.1307538332152,6941.867781116674,0.5317923562853946,7.044885130624247,0
52.25155849273231,48218.01511472027,566.5779813159646,19058.315700726453,0.209252691100044,9.59300816598233,0
29.46453926299685,33889.07199564868,670.9892777834453,20903.260904780836,0.22751315579983894,1.7067342525439475,1
48.16043684324061,57080.42042968983,611.4545893074835,29322.102037662604,0.2588604490870793,2.0435356217602045,0
33.87593026871176,52192.27785824549,684.5780875802778,28420.15324649003,0.5401622956067468,7.938660526519755,0
43.931092448539836,56515.05342473831,702.2507019330675,24812.78715857634,0.29527502547634676,9.264178670894566,0
21.76080147374806,59969.41823237351,682.4496515073325,13007.406100848459,0.2791965162840384,7.665696735178488,0
51.67075165999964,38242.252770134735,731.6515196834289,3674.038557277985,0.10433745693923113,7.740487427194828,0
39.60331299909518,55210.480129253854,676.3876304794585,14375.907519964729,0.39062022346568165,7.415455083810785,0
48.85825798965907,49691.83140285611,696.9420390693102,17619.218165549504,0.311422732981593,4.882523706847788,0
41.89861649383096,48218.53711570673,657.0425099658114,15753.384470086075,0.3790796671845829,13.120485822078088,0
47.98063795298943,63761.22356064919,703.8106426920131,15847.389090426332,0.25068887287447383,8.249470223881362,0
38.980679607364,41590.931026664264,700.0515374030123,7252.846773816025,0.24090651402426308,1.4050183251803476,0
47.433565435138625,51957.30390055572,762.6090316482477,25715.119996008223,0.3683209689622297,22.32760854632668,0
24.90427315775957,48949.54154028436,759.5379271149934,16249.608842907168,0.2413412866486698,1.5099841768864035,0
29.192893075544934,60564.9701856207,690.1319713913228,6864.147102912584,0.4418491830216708,5.630202740520732,0
47.25474004481536,90582.41826475717,615.0427847210561,22449.997647360207,0.21108261359041428,12.418431917910521,0
39.60821743790503,55208.724851931205,583.5545211375716,25864.24002527461,0.2874722814339778,8.8822244451919,0
37.71245828779787,67089.09907116184,653.6495826961684,1291.67958345214,0.4622847979953878,14.958880910134441,0
38.20387705348642,60202.98753396267,655.0900436632546,26998.81893421679,0.2985558647190183,6.677329308952099,0
45.017251093451655,41373.61086658385,769.0183516680801,15104.453501412201,0.5157284569732659,9.617750186449028,1
34.06656245757581,43800.92116264695,557.9648488890211,10419.602235599585,0.25115796948383956,5.565078325534683,0
45.10307596745256,73919.0970048812,556.8299846193661,19790.908176709578,0.17151874733471548,9.631413692227826,0
30.84208150931321,56793.49347328455,669.6129225393105,29453.702726789685,0.2932399649550277,6.134925731598557,0
35.92747956980034,48061.4491240356,763.2184799132363,22970.092208073358,0.29537555795496095,10.953676302394193,0
49.84951671719211,62293.575910120606,652.0702757009394,12355.130783738521,0.3819228834907047,12.587377550068211,0
50.71252427845891,44440.31003283303,726.3973965571738,12877.55886399182,0.1946411007596135,4.807385518167127,0
29.028456397446377,64900.74800516648,621.6541423473482,22455.415086853995,0.4301007341182425,18.38912248749991,0
48.386347472283774,55008.731180211464,584.6609177340886,28278.62662993439,0.3194060702985212,5.010054865754457,0
29.608176779650968,61111.69817554205,681.6925168261893,28144.153084970665,0.38137714215868695,8.219413703844484,0
47.330232317190784,34507.28813230725,607.245009982843,27087.760471451697,0.4808028240588117,14.74873052713618,0
21.011879406807054,63024.84646349895,850.0,6266.828545750428,0.08792947284080227,9.47025397569178,0
28.828893075608875,82284.94470415493,676.7285004800673,19450.533330674334,0.2968195776785807,6.162496390971934,0
34.91027722177139,77426.51914470046,573.7846490025697,20563.143317044614,0.45944657668780314,2.7735209690049487,0
38.335140451140404,61415.54433091241,743.683147612157,33275.398259294554,0.40700243938917335,0.5647956732322799,0
54.23614429348987,52105.61773588063,749.2472354158488,18896.7373200139,0.3749216869814763,13.504289258839416,0
49.03999174003527,54603.71500285299,638.6911659065304,21696.207401536438,0.41388640489727924,8.964809205477785,0
55.75467908572381,44225.05735282097,689.4361263906884,13976.682158026792,0.32607366641478097,12.055342518097017,0
52.066078980355684,62557.33489884594,697.9258392033344,15703.828412881907,0.24895113911347866,14.052115622919034,0
37.17136448365156,41689.2309947187,684.7004609015869,23749.27060025215,0.30185204445764025,5.884547428924318,0
37.336731156812796,42186.94358090559,625.8787381164445,31950.595739345474,0.44216252003888085,12.181387570981444,0
50.68971622201263,57840.095732237154,679.8093224964747,19280.1072418485,0.3235716589156864,9.40079806362288,0
40.403714310228395,67798.90978771562,728.6024102159467,26651.899610738095,0.36522920505628625,11.134663783182422,0
38.43006327506682,69876.74382599143,690.8269362059107,3584.5545295888223,0.32235930744568336,8.463259281303372,0
26.647972769848085,59318.0002260916,786.9320868464805,12854.282643691096,0.3698678542894699,2.906075234845787,0
38.9353987844446,67614.16261127587,626.1277367863327,22509.664651393574,0.28402736875037604,12.731758519087684,0
18.0,74536.87550783991,572.0752527189487,19324.98276724783,0.3653880107987688,13.5440897237489,0
35.438824448513145,50494.36993036275,731.6151178615668,4838.262778463926,0.3131401462115047,10.01530312914715,0
30.201097483381993,53968.799813866564,614.8802216679945,12260.294471533874,0.3564396280670897,10.664515456851301,0
46.92574347539356,45777.64127925062,721.6638692772565,27554.404852443215,0.3216651980929927,11.9360987229189,0
35.21327643584338,53058.255018292104,623.5144404793599,30509.46247651418,0.43529424331073363,9.754119629048088,0
36.70948450658919,76260.40124960708,657.232953757216,23488.803614118795,0.4946493233880272,7.585156396514934,0
53.47105464670498,40927.8239106279,576.8595943682378,9864.774698470153,0.2961825383003188,12.611222026663794,0
29.50932254831384,90379.67744172586,793.3671357119403,8210.151523609571,0.40110267818380935,15.99860667856013,0
43.166588951566546,38904.96153017625,546.2712099103134,25036.08420796351,0.34624813205400795,8.83377763698136,0
21.04733052523534,64215.7820962349,677.6342670142701,19263.484011339606,0.398206613022398,0.0,0
40.89729117444651,76683.95586170413,590.6126078684389,19424.151322877704,0.42777809686820095,13.739112256944914,0
44.10265745396845,78942.37806383814,690.8287316827366,6267.99656062782,0.5124415457011412,8.393753028949604,0
48.59870971796912,59829.42254339564,706.8634897568945,20914.664295590876,0.3640081920124123,5.541561113891676,0
31.013168066813538,85899.43664732017,633.3667708702022,13531.279895052498,0.21809775892758318,4.199085103297084,0
43.196569419445936,59434.84370064131,705.9539394121816,13375.083945665332,0.3671311537542396,12.982297727804458,0
43.18154199678689,82456.21896532385,761.3281775987834,14190.066908062316,0.17419414455585658,11.085878109394724,0
39.80768365902363,69484.614183859,636.1950270345699,30583.44063466763,0.21627031798903887,13.975571552702444,0
41.500162787278036,71198.16894491564,713.8777991964668,17118.170374695805,0.3277691732782808,5.85089746644948,0
44.63534321731665,56615.839096024065,718.6278203422197,13897.72304945501,0.40815780235649735,1.5116188790297684,0
43.97880424881851,65832.21038471813,781.580200902626,23637.742627888772,0.3576199378855582,12.615252210409757,0
30.039891109116006,70609.40861976167,668.3689857587295,33430.400779264965,0.45376995378043683,13.114004252715922,0
28.041384896755183,60115.510833303495,710.1359849347217,20877.124098347907,0.4530605281264058,6.716252689367121,0
65.05980285318672,34209.122013626096,743.0754664042984,11329.593800313332,0.5150065695541084,7.823034166076169,1
59.19792286428088,56112.078714865675,747.017815417449,21124.66711087672,0.2417454983528645,5.853142721427452,0
26.083061239459663,57238.75933437342,636.1954042393526,20625.65595842178,0.37450468103953005,9.69047006765462,0
44.50217742037846,49737.87927021347,714.9310258892076,23375.99349982009,0.31736467057770845,7.2062145108390245,0
46.27437082753111,99210.11491455045,713.3416647667374,18064.01315533428,0.4433766085975459,7.505027260539641,0
47.51337235160484,54959.081244375986,680.3486390212236,22155.700814178756,0.4535828075987683,4.476400898907011,0
41.4039543644735,36129.44207076702,759.3449684401394,22547.651031214282,0.3792585735194398,9.40586982624254,0
30.731280607913757,61071.45938991694,713.3562590344134,31880.64430256254,0.3633420204845239,5.780270892375093,0
38.17579593636903,43008.48227305392,643.1487267104441,19505.160668750694,0.5227132130775733,11.723580842976226,0
35.08874862209182,59531.99965255208,743.5734648628641,24727.210008019367,0.26955661463925407,9.781495212161234,0
41.343731160397546,65680.86986862573,654.9716273825046,6173.160065014137,0.36840901887682215,6.9827690446852575,0
37.31628695879424,35082.86220242346,647.8444384956463,37772.31353446162,0.2034164350003895,8.301966349489836,0
38.683243737129814,35497.242786157454,757.0556527137828,16375.955950533913,0.3163422278850352,16.130853647605377,0
50.18552474767882,64632.43886878405,760.4088887218668,22388.935436996788,0.2590277405983993,5.658146896521527,0
52.30558199954724,78416.03963363264,685.0203013684293,2286.4454053620684,0.19008708324427934,5.077225873962027,0
28.18896827228177,57792.34398551197,678.0198702079618,24473.30203740046,0.29980215501900914,10.52894530962294,0
35.400698955654185,44794.80331419433,715.4683746002072,13331.735095363154,0.19204376558671374,11.078170473105473,0
32.09200046224832,66335.63480924847,658.8677398650289,8847.720926851815,0.4444009234805813,8.519711028219085,0
52.23722211960109,46510.4177713891,689.9432793482584,10300.52051584046,0.3649250538292362,14.8786220651189,0
39.40632097451501,49184.79619846301,767.6538020686025,23837.178320679348,0.29736651155047145,4.522185735191013,0
54.48989404158236,84784.18791533358,669.135883166925,14014.624919872382,0.19732939222092807,9.0502980005659,0
35.224191453432795,60151.7721358677,734.3742098411209,23740.91376429408,0.42032901423875635,3.4501171135762156,0
40.259999941856584,62211.38509021456,680.3261766762884,22501.142028095306,0.5645193111035888,8.546311937806081,1
26.51303553202758,66695.9747671374,636.866099754464,12931.863835791257,0.5340233891112778,5.926050676850492,0
53.0253553648618,65068.167638147104,749.1369644658159,28207.938985016095,0.1385925030117986,7.689143183226307,0
36.373879124227415,50960.69097303953,733.7203607128167,1000.0,0.3109919138069904,0.0,0
25.148435486745456,69445.07150683731,712.6782751924005,5535.613074686373,0.18417976566098582,12.765145909268227,0
34.07538714846731,50751.628352341606,628.4768865485922,30478.17997453993,0.47340060580182214,8.53338750510647,0
18.0,69626.91784133222,683.9290430034018,20495.69753006374,0.40948906032276966,7.881763425820183,0
39.68182827301209,42623.75942233816,708.0063123891679,20090.702552571576,0.45871499881937605,14.503637259799019,0
41.12487742414196,64355.992246549,527.6266489356128,34218.36980011491,0.3489097440102428,9.996305044281502,0
42.880781670051505,49764.506287879994,735.4423048148607,15238.49870263665,0.5336979120486903,3.65951593103805,0
54.98108183577034,85221.21991436304,627.8933487971997,19511.63548792148,0.11055679252171449,0.0,0
36.99023846044662,31524.01786545691,676.2995794896694,11319.872347833403,0.2872779681700651,11.63106436829819,0
48.0745591700527,55148.032229577606,626.6750367992399,28514.236519652313,0.37667042144703256,7.699709554220045,0
43.12238689013,58643.64730241233,676.7237462284571,21497.662933497784,0.2466356253848304,12.068691407439132,0
38.06678359525996,76374.06586164355,666.8261300483695,31012.669521048367,0.41206014181497286,11.929254222435551,0
19.231979780764462,68027.0604220457,564.3554165881094,1000.0,0.3597000349716501,7.190850235188589,0
49.47501167345676,68010.26624924273,723.5023449844375,18551.98649960818,0.26721935020564025,12.484326405745183,0
34.96026050857682,28629.99648381301,764.8398015084034,16410.04946030429,0.21391806903289942,11.484079703270094,0
40.17955891650826,75709.84641795408,694.6184694476688,11479.306815036944,0.30665489846465327,14.74158722787707,0
27.295392236145204,76853.10776841296,682.9477927178079,22624.704448138258,0.5120593133432544,6.7038888125170155,0
42.82995533811002,77427.25929031742,655.5457184339681,9403.746109446774,0.28628633455741626,0.0,0
41.080308173123456,68356.6236181027,693.1822483264606,26297.323767036974,0.3419816091383523,10.737002685388141,0
40.294176189707656,49938.01261493258,645.7448075763667,14797.486993069931,0.5705361981958846,7.449610405087099,0
38.652068707042766,52628.56241822381,685.739383827305,27054.69622883549,0.4673764716722632,0.19210391592375675,0
50.492182907525674,45967.97382158242,745.2308381209454,20991.055346853558,0.5153000840583382,0.0,0
49.662208625783414,63028.59342944975,658.5377621045113,11633.01060928079,0.3504033512816997,12.347679150265336,0
47.25916852520821,75644.60119078377,657.9845268113905,21773.623907140303,0.30197759276359615,7.0812473078245635,0
73.21078756170365,63910.38107258347,680.9096065104375,15989.214013073715,0.15833136043949814,1.8280365481234107,0
33.997746696226855,57754.81217314591,677.3789993836664,19524.735620998497,0.3937331297721711,8.789717642024197,0
36.2048248446612,70027.81650694633,767.8971477548735,14911.38111256342,0.32711098404055367,4.4479689031631136,0
29.85196309141329,89539.99725927072,731.7009351461752,22617.92928034711,0.5480392584398565,3.776159481790578,0
44.3598619629641,51443.32372374862,767.9669751776944,10397.497307581454,0.3774048677046682,7.513496860646581,1
33.125126069398256,63624.891528513566,705.3461013798067,15769.45481623069,0.3669162409329691,11.122738120152677,0
18.0,60548.164216888494,590.58046738716,17458.544938132993,0.5228064845585995,6.274979592371102,1
27.866618741712955,25731.981935103242,710.8615774876941,9885.973279970109,0.42389098616412524,11.793078270373377,0
40.72251899155884,83030.83643177248,633.6018531506404,25201.076632707995,0.39697600514895115,4.569862796400448,0
50.097873349475584,79371.90300121589,685.2533440549578,24110.791456664152,0.20344584231131135,15.397844938210154,0
24.430584421349685,66769.85478106559,550.4704915093455,6018.663788244579,0.41343123528128756,5.763878711809482,0
33.87557871715656,63714.89618270398,683.2867240777955,26125.26589949632,0.3720984391105334,7.532309199544143,0
38.606481945490785,65166.43998804413,757.1435640367642,29201.25545525348,0.34679197402744133,1.3852884789952622,0
32.71462510575299,60734.48322511895,644.7010365354641,10778.071357372526,0.3083631793739708,21.455829109470457,0
45.31163793456225,58666.91892107364,681.2640562989868,18616.021984525967,0.3105057615738662,14.55580500375146,0
40.040008419753754,44976.031880622344,724.7747035124806,11504.123630084016,0.14707001517399979,2.3597982557283856,0
43.21265914483832,64119.55504771971,649.6947966808759,1000.0,0.18869861489227677,0.6761591075075897,0
32.74785074254634,53231.87569955892,554.4180853330413,24661.119026256405,0.408167452713696,10.380448024913923,0
55.365363280210985,61573.1352549112,679.0595546755029,12650.25797944902,0.24188689854228562,7.198261359777467,0
39.99624991241644,80843.82285694047,637.3322678558052,21631.933874989245,0.3204813777089919,12.012006503326134,0
52.93549620663308,49235.93761665939,661.1824053352394,11970.501677594286,0.29383405417347574,6.001837817813145,0
35.61002336333723,58322.79504501038,707.4643146209509,10156.437992600539,0.31616052518767446,8.969062616956627,0
45.9003946416083,36094.46077912247,728.7953838029641,9928.744390476299,0.5271644892035829,13.675020421877457,0
33.20616217002765,66300.07849369966,658.3078386392649,20824.185753577753,0.3288770167473467,17.05367674106555,0
30.490907489492304,63063.19947443188,751.6307862943913,35480.129075235585,0.4035910798766224,3.2891341279177997,0
32.95649668476541,54525.67517654171,669.9073350284817,17961.43521045063,0.23680696952550928,3.4358473748362197,0
39.541333139302324,49159.945306544236,686.9686531512087,25248.97881438188,0.2998147770896329,14.203043449916501,0
37.81266541032291,80469.56741871257,584.1648427797004,13246.062866209293,0.39803736035674214,4.770985722925506,0
55.392070096550626,60830.07755073199,692.7242194346596,14767.097502149096,0.4096782827705214,5.527605137773325,0
28.51295770363054,39680.244181284754,512.0509010962433,24214.535334285996,0.4326387283714004,13.559317164924643,0
29.096616675451852,62048.04068873666,681.4399668221765,7737.92909841461,0.42933802585566144,2.882090478541194,0
57.00188146645526,57009.724436879886,612.5351849162284,19605.829099463976,0.4298629542510124,8.308251307797072,0
46.087836589081085,68470.12969012401,800.3179988660047,22619.185381277755,0.296285324662598,5.718497681880901,0
21.1858913283394,59558.16375110749,675.8947232048079,19752.458908715857,0.3455616437926441,13.11968042144635,0
44.972690986459774,64920.606267887735,726.2788715668966,14853.094385719156,0.3924027941488373,11.010585561406668,0
42.37332699339596,50281.569910607046,624.1455576424771,16834.943436351645,0.2738975875078074,10.214574453484463,0
18.555559532715495,69454.65945468652,750.6947698304668,6841.535013653587,0.2035649930757578,13.274989420988772,0
36.30437574662567,72650.52968645605,653.5651422367397,1397.960755641503,0.353874205566461,10.817920093805496,0
39.82545048163822,93502.29559297767,571.6770384059521,17059.510576858567,0.23489494234117586,12.442245624812372,0
47.314025171250655,31993.781169845293,668.6394381217463,12932.26649468662,0.34320556068202857,6.388164263078349,0
49.544956665476874,51158.43639142183,727.629992239386,29936.02095622073,0.3750126876720015,18.82273249011532,0
40.957467711101344,62309.95822002848,576.806957066753,17682.6901141181,0.23354022275660347,4.454880878609245,0
50.334508032642375,46780.86179466941,663.0306262945317,26053.808111326627,0.367748311186797,7.9479455284866205,0
38.53726725388646,65074.652219188974,664.0470047624531,10662.62453559053,0.2637115170195306,8.570154033764123,0
31.42503175260228,59486.542111162955,623.8066114279419,12156.099676225513,0.3045467193546013,6.4445058684764485,0
30.65818156852051,40827.91439607984,745.3333664604793,27614.327615700222,0.4369972047874494,0.0,0
45.42645294566316,60557.703420757076,583.4457397241488,34622.91713428586,0.36223949173537767,0.0,0
20.418309144009893,32181.731805219602,693.025837312863,21495.335262124325,0.3830388626528245,12.893358652331898,0
46.77807571119811,57276.82268135642,832.2253568471344,26295.212753201096,0.3897214225954515,18.40172013614271,1
28.93426932608115,46576.66643278595,748.8250741628099,31916.691486849668,0.46954601923554684,1.9315082119557365,0
36.407759042892614,68443.06027288275,651.7908407928091,25922.01217946229,0.33022577444705753,10.236402317985933,0
45.05381902752917,36145.81794311534,625.0452236259462,22060.31900071287,0.2831197163401702,10.266989427294284,0
52.17940900801347,87540.89655292396,746.8701857988381,14151.782084830109,0.2740602408466628,4.499429964089889,0
20.593190356351066,66029.27041474647,563.9692557323434,33283.54863767428,0.24496758663194082,11.042392209788506,0
31.93821788046543,57051.96491109674,732.719509718448,28468.421606586882,0.20385516999860118,0.0,0
40.490616923731025,68242.9827333285,665.2459549269305,22565.73097023779,0.24039839107685962,9.804749406141777,0
34.03913665412338,82316.95529610624,550.0064597792895,25395.703467739673,0.3425466727734721,14.184187653517402,0
48.61623101341204,61223.86764278709,697.2539205727512,22071.450696300446,0.3297108184334745,9.211857700734754,0
19.13609434543474,60467.101398542654,646.8273810648235,34660.09828110418,0.3886816404805894,2.296903827272157,1
43.61801640571047,59205.71808948801,694.2384929534225,25525.415426669868,0.32259509272182574,10.563783574496847,0
44.25920176502816,56016.6507821302,759.5523353956265,21735.64003253759,0.24330259899315093,11.576468117942099,0
40.490803971416305,46256.75294738391,612.9307186991721,10106.84688622099,0.4004709027797505,8.739814661734089,0
51.02236732585342,54786.94645232427,742.2708050089492,27401.085657853466,0.3983552335937821,9.980266743480872,0
27.70425746453571,62333.26206915478,686.2462637355532,32879.9124257048,0.21484643612533386,2.4398861354475354,0
51.08616757989675,60352.592844984225,620.6620613767064,25408.16281210792,0.4166402520824354,11.380715955273116,0
32.970795970898315,60123.26765424312,579.3420760504405,20571.951468119878,0.46120056488716477,10.850768036537499,0
47.25550518078733,47463.251440035325,679.9174372200026,13961.034365428633,0.4412009640806238,11.74143789196025,0
36.75795780514789,46957.477167772995,727.1597455415786,19414.060814735083,0.3955811214268036,0.0,1
48.14343129148925,73669.39577597442,749.3701438371069,16203.54730986814,0.306907319640362,4.009099846246334,0
47.804699297583745,52370.7376877183,639.3942018804283,32258.249416040086,0.1529134120093482,0.0,0
25.35946426419408,23846.968002601752,678.2593144686564,21622.754191493797,0.43643203161671124,11.178391470007337,0
38.45508806189471,63926.314544237466,699.3801210337311,18373.93929757688,0.43156924609703107,5.071038713564292,1
39.07567681458414,47760.11559931218,613.7150407315825,24113.028881884962,0.6891942573024251,6.717030994771975,0
37.62124734543168,78488.73943206007,684.9097751004706,17735.23033753899,0.371273183749812,14.164768716042154,0
32.44337234898035,62314.066717000525,731.5541950196223,30457.352129487008,0.3947076881757428,7.255096798382387,0
58.514378945735096,71320.51145205794,665.6926502400177,15299.557122589002,0.3318770249021952,3.8023060758524583,0
42.09096676575521,57962.808838339166,758.1944753028589,40502.82295257322,0.31216220746167056,7.5181684945149225,0
55.55015994333089,34050.78001659867,745.6973265260251,32525.10379191964,0.24826755606870676,3.5476882856553997,0
34.30851346488029,33345.59046170239,666.5038466375116,16802.706883141305,0.42041344758269383,6.599487993256809,0
29.382032386891517,51144.75501381773,660.2673757822703,13789.757225993624,0.24337132530418,7.34568959042866,0
41.32247778919785,76941.78942249871,601.2407560730496,16563.715536553285,0.17799184413705227,12.916679528085245,0
34.36763395882544,69089.27047688764,638.276378768707,12958.973969012775,0.35005910852671696,15.972884187949106,0
63.901459623335114,47492.28135069473,720.3386476301266,14017.480124446467,0.22998125654515866,14.72447482964224,0
42.45422849189119,30457.909259596356,637.3817443669502,21961.506290884983,0.27968002050130353,9.202544036232574,0
51.52599135010604,71057.05607806673,691.8344662880431,33569.522187484676,0.31114861774305397,6.169141673180417,0
37.75764227876501,66904.3379210359,682.8584002954157,27691.743753684445,0.36281221950640974,9.17049394485954,0
36.73938694239864,47622.7877528334,743.0825095246292,21079.891508639685,0.435263494290079,6.8406324579817035,0
39.69088582395864,70560.0585302899,637.0612919153538,18257.919548736078,0.3968989253922165,2.938118451801734,0
43.557172615760166,90222.91723872315,714.7076505085628,15920.374714913869,0.26659884112177396,4.910453173451636,0
48.49586845094822,42022.80714909838,654.756955195525,18735.17064424632,0.41753731345056216,16.435797722162867,0
38.778459848883166,68371.4083997109,616.9109304944128,20848.094238814127,0.3503189196234132,7.211006087566138,0
33.19148425982682,61696.13199574429,584.5770484233395,24757.91661229347,0.3943259527402897,7.890984194935933,0
29.321234235134447,67309.9433799152,706.3058698802054,21886.852097877414,0.4373421620996834,2.2819889857282165,0
39.23320637294268,27443.987919661387,567.0536092575425,7282.60801508751,0.22202222342493338,0.0,0
45.729627259567565,84419.94769000991,607.1819230424242,13709.115083032222,0.28864772782540704,6.337048613715406,0
44.57947076309742,38369.79826269106,595.4316195954921,25128.86908484495,0.3676738452543965,17.445295531939138,0
39.82182450946061,68986.89285588278,723.4473828920923,27444.656932723596,0.41970345668037207,5.0090440863245345,0
33.99861200764387,59306.40281459598,604.1973083634103,18600.72226916333,0.4250714610294115,5.264443156054374,0
41.467652633868894,59845.02990839952,695.8071316441193,16002.35343436859,0.4115942320670341,5.696164284921455,0
45.718048788649895,88057.4478301226,650.6095562474163,13775.534365681851,0.522904423317928,3.907231030284507,0
39.63182343482973,35148.68353414175,685.5601147195569,32225.57220494538,0.14775975348781603,10.774176953808851,0
41.12368488792219,59299.27414553156,653.8792102284524,21097.79913261033,0.4584465217658175,7.371514580914302,0
38.494956743495486,52094.50821631745,699.4959685013944,19332.03796330848,0.2809963359810555,13.001994312199246,0
49.154992680625725,40626.78118198632,704.4825935201895,21515.28862316616,0.34339046525728645,0.8681945920157768,0
35.61799732661331,46175.575301845034,595.5627845260009,16278.965019829533,0.36365358973731454,2.9007276135501856,0
41.85535620966555,44195.52512161821,748.0604608620295,10206.147472777197,0.3802790116969527,0.0,0
43.94428030012113,54825.064248361254,724.7851873540616,20478.32926204158,0.4256928720855688,11.96531968847114,0
47.25522558253559,38711.187157980254,768.0150535225696,19315.57246847767,0.27520200945459533,10.807404160431492,0
54.95884765884476,53896.70980569147,746.7056619801765,9876.016826204526,0.33487073669952916,11.444184036537292,0
46.75453809204212,37406.68340593753,647.3619249087013,29810.458436769095,0.491335316381868,2.7263962137929276,0
45.992132354592584,48191.27495482732,788.3549663226667,28043.165688107805,0.16457466963252487,2.001142997376127,0
25.297629109786868,69083.91222178841,691.6411270315205,21109.456577425455,0.35301519180258506,2.7897340384426057,0
46.06403944303837,63992.63020490382,627.1901212239906,17175.017686770803,0.2795148553585163,8.318460367648171,0
62.937176123571774,49955.35016603526,797.6454470969854,14679.64720612422,0.21695793803207264,3.419422665103082,0
31.699890144323266,58261.76023650708,645.8107191660365,13889.968867189302,0.266779574060389,5.550859967839104,0
29.804801505942837,44239.9467249834,532.261641655202,23765.333168623984,0.20052111322637092,1.763408243693597,1
37.85346157773977,72764.95254356197,797.3585064451263,17213.859393063085,0.15835135624894459,7.210419374791416,0
50.21248126098901,61700.39300321033,656.6964637656653,15996.680800622938,0.501684635867593,3.1165665555946003,0
45.24750492296824,58724.671637911386,618.9077995665658,33150.045353038215,0.3169385243645022,10.498556700149154,0
35.22875793530668,78473.37083852373,667.5894805075008,15854.31528708243,0.14479349909745545,13.057835837781624,1
39.64009818272809,62246.833066618754,703.2230661809396,1000.0,0.3075590719763102,10.221016528945555,0
50.37038981773908,62727.46240841715,725.0449071375228,10937.012782121117,0.319282952075994,5.707077653277156,0
46.72619748121479,68785.96269510694,761.5681336533386,29020.224490477405,0.4349771411622187,17.528655805710603,0
64.28876969522979,44442.397433246646,717.0463582610082,25380.26161449946,0.2952158222296013,5.126222335434768,0
50.056866803112165,73569.73124686815,688.0595038053577,19429.913728647687,0.30180683230595634,9.758150457938434,0
43.535672160026294,79497.95699505387,638.822499441603,22369.44610582069,0.38123690856018555,5.14231121033847,0
46.147262758274486,52208.250593936384,627.886851317805,17477.12742687479,0.38787549474566635,11.476794484969878,0
36.51015809084448,58389.32627530169,698.6028153618348,18677.35560130111,0.34265766699472555,8.619784685805339,0
30.22226998467033,54481.50709784517,655.0326395181428,12010.424942731544,0.34924523659526,9.11606281593118,0
41.71957132167591,58569.58063688694,667.3602379855089,22795.552814416274,0.3807372082016152,8.118342096322406,0
44.90561043809639,69501.61307712729,710.5828354868032,21783.01365816327,0.14998583999930593,13.631699037545399,0
26.04716974934673,52909.58486153297,634.5341323710567,28030.159401994395,0.3340356588810854,11.547839306089148,0
34.77643534864305,39015.85242675044,734.1432009867049,20673.442318368867,0.247845266850642,13.038958429404028,0
36.307440981710315,58257.267540271445,641.3272148922368,18322.211525438073,0.5078238104507893,6.157405631594154,0
42.656424025142854,44981.398084165536,643.9101579585221,12193.66568771908,0.4789865147636667,5.105299886808277,0
37.3953394113462,72736.96866560304,630.592088176832,19986.468278247652,0.47483761038491495,2.2408037519840045,0
44.45096710344572,56883.31360440525,657.0200443298273,9781.962251235003,0.2854376015425799,5.679769149924345,0
40.981122462219915,44748.65998201171,597.8416806824605,6076.513082852614,0.36425156190852603,11.149068906899355,0
50.60327509156807,68003.397364015,783.2488595902314,14629.46339663299,0.435938465180654,0.0,0
22.888323403755074,32514.292088045207,565.9045199709705,24985.27974258896,0.46207436258218787,4.5676179401373345,1
56.57124638042926,44047.24082417795,657.754792911934,4480.414735742839,0.3264626258331021,8.409835115153719,0
54.176740129993604,50376.13530186564,758.1114994182577,26304.137431989744,0.38167143330887177,15.331214727548419,0
40.503170861471354,48967.32226050687,752.6729978923132,26097.45238229931,0.3226641958079913,3.290536643560796,0
46.50323214252346,70272.93504325679,703.588169033149,11503.334057164517,0.42407990761916536,11.989504300615675,0
46.06548400413295,51515.832785078135,660.9265407445447,18685.49660449366,0.19732396382485154,6.257786737724906,0
32.62710372240068,57431.342439236796,645.1695734409763,24003.06122252381,0.16378912445860744,6.4428319031696395,0
41.646650658492064,66079.69500632006,614.5997320263584,22881.525664167126,0.4152749576676945,14.93250850586826,0
47.78174179099567,65082.34794916578,553.6945195897576,19742.778479205266,0.3542549219596901,12.07745415126093,0
43.09816758607489,31659.305941721213,638.8642185892382,16338.066865872595,0.3159730975076687,7.356561238023535,0
50.51320767848751,58203.65664033622,660.5319829657645,15228.173453708238,0.5338866813867287,13.185037140390065,0
40.94996110069161,76385.03831887015,734.0994502112424,14545.60333194674,0.4128624644049652,8.937457193545889,0
40.8075098862302,74164.39382209012,600.549564041967,15567.464688279679,0.4425299046988874,8.415763684619948,0
32.321962539754395,55436.4510236256,758.3550623388234,22873.584836835755,0.39945744965055785,11.55216357355193,0
36.35461950293362,65723.97711667471,661.1084738720652,21791.436384286604,0.2634144396146998,12.794847140511116,0
35.40282318961932,79842.23124028713,676.7286396999908,13204.1123720378,0.4810195936924119,5.6100226575308385,0
57.05483517755442,53058.57343821971,686.8643273734203,22548.864666258476,0.1361846783392789,6.478852238416683,0
42.40505552147362,58525.6234811619,739.7247699165172,28586.32580264993,0.2576045042413553,11.116906869554619,0
30.005734986418204,37054.68165672998,710.624400485419,38839.450418364664,0.6182436242170378,10.812645163296231,0
43.985983881614374,67488.86905371239,609.0985912787919,5750.098961833091,0.5199537147520902,9.027869170900123,0
38.07996303368956,80104.3237986037,746.0405270381058,18668.801383149093,0.44887791629949214,4.659523036188748,0
18.0,59456.3358829843,662.8338299544789,18633.42667808997,0.4097682446367871,8.557635891627383,0
44.798523711538174,38639.18992639042,718.6185448523242,23995.852049296023,0.22059122974443282,9.022253052849534,0
24.473012168231644,52666.81140437057,618.7466343990196,13142.069436573654,0.38210552911640505,8.433394039568539,0
45.78464420256242,37683.203777847506,715.5318645754227,29066.880308821586,0.11590870276216242,7.705098029578253,0
30.3873640096949,66213.17491297872,628.6241110901276,18692.572872005843,0.19616220107747528,2.0178491249555135,0
25.41675539606846,65093.18433601944,616.6474389668066,7110.164953179514,0.3484200421322678,8.861939674610271,0
44.94341650982379,53677.09143114665,593.6527282856928,17495.742278663132,0.2619009574389046,5.228106106529541,0
25.058062347253156,81973.86804167961,643.593876157132,12714.389884053197,0.41249009759136124,1.917052126705963,0
35.5330079652288,68838.37282533402,694.7046224256287,26829.36995791568,0.32735364298456004,0.0,0
42.04377394921163,36969.440071479046,658.7157357823106,9025.28074211113,0.10939593846490694,6.627356554148555,0
46.12232523128053,31551.561597130865,734.7986782884658,11892.468669143682,0.46850997847323017,9.511842199429328,0
47.448845364406516,69054.09842113541,790.8964760462409,33905.7166490073,0.3564852261107778,6.551490483609238,0
39.637187114462975,70125.23199300951,686.8145675451955,17661.158898992606,0.19129045602179628,0.2783511836717585,0
31.676046523113108,39996.06820019102,711.1993365164146,4029.909602573536,0.35422134778564257,3.778342133934963,0
59.23815425970925,48105.831980957344,694.2477266297848,13301.996347825016,0.2886736416896206,4.924357751144907,0
33.94018679461402,29160.057453592177,690.7678460652481,22531.92715705355,0.2067532024069818,11.532031546836535,0
58.03588981486497,88181.67305631294,677.5245634581082,10748.150033213898,0.3600377653824205,19.103234283220306,0
35.47475026715974,39514.946948956,791.1041148710298,19549.01771848598,0.40947519655334663,11.425491627023543,0
51.61285693341807,59087.090016438764,747.0914973115903,22607.95403102065,0.30770625255812367,12.064655064188681,0
50.69965538950133,48778.411848406555,693.3840792920829,12298.301069250982,0.2559187031178018,8.71256117387916,0
29.544657526231056,56897.02136450153,741.049409998733,18551.331927790783,0.3791938813967728,6.990767473953751,0
43.5528450700623,63928.42843812487,678.2292127822536,27618.36700128362,0.3568703483821987,2.5698752291155555,0
47.553920291908554,34824.967022600686,620.1019011823257,17303.55982352121,0.3899755209582272,6.630710878845984,0
47.00982121523244,15000.0,598.8712880511943,9822.572351830453,0.2654204090261834,11.362386641837126,0
38.01062549716104,67763.3143022264,594.6329508305743,14330.593466156848,0.529983900384602,6.362806436329263,0
43.01960045406145,38683.41271945032,613.1381595347075,13397.36880104128,0.3255386500101796,10.759838532418136,0
36.053103190044425,52609.83629592793,717.5307480670022,24136.767430421605,0.4171114875285928,10.341919603576736,0
28.281866207788777,69683.6888114291,786.6896952945363,9108.88154680049,0.3040715068825821,12.568366109819054,0
49.84012236940241,15000.0,811.928475399546,14782.32826712503,0.4135484411831632,11.45979590642802,0
34.40318578081443,68860.5887040148,614.0229128223351,25535.356174953697,0.4847599039571082,11.130333160512995,0
53.79758191606217,58996.54716962762,735.3318799641163,17738.198730863714,0.23045845458996955,3.102213707489452,0
46.024509012396095,81050.60182385771,724.0250898478283,23592.00725435815,0.33194845580104987,7.945596114456732,0
31.07353326487116,58743.49073930707,720.344787250117,7394.161120480074,0.18530834169864532,10.779364778227194,0
38.38801680458763,57175.668215195656,723.4646672375108,34876.78039073643,0.3120003401126893,4.9972699500985325,0
37.13615084604826,64844.37591786651,661.1474698632278,22041.863248233603,0.365297797071425,4.400196091291338,0
31.29112350348039,86339.80689388106,698.843719977328,26310.74904718685,0.24186699666530315,6.938091618890747,0
45.0142958989333,69011.43472305065,734.6705295833161,11671.515660300569,0.28628285961442723,0.0,0
35.21385926138816,64916.55084549474,777.4117976286037,11913.936765844806,0.4313357850807561,9.088643207469216,0
56.31691513630797,63496.04621208748,586.8489977221965,8897.190079918044,0.5145469610418207,12.845417172151715,0
48.608912410184296,38685.33563768788,716.0838921104623,8460.11329502971,0.3504191767081993,6.55044439490084,0
31.198109354584204,43691.453702466984,711.1525968928163,15575.275200679427,0.36297328908332555,9.791194604972858,0
39.809994784526836,79393.93387726527,756.2157101170284,9864.120137833574,0.3387350587050288,11.729985514458082,0
37.73239807830416,62108.3961799915,688.5046148963913,23190.3535824966,0.20087111600250615,11.081623314039504,0
24.354921461888033,39471.5152084251,651.4990075049095,19510.579410216193,0.29575308724937854,7.284505614505382,0
49.31255678768119,57647.79374185268,667.5172605057497,8293.787268880173,0.3799443466387726,6.189163945634104,0
49.4980881521133,48104.304085556694,697.329049400682,4972.48700022332,0.2549758283333502,13.42914034123439,0
49.255012147023855,55449.94145469231,739.9485953277888,25239.780066552743,0.32366699252489295,7.1237826633108146,0
35.43012142406462,75910.57960850433,616.5451876754164,20227.841119412344,0.515425901900874,6.219143540486237,0
50.689859716189176,48223.46284244115,709.1533657272336,7364.710227289635,0.12466688256606961,14.81050135710857,0
37.90247064577446,53063.4317833877,703.4291471638749,37319.72831525599,0.2610166783302149,9.284963137540185,0
49.351477795910746,60085.81360186724,739.9734686253021,13543.557039656764,0.43353153980367015,6.747103689665199,0
58.12527815117541,57706.58152519494,739.2411456259417,23355.77080041301,0.28014089477433957,11.607885298726563,0
41.401098813047525,44977.08779812659,721.0774678059943,15514.498740441748,0.32544618046297147,9.08937450562841,0
25.80851222855513,61987.96345544796,641.9496138035748,11004.447305357975,0.35500436110132794,15.029999824812474,0
36.83098803471654,65718.02069573605,600.0776521825517,18944.074956572895,0.28538848354021906,11.86314723306322,0
46.40985866383507,55264.86458860335,735.8264714128389,24418.367354161383,0.41544266867694735,6.295812477103146,0
52.19874379030621,98100.30267179232,626.2246274910673,23346.407438535036,0.4099205622901877,7.533590072300691,0
28.66207964606422,36957.868693397424,785.4292162380913,16419.51858737344,0.28744904392395426,2.2410457005780184,0
38.09451702338548,52468.5165468725,696.7313370952944,14387.30836909368,0.46300455734081347,7.091714293755696,0
42.33339126260122,53503.963268648746,656.1258384208534,7793.477682632247,0.5105477896992637,5.295616613453506,0
44.34998324262841,91777.98651668052,704.4092666184627,24674.501418678898,0.38250099703936113,13.708328953276084,0
49.10423603003084,48033.04081175325,678.7273776191098,7758.504802614716,0.41584104833594704,5.047671310208239,0
30.515603435462033,54968.32254208323,774.361075232035,16699.93086890249,0.3114939568582762,1.968657361046506,0
35.76521702774464,85910.99610647668,704.4329340570977,28648.05882616226,0.40996871622638803,2.281652652139397,0
50.079664776005785,50892.673473453084,642.7831567639389,17623.32543672555,0.13458819764761776,4.3501853147501075,0
43.92334911124308,57426.82928157896,728.8127353390503,31272.801395626455,0.16742856308783133,13.369332304267115,0
44.48380650781687,25896.731965813604,690.8480043311803,41218.52501214796,0.287190970046606,18.410065197831912,0
51.25323498664254,86701.94034602465,710.8107478079296,20038.98998883832,0.3720785760456649,0.0,0
41.040533897090896,49287.41727135843,686.5670486453351,22842.75954284798,0.2654222344370921,7.358357849159132,0
45.28003422071836,57545.533537403746,773.8588147899297,24355.458810869855,0.17804531238237561,22.420526659929898,0
36.85436138082713,66577.33922950317,684.0681375407497,16426.619145219902,0.31704419162409425,0.5417418650233259,0
26.549899797316247,41427.219909926745,674.0473587112698,16371.896638662745,0.38035776263810694,0.5745747375012815,0
27.047421147189127,63369.76964177647,674.912414455025,12487.666731550875,0.2675583499113972,2.3839036699100964,0
40.743205536826316,70635.22503326388,715.2677811231821,11034.869857501439,0.492990177015493,9.071917567975047,0
38.004392820037836,32481.945276257604,762.8127946944008,21943.8843368761,0.28232147166241983,18.64422792814131,0
33.45396831475022,73561.0064739214,652.2248046733467,7298.485805912393,0.33876029348720593,7.114161421265247,0
43.18014296419169,60387.74834511976,738.6207191825468,22952.272531602743,0.20079862308036828,6.471970331315376,0
31.09728447891751,43147.22607262745,710.1603523603891,35125.96289746597,0.290662658421311,0.0,0
41.1133726638297,64097.898419383884,591.3056216984486,25329.977772451155,0.2887734262830245,2.566211273101609,0
39.804774416797265,61282.04496236079,697.1537027845827,16925.707657457668,0.27172530075371076,0.0,0
31.60011085387753,49775.88652765534,701.6852233968984,15265.589628504018,0.3441549563203374,0.8207202230711568,0
18.0,68448.64683159461,703.68092526124,30740.218349294075,0.2802894872423162,13.202725101179363,0
54.56527386472777,49215.27463702255,689.3032114180355,24784.293557498906,0.47732936774489965,0.40109299237343254,0
43.16637235703958,69061.01109776684,617.4926239254729,14695.905081500456,0.3475961674529605,21.588209707133785,0
18.0,72800.38579134311,613.4257931416901,13424.931651862757,0.4261680410250703,12.763337980243012,0
35.735713823664774,67751.88761358526,656.8293801439069,17925.398241737475,0.28548219543549314,10.315400900587584,0
43.937877312493185,56913.923468805195,729.1597563968747,23797.69899762326,0.2401672683116689,14.58888075688812,0
37.71859309299544,59598.92655188468,648.5627746710719,28318.69748701687,0.4926731724203539,8.639291422763677,0
45.803301126032295,52137.52953435872,790.5411569665832,23492.768897283695,0.2312243385377427,5.89878620697657,0
30.2673241475076,63071.97453733206,690.1502088794342,28314.425704946603,0.4092335338524136,3.0131305406165705,1
41.75167729218069,55019.04187380255,687.6491576660487,13194.05040390353,0.4497019301460618,12.635377017999629,0
39.46516307264844,56759.07328158792,648.3193533666948,22319.568286451216,0.3099664877356355,2.5563775965706537,0
38.16938013038026,60973.935096653375,627.0778064523113,34103.580327750424,0.08492673531869283,12.184340039530973,0
37.789710982116645,61080.15249654191,683.5360624756432,23784.22349362755,0.3772295722056299,7.9458402151806595,0
41.997595551926274,71545.53377861623,585.2181287545088,16341.225526369406,0.4483054265251515,14.31855439946385,0
49.32721413688092,47979.903352673646,660.3581856138935,13701.994291324063,0.19605406862176863,9.423080873946924,0
34.69880199799948,19516.21525273291,667.9943096971533,20901.484000529363,0.38398683326799593,5.310598220140188,0
35.92759975988069,64294.32837555012,708.192805616529,36510.358015227306,0.32172446811265354,9.816529950768219,0
41.60564991742512,49794.45711442744,768.6035586350586,19067.28807201922,0.33942437654852875,9.48717989560937,0
38.79850024371251,49686.76152020017,700.4155233729888,17070.433743026584,0.37842250379505454,14.51753637316688,0
43.856022923443255,56840.49560737752,712.0689856722308,15216.065930367173,0.28557838538922425,9.242643606658026,0
47.18290735754343,54852.902165790685,679.6704379777439,22521.192800408728,0.3643855357341632,6.0915425070048395,0
52.91188902850876,74363.55673699552,711.7802966667405,28131.324703874026,0.25371824798499365,8.730439519058072,0
38.83555851728336,63369.06883528521,646.6655570422754,22481.651839861992,0.39910784138074457,5.762562388645055,1
18.0,52842.83672084406,746.0757243170859,30808.067489425754,0.17275856566934988,4.3696652109124745,0
39.30375460544871,49631.82273792351,598.7578779672364,11968.388875694582,0.24021616766015194,2.5953696533601356,0
43.538704268828404,48169.031551722146,721.885156995275,26285.021404343188,0.4590738657858823,12.086979155805775,0
38.130449834672504,63962.769522638846,489.59230175949534,38853.25944577214,0.41456067493492954,10.33362142488829,0
38.467638382329085,17233.956860970902,761.079266456479,18635.610425555897,0.40366424222774133,5.079254188735921,0
18.0,72346.85133706187,659.0989718497625,10861.484374062755,0.3653197988782018,4.191923157178775,0
45.079843366153796,55878.84565032971,676.2679545643161,11466.845332101924,0.09217300043935683,11.287538735631841,0
36.75967670979993,49678.47890851885,691.0945309006703,18062.783794300303,0.3287028904613052,8.957920813612908,0
24.889233920897972,76801.21254149702,656.8428420316502,30624.572936392913,0.3292005245778008,6.85615649631057,0
31.285779344050425,63781.392618623526,582.8759564082956,27127.039527771532,0.4559515358440956,9.856639262459947,0
31.351700585344126,71737.08261457682,517.7467344466027,17565.664327020706,0.44079851510188295,9.620304503535472,0
46.08749082341702,50953.78532964669,651.6112809606967,21523.73544909271,0.3009064272112219,8.434785872261537,0
45.61638096523406,78731.28410731384,618.6355641389929,31211.19653179814,0.5732514904322095,4.861931204177591,0
55.14750382482251,56378.85220849795,706.9850428258235,20498.498459825172,0.4853047443543854,2.851254617937533,0
46.47924812312918,58259.99432751623,669.9527369192492,25985.25404259927,0.3844127900373563,2.2819257272681153,0
26.483506146823256,71870.94785291063,626.8824835171199,31935.746225626477,0.359755438184114,15.030882020449567,0
25.90790723527809,55900.88287896992,684.4415233590476,20070.08694521218,0.34352713426519627,1.6734111112292815,0
51.30725354529131,34704.68695919037,794.4535860587893,8057.52370493715,0.3048086510209391,0.0,0
55.66686201096144,64078.31012415821,740.004427263518,13482.412645340693,0.44059861083223695,15.901493262490673,0
37.62251901854636,49592.48090576412,678.3055955664554,26036.30420900716,0.3720371531249048,5.149107438099065,0
45.588029881851114,59164.02682208202,784.286357042832,33212.72565339977,0.5555033186102409,17.586814724205553,0
24.951087162204878,94573.14668630295,738.6579091152927,13145.566170409758,0.43513464226374343,11.045597112627952,0
20.560782416682127,43789.56165621595,705.9538492564539,34194.48412572115,0.27444728888211567,1.8383462250905378,0
28.25976323457156,58697.71300707291,735.4948231664432,15114.281973840001,0.31184230810225577,9.655321145539821,0
36.42812474396984,41684.21758575423,596.2480064005824,22572.29058007234,0.5730867899814404,14.532014943257222,0
34.78623614591962,46891.720051386714,774.1164147722692,27079.905054570892,0.18092178977306506,6.293113623578074,0
37.69885936548733,23873.848705842327,668.6670242557103,11878.071219902411,0.4456540615341293,0.0,0
35.0898556730089,76132.09499380259,712.2638674317236,30742.066984591387,0.3829275664163914,8.449805232774697,0
46.79301144949663,67615.89811005129,621.8379942360198,8800.79161664928,0.21221844548153057,9.651021519982848,0
54.27546951327345,72719.13001953173,586.0867213338586,23456.3386696028,0.3056925234977441,16.66453503494084,0
40.361974627604354,98073.49214675365,597.118672485386,25578.558716023996,0.2279948016201838,6.285986355623356,0
60.29997487440461,58430.86927121441,632.849728770849,29589.08186025962,0.3088408958787877,6.118773378555063,0
33.655952896991536,39916.50851359757,671.7181375070863,4074.0060286850603,0.4406207491004113,4.188543058019088,0
34.748966060610606,52658.71878877703,711.1800978178658,15101.949129653154,0.4347230720513713,16.419322279710556,0
43.8773466274295,64201.96939434135,735.7803574432442,25288.29437865141,0.4007371827378826,5.6441479750922925,0
36.45201237989326,62408.39147613469,654.8926076780922,28785.239862128983,0.5115921880430037,18.627236796124265,0
51.77052255776641,71314.90736700539,690.53555441827,15245.114845724229,0.2592629849493102,8.481968078222046,0
33.58892184802111,39582.847237299546,735.5457043977566,24971.244233196514,0.49591585799593196,10.031041347701175,1
53.2269398510864,75202.9305773482,712.8886944726638,36327.67881657934,0.31629570916655564,21.363198855461267,0
41.94175016293777,73439.34655526282,654.0745730189245,23488.957225735798,0.3415801962897987,9.114569254922838,0
65.6545278071678,52428.37814090102,619.1983529792434,28561.997394425933,0.35591157121958944,0.0,1
35.35885094351794,55624.84050097432,663.5989871540129,23172.608024400888,0.4114890613474806,13.586390167198237,0
37.97306092292538,53271.6982090218,596.9382852727435,26849.685521700067,0.3548785304737867,8.9316036070114,0
41.456518172864875,85886.74553079071,646.9470648579778,20726.71023868164,0.33349433425441616,8.748806076260113,0
18.189720329180506,54102.79227289742,686.2196328110258,11870.011094287232,0.27411867328022976,20.87038174550753,0
46.02265127538538,62440.027077722756,653.158180350221,17531.450625035985,0.26875405114369855,11.310451562178624,0
44.808461132651686,40505.80360471946,628.6534113297118,17149.505740473094,0.4601517011707243,19.00700429292729,0
41.09318363905435,74212.18652707645,672.8354384107812,24759.471213332374,0.2768293640507493,1.2561866623724045,0
24.55604218613302,67114.21372566685,802.2381297684512,36124.613282630366,0.4134991520521083,12.719782055688285,0
24.53438960031343,59174.61806692306,559.5183507540435,19026.11431426456,0.29981404845274695,12.749763992037874,0
45.866185186008444,57185.802006152684,652.636858360732,1000.0,0.48341291213791093,12.735237384604876,0
51.75178687557355,48298.57340394256,569.8536658671577,18345.843995662744,0.26700895545055386,8.937396106488489,0
55.94464631822221,53276.851030203325,731.7512833048239,25455.18016871815,0.494099493521455,7.0022071099691985,0
31.045584760500805,56543.68409586557,643.6702071932376,19153.342998453947,0.38901490120994114,11.41618398238777,0
29.692019722412162,67779.12685477352,632.8419561406705,13176.866106030238,0.34480588000351686,0.5431799519192468,0
37.280612003154495,86134.41567622594,772.6129525052991,22839.552507640372,0.39081560032223234,4.17099899237304,0
20.242698581261635,58903.298913835475,717.989606528211,11425.622241109657,0.3363779135489137,11.495741935363148,0
34.110688239562556,45592.42015547662,677.7763078706336,9452.987856211177,0.20906479523748825,9.622599592755662,0
48.51789637515316,47043.19964154535,712.1284613791418,25478.12340216938,0.4542911177172591,15.75679011518962,0
56.346025013694145,69831.0664977965,772.7494906133826,16124.205458310245,0.3394802411455945,14.457718922185844,0
42.79155453634664,80401.11415731239,667.9723358641912,29363.35262254682,0.23325176155830907,14.857216361911664,0
56.40553648555269,86687.32738004014,638.6552576424783,21860.06838986879,0.27926296777473636,4.829372522911869,0
44.108729379990706,87432.74589423736,754.3051946211604,18450.93280418394,0.3433671679398972,8.381380793825072,0
41.9136391513892,54697.62264262864,729.6519559237347,40465.57188500017,0.23625042549048447,8.915310743348211,0
38.28558812522466,62591.315402667446,735.6340109857036,17152.773590017274,0.1622801085967063,8.908868765192231,0
41.86937045771995,53078.25266212065,850.0,19269.930392504415,0.3880161980807236,0.6488359382372151,0
37.451470527561106,55439.90633150061,712.8655161090293,29223.616602601072,0.355596735506876,9.203936129669756,0
38.59089247609842,56117.134364975405,695.2160021495159,25351.098200025208,0.2747570386709232,10.209481511465256,0
33.38108165060328,64720.61293722439,715.6942362652292,29594.62772484834,0.311085083286761,8.726255757948978,0
42.59031901792004,69884.71835387952,729.2912038288227,16927.87374301882,0.19275260555588936,8.689587914807866,0
40.14448415017787,51492.35819965464,701.7998532760716,25275.826481328866,0.32345613514601995,3.291897371107652,0
25.204199653838877,62620.55098448781,691.6676035406863,22831.097486394665,0.29223172784895635,6.314362207209467,0
37.592994982480135,57284.22305032599,625.073217450396,22894.315808197665,0.3269662037123081,14.084881238395027,0
31.443286076055017,46741.30165577002,616.873120768981,21591.915787861974,0.37464573793719386,11.322468739021176,0
19.51799541259225,38833.14704344215,818.9958651551465,10497.08946009025,0.3831274313387639,11.970768146179527,0
44.83883649341323,57510.26955308,720.0600713208823,9366.638321641729,0.2757329045529326,4.215761414083514,0
55.586882545223816,63323.387593371255,640.2697956244702,28732.50220465428,0.5452763415968187,11.36490225976365,0
63.69730189064904,73308.56075254283,719.09217891999,17274.97892433317,0.46048998961504317,4.951048669727427,0
55.624195294929635,74665.11090111345,747.8982769767625,6192.1807391450275,0.22929124948986995,10.212950140528875,0
31.291984473919392,68942.54429067195,645.9087748983393,22172.529781461533,0.2879707299751616,0.0,0
51.75244992708054,76783.95821234092,545.6632777360185,21763.245073144342,0.26193795482722976,4.508055444508367,0
51.19899003556139,64246.19704889881,747.8398891085618,22438.13458587667,0.33094844216574365,7.188197841024963,0
20.121704686053782,40527.88068438778,684.0012567589417,7302.16739369107,0.30134338256164184,17.116752439230872,0
48.612885153914505,58233.35023070594,710.6140806502934,16844.41946796905,0.3633415399180686,12.483303159816767,0
46.27177035391526,62220.543195327205,678.0544268823145,31317.078370269504,0.10262596483740294,10.41889891886683,0
41.628082503067915,60659.70779807297,686.6287666254519,18004.749344284173,0.16141033347716383,10.36723198234558,0
42.88616715676805,76843.30791057412,762.108696890441,17076.459719825674,0.2614503761664381,11.579165879359183,0
40.58307382744084,51667.14898923869,728.0843175786136,28255.540275777388,0.2960590170417533,14.248419999422289,0
56.319358486550286,63492.15567243773,784.2396269488737,21799.39572917566,0.30898816359346626,7.35391293505345,0
35.98211166168113,90250.1260562807,664.646214427499,16732.490027758184,0.18520082803090498,15.556185337353618,0
38.0006060677872,62764.50910233151,771.3058918312466,28095.05394481747,0.3404053796824264,6.106609726713117,1
40.07388983706184,57098.97620491054,706.2856911351604,22690.995923580907,0.3550716625338655,5.505832946278004,0
42.75664075150072,81260.3180527805,619.2425754209,12597.684344209028,0.19997797829717032,0.22154523715967755,0
22.367501990087685,54452.90607247745,724.9752624869991,36407.650493191526,0.39389591920262523,4.012577618684809,0
53.87973809548966,37612.48134093906,722.4565766258212,6506.445995445167,0.3091124373970364,1.7772844862829205,0
42.26199756843157,68223.33706000744,732.8878601394064,15629.956273395484,0.31202551543735324,9.041411391375345,0
45.69124595824779,68160.80443403732,609.116918653633,27456.375226669945,0.3059140619715159,8.994853440834323,0
41.97315991747791,48808.73870263542,544.7180607635396,18255.748192083895,0.32997613098918743,8.735303792291178,0
38.13558728716116,56412.71180852,682.9548168992723,23275.926952400812,0.3371385521274742,5.502302939413326,0
36.447584865030386,55072.334895534615,617.5796527142898,26513.754734987193,0.41205931598105305,7.413318764768073,0
40.961141423395205,48934.28750397236,763.4542257732787,9240.12357219798,0.32931037917953604,8.16168302146434,0
41.52052340933429,54166.29844992531,650.3014393481247,1000.0,0.24777956170773013,1.542015384034011,0
51.55261755418151,60244.72403043672,657.6251490103014,10490.433112050516,0.3090607078491201,12.114469609722896,0
43.46057746284674,34515.722086726426,671.4995282089703,16665.73535875599,0.333973718025874,0.3594923983365188,0
38.66511330633939,65285.19912117245,596.1407420370513,23177.922816544942,0.25598681842960314,3.7622482804649646,0
59.865651109424,60675.39608594094,791.7990311928493,17864.873658033786,0.383378427083005,2.9052757629217405,0
27.205738436864777,87270.56520020691,631.2040172137993,13742.3684635118,0.32560836691891415,0.5769685579194714,0
26.597908240964994,49289.124105810326,709.4472722868034,33188.5438495041,0.2804758358727282,7.5970945841058715,0
43.54602052112828,55871.781142318476,712.4501314759627,24621.454431502858,0.2849706784017572,0.5505557012842495,0
37.8762671450938,51736.9357700459,624.1301106085959,12134.122187074143,0.3471889748478938,18.015312089788004,0
22.254040117751664,40498.34929987733,763.863020537443,14420.128457522242,0.5577853855349918,17.932938593532228,0
36.87770338622188,43831.307952730465,621.4192182334248,15761.135621202267,0.43695100863722025,4.105529397119936,0
32.89344229319217,64171.00039747955,697.8074997747129,23895.612113202893,0.20795138436692312,12.555464855305068,0
51.31128600424962,60696.362249162,838.5408402536228,30395.85670905382,0.4132496308399759,8.259640450621305,0
33.78748229569755,72565.92653232618,655.2893101955747,13836.791023523985,0.3260600572713594,10.951669617758203,0
50.50614648867273,52698.9738127052,728.8412094025042,6730.722717046827,0.47463085501506963,8.573820919788407,0
44.597817002101834,41689.96792614313,714.288912240511,12083.117186387637,0.34336649156909804,12.396716494693472,0
37.9366908795512,64783.25829004153,628.7948850875825,13171.51880671019,0.38372173096004825,7.340801891369359,0
40.21171828588149,60974.97037579668,797.5662747272222,17887.258882034257,0.28444307870374064,7.271417102005879,0
44.28658739633886,50325.965884568446,692.9746215946975,23062.882344829784,0.4761580648011221,0.0,0
18.0,66258.36279728168,779.812150324201,29396.50534491417,0.33948271572699945,8.372282138107206,0
43.27068407569367,51912.621926351225,618.2050982101097,19714.24084551682,0.31950475754643654,12.315782376399497,0
36.208803891991614,38075.132053800444,725.7825929240506,16368.190672593171,0.04094967111515602,7.148272456274046,0
57.97919366388112,69255.56189886913,744.8621895324794,19470.984457850966,0.4284034254216712,0.0,0
33.08731043237837,41693.46992332756,761.1545057481511,10288.512528618086,0.1596318956039755,4.564840810366614,0
51.42563920005222,66789.90565806729,571.3467157306592,16278.514670966353,0.424761280564415,16.636046634060317,0
18.0,49539.230351605045,630.2670834243792,12705.05518715385,0.32247979093696205,6.255108049312039,0
48.146250149842885,70855.37905454892,750.9647959960424,22732.39036743604,0.5070866545983989,0.16160845696887094,0
42.76102753923275,73910.3524145552,765.7213430183542,24746.81063087869,0.5132197884744413,8.984049617845153,0
37.529835091142644,43043.917862576636,687.5879514935272,8658.850640312006,0.4375991521855105,9.378167773577072,0
38.791106895136636,58918.656623492716,686.4854955079493,23980.3207790175,0.512170181542246,10.315296274198987,0
37.39439409377649,63869.514857099995,733.9368818388532,18033.91951221333,0.3007963364663747,5.941762157350729,0
44.230032095832755,95072.14622823462,627.6852435545652,13770.259050741352,0.32120693216580254,23.348060291726714,0
38.65751435369681,42878.75461240814,836.0373799025026,12497.193182668769,0.2683543915214429,7.627828287622887,0
22.12262291582158,91437.29112187521,622.2831296034526,14206.237550715112,0.3203366540944593,5.4156681784793586,0
38.141891432196715,72347.7733558509,717.3601845751066,18828.670020529058,0.47841256467471316,4.330805503966056,0
62.347217376258854,47755.61020541119,710.6548328424334,25545.276702795265,0.46808838973083655,3.1287455818491967,0
40.468462048583014,81365.48081460052,614.5503932767292,30609.964899414284,0.21898174211264732,9.268529845172989,0
42.907879464687056,38312.236834450945,778.4170609271202,27705.455662874396,0.3016995215980884,3.7949101564492214,0
35.61945492512376,76870.54786997246,702.488062243103,24218.800876443926,0.43309959561520733,5.450626478876652,0
41.740544661617285,35407.86725272071,671.7032904617363,7240.0628358136855,0.3856872773982864,3.220798598985054,0
41.779455579616105,63677.682520796094,745.8690968912875,25636.340186767466,0.5513070523569186,5.065998363967964,0
37.387980805434886,75884.61239029074,680.9584640862593,12875.116694833203,0.25027355625379205,4.218572582762585,0
48.63263398937415,42833.127340097344,715.3734903539333,34582.90051563245,0.10150308553054127,7.404192263811576,0
30.769220429156704,57792.34501800928,675.3436535578301,21974.937466827352,0.45465175208655256,4.659181213520707,0
38.698047917983246,30723.59177300782,711.2922677832784,22043.181082972875,0.2921492805144681,8.501922358736236,0
45.050537522920976,63190.93731118668,613.7049681748626,7008.162368982661,0.49877783732192726,2.3029174782140593,0
37.329958206580855,61623.36683782408,770.9555599473292,29277.14522509988,0.19113114331559666,10.91888441815559,0
27.761203494247553,61969.6045636277,677.1791710711509,14776.092752396838,0.5106382305104,6.4589021807094555,0
45.58264218567637,39542.79266993578,718.9268344564337,23535.94777969791,0.38283485305721726,6.002005250142965,0
30.17839041971331,63588.22153205684,559.910465060421,33364.43856023517,0.3789817512322397,16.763115643509167,0
35.52691838246623,85150.11298697726,586.8975185006227,8811.753544830977,0.4352131238572866,13.971751996617101,0
31.71852410811726,70432.7292703564,691.3464416044454,20780.534263564216,0.2790107756318027,14.527603915301952,0
38.89271585958902,72138.43027588876,719.9030419231339,26991.50204264484,0.32174483105782953,3.63546082401116,0
35.70614026786987,71067.71439010874,711.6697484205962,30473.27654540066,0.33779214038631084,0.0,0
35.25410132920592,70948.15275425998,698.2270175868483,26145.645334689634,0.5536456526322666,11.297282780657733,0
46.80978927314052,58207.237460485754,769.6745306863567,26445.215718596493,0.357390762517412,10.786508706410102,0
57.62608901416648,75090.27035615046,692.4564189663035,28016.523230192448,0.2762517819840937,10.88691916178029,0
36.42485785980987,42593.69288558494,644.4747632018366,22561.132748513315,0.23016273491296724,7.256236727644019,0
45.22655174098122,58015.78059573978,656.1877062084367,29915.86633223574,0.5463812269358023,8.184313765023894,0
36.44586509507859,48259.76403181449,535.7599763198334,22280.492288364214,0.2971926174894601,5.765802599967703,0
40.98942246032496,46524.025214985086,647.2657337783538,20875.197201463132,0.2941375621678714,9.2749329590768,0
51.277513449502294,49502.75387041633,587.5504673994569,13632.443481836814,0.33930423907891677,6.443161140332173,0
40.50293239027049,67267.92876728116,708.7413079670487,19121.309874718925,0.28253733756914495,10.27304670036876,0
31.84452648795254,70068.08570403076,739.724258112832,16810.694737805792,0.5950700602746696,14.391522777270525,0
32.700733877123604,83417.77150179449,619.5762827701651,26690.298501769525,0.3325127555253664,8.722046343228797,0
33.832535749388335,62370.26417789934,683.1313685360309,24219.53855378139,0.401632700256064,9.122735476871894,0
39.86695778692503,64527.41297907741,684.2824699657074,11038.245353918304,0.21064382405127538,2.1059586418286296,0
48.58011452091081,53055.36359369276,718.1448645589688,21332.64452888243,0.3928513988473361,6.259101793692936,0
26.412031588980703,63257.09107255338,645.0059154461275,10860.08603662968,0.2600489807925756,5.028829959883225,0
29.627108306450154,84035.52397305913,663.8357787283886,21110.668851778057,0.3522181835706171,6.2068445282248375,0
30.754587884239523,60595.29273389918,703.2219632265081,32731.27856044378,0.35684964760111165,7.764192098127788,0
22.50594578270778,59807.90829131958,759.2531587046337,12708.810369426206,0.3625542007943677,11.379350019864647,0
53.25922683488482,31920.19236853777,617.0638100448299,29728.8480097698,0.47439906515046876,6.398505925241154,0
39.63621356235905,53086.451276630534,568.9998181520665,34668.488599851364,0.14079519849975997,7.881107638082369,0
59.00779319723826,32480.78185321616,670.8593219574832,18990.810639099505,0.4135516641523562,0.9192433222731182,0
25.756663248189984,65945.20325051315,739.6385290041417,16031.444723165594,0.4439391694673893,5.73363721180574,0
52.94182313259174,36812.219911784676,713.6793108311873,30163.7064655871,0.3679940455704637,7.063638776780047,0
32.983514678360365,82551.62315604623,616.5632315341151,10769.52637598534,0.23389592266909043,0.0,0
35.92630314825616,54843.152976461635,724.2844091563487,14390.27960901822,0.2899131398333503,14.154267755963719,0
30.110355429084624,35724.042120956336,709.8651674524592,28703.49802658178,0.41113637895390026,8.975952148159788,0
30.50136140512341,45297.07979846108,711.3440954235216,17974.116624352577,0.287151189272796,13.883939442182903,0
26.76254588771446,37021.41517870452,653.176109292204,13054.07286309583,0.22183175018896123,8.937435695849938,0
42.16332957620474,66998.48099060463,752.2176010423882,16822.845508540086,0.4136667415352083,7.059735482104421,0
26.85798967473178,62582.30580794941,764.1740627753517,17861.244280403836,0.31354044993345703,4.230625746479326,0
37.58198134677127,62103.5996499292,576.9485525983822,17354.49329477811,0.33567690407496303,11.708072003596365,0
39.907984557566,53189.64436942073,677.3324613117061,20581.33165938557,0.4234191553311702,13.599289764908294,1
46.666106854061105,75309.37931346077,632.1560861437626,20394.793766523893,0.3467913070450473,12.894967790914967,0
41.00391722399547,64691.70692404332,606.8916508848815,2700.0553509155725,0.38372821388121536,8.02555837493877,0
43.21325833462588,44155.138798369415,585.0321594575698,20644.09701041489,0.2500175152808407,5.530029445188688,0
45.144115605663224,49900.68973923563,726.9571693545377,20736.289177885636,0.3887592647761394,10.95672567569735,0
39.82749134740283,81523.45572588594,645.4769065770902,25891.750103788756,0.39585829398983874,5.575866004366763,0
43.63347918574265,35669.38826454796,673.7745714108825,14282.585384580629,0.33194490532561965,12.798383749591018,0
30.202798085550207,48883.10310862913,740.9382646910843,18173.00890974223,0.5137462193449105,9.81420988341575,0
32.24529565296078,75036.21561762772,595.7265349131526,17695.630225550187,0.05325326319287588,6.362610096608433,0
58.97510807139351,40278.50001619876,621.1035618788936,13457.870972643952,0.2751630894756851,9.40350344979175,1
39.882657856234424,61653.12837189178,814.5914255007415,18593.15836206359,0.2815305389718819,14.73852505373871,0
32.89499325333045,52516.21160206632,622.0950433582141,8229.10347350738,0.276150213383168,4.652707328898018,0
53.798799010709466,27011.549329671456,662.5215715990086,27072.767282318222,0.3757879836428468,13.169035064505527,0
38.43157389485231,47202.595838119174,619.2167600108149,21127.801253458492,0.2975682394477593,12.407229527746342,0
33.53508973216006,52894.52405796158,730.4625909732739,12144.427859357358,0.3445829124230434,1.304101780400197,0
25.51008451477955,63838.62190661542,672.3709249596234,17733.71248756974,0.34816084159520216,9.988454363172842,0
47.794918660522114,50079.29637629896,819.7341542632561,25333.1723843136,0.467571653274334,3.4344960985662683,0
29.136990927891084,52661.6806430287,673.8571450037764,27542.8777892087,0.30240542828539024,8.794102786107135,0
34.60967419979963,44310.54783906954,769.7259776879985,20064.82476469481,0.4285056517899743,3.5335808026136935,0
46.440999879429356,68959.67309539745,673.5885631895035,13311.378507283447,0.41478577758642776,11.06502397905452,0
41.836335742581205,69387.82860376747,606.1875756783066,11480.877433412043,0.26446491224640406,1.6291278665972655,0
39.13573126158192,59464.51654243117,657.096251865195,17116.95590578983,0.24690985056384857,20.568113100135434,0
37.860122184384714,69476.19481176586,768.8401293961349,23905.504020366116,0.34377860592200427,13.917859798115563,0
51.45927354134322,76401.06137627487,711.9937086295924,6637.275906751376,0.291357392953861,13.068803409252984,0
62.30274147801679,53374.59978706576,666.2125642394175,13861.754510878256,0.33489727198209174,0.0,0
34.512391708476144,71193.88655949094,615.9061892447622,12259.569150714358,0.3814673540748704,3.2219543171943545,0
45.689040905027156,54592.83386211391,763.9111934427835,15807.703900502778,0.3420075033356894,3.9344612056456727,0
59.288003053541175,68005.95547608756,648.8017673361041,13765.424693513447,0.3564700506617976,2.8752181179528487,0
50.790570549507294,73703.72859074203,703.2531601706844,22343.75458684285,0.3292713412399015,10.990495204620508,0
33.13168374221611,63070.408375019164,570.5664031409981,19107.98847429923,0.4296591159428525,8.91885698663946,0
35.69319372926051,59451.804700882494,664.8507317306384,18806.767151978398,0.11376091334308036,18.818604739821325,0
34.02031457499761,46471.86939342117,634.7665628452557,10446.109365663719,0.397192250685344,8.933796273032648,0
30.86556590345227,33056.692541140044,777.112824782783,26712.584006166748,0.17950215804003194,11.048625427634427,0
33.76094847331338,79976.5316608457,663.408738070053,20609.975231081375,0.4668513977569504,10.283008107964031,0
42.618754789403404,65780.69673417223,649.0227850630885,33160.68654005282,0.48858919421562225,0.5252790834297079,1
34.12970994845196,51951.2753511144,702.6138393377578,15256.620152347787,0.30603048104535135,13.253026549973145,0
48.76199862650358,70671.99895920692,668.4694423615706,25238.11550486437,0.4093606479247814,0.0,0
41.23255463572793,44862.59686098569,649.3246483849754,35340.660863729645,0.4073173873354504,5.784171984094325,0
36.02874317143858,50874.331436795976,709.237264997227,21565.671383936377,0.3093764163417967,0.0,0
48.860899202069916,72416.67539626859,617.318207833216,22233.04416466076,0.47525553890452066,6.256313594553828,0
43.1897182572046,19374.910284687016,575.4832527188012,19907.86986369403,0.252334150686997,8.175184106646007,0
42.64867625785771,64443.74899871301,763.2636705914481,14745.812988749374,0.2583734920141623,12.669111519573015,0
50.4003845453448,62533.54992382448,622.1106431245746,17393.35951648659,0.27354543004875853,12.034808834612836,0
45.7326544852504,80511.75466979253,644.6013333053717,20120.07045443014,0.3055550301595507,17.128104580335034,0
38.91101533161957,64072.02110286288,662.5157171593426,19211.26651824285,0.3793461672992766,12.027304962630353,0
49.37554842867746,40717.26185143004,608.056792115818,16305.085194045689,0.3237944741223264,8.826792813612277,0
43.093178022046615,79251.95150328975,647.0109149524427,12637.2043940332,0.32270706796528426,12.639953050413686,0
69.17308762873108,68274.03873724342,717.7155479507727,6096.014845912783,0.24946564196316695,5.077975128056105,0
50.9868850104712,78404.36542739999,731.2421516728366,23649.8469941343,0.31262979462121265,0.0,0
51.53212621374722,90992.54632927534,654.6542292880002,33815.59955599837,0.34952216392313956,3.412898130758519,0
52.90993371628489,44700.31687343069,623.1316459241056,22522.00369739707,0.3407823281268397,4.118020543254836,0
40.79839611256286,68248.87152646843,629.2846017270948,18001.254445354014,0.20627766586794294,16.369567394798743,0
53.12895411529728,53606.944934220584,777.0727313425851,9235.66364380121,0.32880993814416754,0.5824132837664973,0
40.23357027569658,51562.28687567247,579.7807298767004,24665.542849759564,0.4205864842705166,0.44102720121101147,1
31.688265968145974,64245.5467383664,713.0936201670689,12728.195937564036,0.5314624714787889,0.0,0
34.360135415898434,72940.28165578509,680.0381174534693,12706.097283818686,0.35747151749381956,16.563705457126943,0
45.27950554332539,40573.68372875053,665.5025794263686,27695.56885829012,0.506952172667609,2.826179709225695,0
24.38880109341313,75771.04200794577,643.1586600919725,26476.59479539356,0.504113644248954,4.990595459781801,0
42.083529214542516,69072.58423975376,696.8009357409283,16024.937762962796,0.3030935853998517,9.258028399609781,0
32.71649914552628,37483.2835235347,660.0163688597271,8706.310958387156,0.26795787654402614,3.9020810752294084,1
47.18216382561853,59224.535283545185,634.6790328206517,12515.725874878215,0.17984175225454094,15.422206923836203,0
32.53826289342653,40351.997151422394,615.5660341052429,21814.42332315217,0.3361402059794115,14.62268454162281,0
58.723032622753266,46128.43829051632,691.0035105138408,15715.455645285867,0.25433021430017794,0.0,0
47.67818128990863,44749.03625712837,615.5111282264971,17964.797914774033,0.49279202439007735,10.283540254955508,0
27.311410408262002,58463.675444276385,671.8549521565071,23152.532947302374,0.2485514593935803,18.292631107574167,0
57.58759350083834,64487.784422507735,604.7411196708848,27053.144626932695,0.3726472980260209,10.10913255336829,0
37.72747490639655,53090.88374470893,780.9575756374574,13193.165922301469,0.30642886012768256,5.700388597738957,0
32.72523890280199,74933.31306992752,596.199539775618,19910.483828206714,0.2137184916620239,0.8642082122407553,0
29.762006836738014,47494.51214865842,700.6048969240842,21135.013722617103,0.5521529701052311,10.993103536547352,0
45.67764739655653,68763.41891887525,666.6371452367115,19615.850806237984,0.28169523338888003,15.058081004935513,0
55.04521866664672,70642.74968441582,617.0660215734546,19831.123248339067,0.49121148343769827,2.1291559634962036,0
34.215730274683544,86652.61632128304,764.7775097148827,34501.15693658855,0.24132065721224338,6.1229446289133715,0
30.023791581619474,53071.48551411753,595.863850889025,23208.693926471467,0.4079976525674409,13.700500055717947,0
28.602999119672162,85019.27147544347,671.0734841242481,13363.829268640835,0.46179027418226737,8.323401984637222,0
54.96405311360214,80423.64701719937,703.4489717890151,19618.23044448912,0.3350241507461732,3.687471239411355,0
56.70729221710924,50294.036136707444,711.092767276896,12229.107422127487,0.6026460044448279,14.289798718993676,0
36.51528859880702,57677.13010818067,628.8527120223173,34430.75244980333,0.5674295942858552,6.120090534218313,0
45.37705087440887,66890.61368213466,642.372344812717,16409.897135802355,0.1362581015004014,6.666845655509068,0
39.970945497244585,59363.476500010416,746.5640769653359,24933.097272351555,0.21764907959291563,11.329887508712059,0
39.393696977207576,68133.5195360106,674.3320819618014,27679.316742937568,0.47238070673864696,19.440421655890194,0
49.640226322174186,65392.74301809216,644.0788677004803,2707.4944942708134,0.234395726824006,6.202612371911245,0
44.40956000680443,47899.948160608605,676.3925319662901,26252.626074752552,0.361188101966352,0.7319658953749615,0
43.29489966761477,77689.04287210353,658.303520677637,9407.512088744039,0.197939346986648,2.195660422295565,0
37.07421064640092,61764.46601271272,636.3176042067498,26505.13784967106,0.3670503535938087,7.360773874415583,0
48.15600359710878,56673.45429800851,581.1106127897699,25632.257534920696,0.392135461259196,6.318803710001059,0
37.179940975890396,57802.142141495184,703.8670673647822,19407.824948836584,0.18079830960603183,13.172023488910007,0
40.49922488067856,74084.11060765744,611.8899987936436,25884.878757093524,0.46540343809152346,2.8702212368452322,0
42.19477493775436,68620.4283585269,672.9780124346834,18353.538595050595,0.5762827119743428,6.329570109016588,0
27.9884434474655,79132.26010895106,681.4126257316191,21306.93839593113,0.20651459522695126,0.10228517829886474,0
37.009050332388554,69224.63546534795,590.9144135323914,11489.587505831252,0.23864937755238447,13.59600833609508,0
36.87396986334928,72507.83642961778,584.6132126220883,18364.80248564173,0.2017208279865356,13.036380395488102,0
41.012030864983195,64197.68094674093,751.9133422401601,22208.72471983867,0.23710139104460887,12.208215920869154,0
28.881819092244786,44655.1602137333,674.562533183275,18800.403523189398,0.18245336271718715,18.734115443980937,0
28.134482990549913,61994.35800659285,639.9192509518961,35125.67289719045,0.3488944425162915,10.805652746209995,0
56.23462103293086,48852.79521581677,637.0867239115613,15588.178616961493,0.30831524243571345,4.80255085034604,0
51.56443606393647,70952.62912304806,696.1203132361311,15590.319492861949,0.3763270656686637,0.0,0
48.89039356702102,78813.01099251337,594.2933954745386,13071.285327935197,0.34151839706622544,6.843942540396927,1
58.248187865899865,57008.1434957169,710.2036411343435,25894.846306963715,0.5994985409710551,7.884404140384642,1
44.195952375495594,62951.26468571024,686.7366792807942,22853.445018857583,0.36449130986186834,1.0514330667839076,0
39.0892126507282,51520.62846031365,636.5117076063729,36464.133950738105,0.27181131591469626,15.203839809343135,0
44.8217574843346,38784.29702797065,736.5313117683913,33021.2459490093,0.41286397848576323,17.11846191192199,0
21.207130085498317,63854.4635359055,684.417077623551,19426.462752896205,0.3679666620998755,9.164220535300798,0
29.019168545789686,46100.683214366174,743.3890694185619,40128.2964980853,0.5243709148392579,19.33442984706526,0
47.58637063021448,21846.332958511935,643.1294350156633,8484.618996681736,0.41364860675276754,8.384443886143751,0
40.32615483156677,60379.06681281784,760.8852307841812,24288.61165312399,0.31575723492750124,1.105460312081755,0
27.223636649187654,55879.83368854071,636.3442567895687,24353.647947918023,0.20083018258009508,12.420325913205364,0
46.58536871559795,86541.51576469216,733.038959974621,20685.97178402642,0.5305743272708373,11.967031601186136,0
49.98901648993281,52138.056134297614,745.3056885619503,29935.89348669807,0.45600665733936874,13.420531115478338,0
46.67879561364335,71406.26194411247,781.5014054814344,7701.292324960101,0.11119188370000002,6.681333380692988,0
39.69703220561188,63012.49221966922,638.36762419949,20140.021243156803,0.2638959066741281,5.914757671898842,0
31.639505199476154,44426.02990852051,645.7675715076792,14591.83900511142,0.4292539561220995,13.12403999235464,0
41.07594938168515,69464.91220007175,801.7058943762349,23263.227490061396,0.387908563231229,14.111922185892876,0
44.269243288256845,57586.763096897455,646.0174955332428,22499.594400090697,0.18766198878339788,15.685903682656967,0
36.41411202334695,48063.08618374013,715.5993238194451,20665.66019506864,0.5241288373947242,8.861197004155214,0
46.03035910126699,64299.00641183538,741.1416391249145,7855.513040508873,0.29359992563996545,0.6754809419810668,0
43.144319337524706,66364.53112490696,734.8748857919736,35481.08762646041,0.42843036547247215,9.561512741062174,0
43.33114550471499,65853.51039778914,696.0450698862027,19348.15729301603,0.3747026684998365,4.9353135652971325,0
19.674602111784125,90065.49484237774,726.6469112266392,18757.165779150746,0.5009302507666127,8.383518757781316,0
50.81092993021092,71030.18168457354,683.2842657855377,18866.822812253875,0.4952462238616714,14.796768456284664,0
57.24391719951887,55779.712457279624,805.4817660960907,19727.743978258888,0.5778460662841041,9.014915026467218,0
35.97532375430384,38933.41437028094,660.8773612665273,13977.267213443381,0.4878879062110095,10.636006757510714,0
25.23101018814519,52056.50464881764,697.2087410085077,15530.582359643737,0.34377902332427557,17.57078506123893,0
46.38929319419809,74196.50582141316,651.4647445850574,19445.29782034968,0.39742903009819563,4.5958651381163875,0
35.34340267566167,76758.13106967181,564.999793231666,22720.110819832218,0.41901587607546376,0.0,0
30.3298762899179,88733.58187187245,583.6024512348733,28828.26322932315,0.264377190745733,3.8074105005125984,0
52.17716255875353,93579.95705244079,627.5513985799481,14887.51947795479,0.43807684964153143,8.561731714528488,0
26.16620647513836,68045.39210229306,691.631497054593,25033.937951245636,0.35233874747476446,17.86496390560788,0
47.174286220370576,68316.78454638211,648.694983709251,3067.3147056009548,0.12638215924449905,17.077520885491538,0
27.522658790941797,54677.28720307983,646.0441759760448,19420.870449587914,0.2210670194746667,5.307482240149001,0
54.62267982775474,65978.29276959998,654.205754283512,23850.843716300355,0.27628841528873893,3.617190773551153,0
45.16552466042371,69238.38631911033,629.8433118349409,10670.6229243611,0.5034833041735807,11.896699045581435,0
37.4260500349317,49881.78490313005,604.5353800489861,29602.672013853145,0.362590883358548,8.348145374130155,0
41.493699581148874,35288.08636834344,672.7870205726495,30049.212326500045,0.45397394416806763,8.535728982540215,0
45.820873874833424,67007.75766961808,615.9558229184338,16825.68976005667,0.335474046080294,5.854134544624744,0
48.29894377431111,90453.17296622564,623.899114360322,31117.707124302364,0.440239482263057,14.495181302715057,0
48.27791428292232,56400.41159058128,623.7936881848825,24878.530522137207,0.525943333965302,4.848792740641784,0
45.46730265916426,74252.98862720633,620.590376605518,20454.2888027523,0.23872523119423417,8.544851808983024,0
35.22618337767339,68170.22223830715,644.7746668811487,26495.67714147089,0.32054363718791856,3.464206243273784,0
46.640795475273734,81430.38277798644,709.5383207787581,16317.355531976937,0.28775006532489034,10.054952148468018,0
26.886756179905067,43210.90051843015,723.8190011145922,19638.17835478483,0.26277123656817114,7.487498008706116,0
50.04093104601491,27655.574938760805,707.8270178990159,30959.02693197949,0.39842116722884446,8.494126027398709,0
48.730058373155316,78344.09263379173,669.5515730399509,10761.644550768076,0.31390541164436986,14.183151118091605,0
53.9408104250043,84273.39554312742,762.7103226590096,23644.599123201162,0.4528586495505824,10.033384874123232,0
34.1122039283148,38057.347245611614,635.227966375959,17036.04428978933,0.37874333587466696,11.627014111451238,0
41.86211698469604,50698.47405947056,675.2347770339535,22160.06022481774,0.4230417848458084,15.216528491493097,0
48.58286000882208,52583.74306495683,611.5631953564605,17862.56187605146,0.37132646961011473,7.338231881899521,0
43.17857879102256,44662.15063988384,684.6872881843194,23000.588944676234,0.4286657062731499,10.635388423276323,0
35.73332715961547,22804.795847917376,790.9625724212641,33852.67627782962,0.13599469136342185,10.896439178139204,0
43.07331067047058,45959.40543654698,809.3307860923067,11591.550549821814,0.2886512536366157,6.545191400424979,0
40.68032034668413,43319.85946895661,761.45658712782,16018.424487737297,0.4623428659530594,2.8906259118650723,0
49.95703941410505,64425.80002787006,738.8912530695588,30910.545008421985,0.34639697651004975,5.017895048548931,0
33.71537447245209,92013.88002801103,761.2713469451671,10547.306033942814,0.2427285557543299,7.211641656043358,0
43.39487805568987,86943.19970099011,622.2807475504388,19709.471042558514,0.2883236079446791,21.029381059671838,0
42.92931125680571,57398.196462617234,661.7873841576458,9467.528630808425,0.476469169908984,11.113549441636243,0
47.57328124297063,53657.43890777686,703.8695157463848,15204.330870288031,0.1751549999580008,0.40118644852498164,0
39.27107754788124,62743.63248309771,620.6653599145977,23297.10044320729,0.29449929329302627,11.204008812650077,0
41.27314635572088,60380.82607990493,664.0273372832049,3781.357684699391,0.3541318528655834,13.987978265448227,0
39.290503250991414,53036.02515025163,717.1472978192039,19896.961822055295,0.4697548613374706,14.284367165535766,0
40.340658625538516,60618.9783014372,693.0006281260323,24537.028950542925,0.2219832511987303,3.261260533946775,0
40.083591627574826,86070.16891818936,684.5048587544347,21788.114535539633,0.3657149136007214,9.537511670742438,0
36.73255448618243,46590.68855327582,751.0591928322071,18198.381260662987,0.49414524186586833,6.776380309714028,0
68.2729979405965,51183.54864839504,718.8078543959948,31234.958588284568,0.28640047404932556,10.471861940160435,0
31.56088512062197,66866.13588177966,718.0532216088949,33577.65710630241,0.37828969641018095,11.412098075161207,0
28.26590093667906,62527.36023323863,670.3101714753246,20682.4851729881,0.3393627060952278,4.560423937023936,0
32.04373387210875,52584.182215565066,580.1333104551983,12095.803524390305,0.35378986204890456,8.131502615599166,0
32.899474510069474,48710.227644136525,601.7777373375194,18523.96581983116,0.520731226426094,14.64431106442547,0
40.114365711554164,59809.504984991145,669.6476116379969,23540.761067041232,0.28156212359113564,6.707727004496216,0
54.30932797842637,52955.233387075554,697.6448802114078,20717.429429977394,0.397889969167949,5.291852016161369,1
56.88383782995005,31022.116692979358,687.007188858232,12397.656209108827,0.5263253114386534,5.233551263815231,0
42.37324363963194,85404.62504551618,620.6976684653498,16602.292115616754,0.5008647242538226,17.840097500173545,0
18.0,49825.02172485821,797.0114628813736,16083.609088966348,0.3003489505236473,3.5229618120784068,0
43.84359353074659,73094.88006875133,616.9583289022653,20363.556015625683,0.3783455357050398,2.607355527471695,0
26.89345434374606,50345.40270279032,747.2396233768584,20836.168981988558,0.232607038781314,7.528547853455034,0
34.99298424812493,36672.9453801646,620.2898128017844,25413.701193148314,0.39087693055759926,3.0913634482198304,0
28.50277211858858,82032.90587028701,765.2142286873709,14730.781155607488,0.45569012476813536,16.855809512031776,0
44.25622579611037,50764.58335941132,543.8724471828266,17705.072002053203,0.35972130487053827,8.315380452881163,1
33.73392555402948,66334.30293750159,642.2536844846619,18728.764047658024,0.35311019634160723,2.00012274626633,0
47.72119677440699,72911.5666974239,680.1590112401698,24922.016549408527,0.3938390626495432,8.553459428183567,0
44.773023963918845,69404.61092058787,762.233347769507,25750.00689829302,0.26772182236889935,14.922633777656252,0
37.599304332472094,68426.63002433244,731.7610101061659,21918.025456283474,0.3333714008169516,3.0952814173671612,1
40.80560370602088,40599.883944599744,644.8252682202468,26273.085544465015,0.5100355976109461,10.885435202031369,0
49.1741976640224,90823.11719835806,781.9067012514972,26722.172489391844,0.3991763141642854,16.33279048921078,0
36.278680841238774,67269.88492145392,674.5404670527035,29494.699420531597,0.4107033701844264,12.090165101729543,0
49.15618885493234,51442.03575151033,731.2918222625711,19633.142569672116,0.4032697017343445,5.591878310234206,0
39.8068399331242,56320.7104215548,655.9249824306589,17190.245150851475,0.3115899848770237,1.1879559396410437,0
42.693974528048614,60319.48785498849,688.5397661062435,23190.862608488875,0.5261082617672591,3.2453187626619897,0
47.992408711355196,37622.855450917465,629.0029823834282,20417.092637733636,0.3121069250441806,4.463373406066753,0
53.31532523578928,52982.96083921417,680.85821882515,13107.50893023861,0.5314556877356633,0.0,0
45.208121988777386,61112.48147013562,617.1330389398082,12449.805381748265,0.35124408663490886,7.17151572778358,0
40.58371883962997,57699.91157500176,755.4163522394723,22848.81074477685,0.4942041963498096,11.432647259396335,0
47.20685934762169,74304.24107525097,645.7182295045706,21583.08782868086,0.13277716541164086,3.998195737034142,0
24.545523625802062,51824.34798391112,763.5847578483911,32136.647401946597,0.24903932933857328,9.866066077768597,0
56.3896160315396,46611.434555138054,623.7263738382441,23874.897431306978,0.37997186912285913,11.977438717893708,0
26.74508734305014,69336.9401398377,746.99943594604,17199.01047845155,0.34329333943799994,2.953945157733769,0
49.037094332179564,49096.13444822542,637.1180187650745,13243.80025454727,0.3205896649823954,9.984871209778987,0
34.35836069454617,72082.95251419613,721.4206287230709,22365.399061239896,0.35440418038334714,1.5903164837433845,0
45.072515845393724,74111.8471074262,668.1783747052037,23012.139103364676,0.379677868728217,6.1528867851422895,0
38.834325759432545,56456.19013475967,690.1859216961014,34216.22260999419,0.42578907393498255,16.048017879440536,0
43.03589759068777,50594.87411438485,720.4116191887057,25771.941578287457,0.420271759957052,8.448151456929388,0
31.99212960433233,63527.837679086246,636.3997488348389,1000.0,0.3677390550227089,0.0,0
18.393719957003324,58455.13557582266,553.6743792193328,18503.096913910977,0.3462393997477363,7.225603819249187,0
44.06655649348538,45667.253096070825,749.868768130834,17845.021216493275,0.34182892257741493,9.448836316483026,0
33.99495661375718,58475.42840051868,587.27630047459,24766.08190373338,0.30574214020033974,2.719941532596504,0
33.51364232398423,56779.026942135875,705.0156445013896,22790.480208253823,0.29983870467290974,8.062351872919125,0
32.74676863217951,55160.80305736824,654.9257066836772,23280.428557228064,0.4744407128993756,10.137761939679383,0
59.844112488851216,61908.07904715481,676.2559105349932,22523.84198204011,0.3935905500091966,5.783476004309662,0
34.17807561873667,94692.41336073187,681.8668756836001,10519.374965695917,0.5957398972068282,6.515974331086472,1
43.26812979119055,39960.32142658594,827.745389313849,13071.627371994751,0.4666752772039622,5.844907028151924,0
28.39556806130563,51894.25472897076,616.3931488960118,30708.723882036706,0.22159401225320813,6.776053577768318,0
55.23096713927984,52232.55801236525,700.2642281835908,23965.955111380536,0.27722396893291523,9.993307038844888,0
34.437320313837326,80303.21155834621,659.6787843800903,17895.08690183843,0.21793797679592555,15.58543234500796,0
18.0,63407.67605284335,717.2531756205926,31143.426474234482,0.3241126316482118,5.159640024678332,0
67.11949873895156,67615.23838505615,660.9093570799042,8133.32539393047,0.2432551069815797,9.553179080478564,0
29.018513674427812,77667.35221530552,724.9373251768056,19552.904151180985,0.4306094264122206,7.7997614079602275,0
53.08932334281501,32214.70329266483,621.9549271443957,16193.873872946253,0.2144322180184717,8.602310664109119,0
47.33072560542446,95293.81884064616,711.5790045776546,28135.43242538515,0.21561440310993418,6.158790716178059,0
46.52179635815028,76023.57581144913,708.1413996598441,14056.489550897466,0.14530421707474286,11.679839273294155,0
37.685151696291705,31593.269202776337,623.7865695170844,17978.814941387474,0.2732413301783793,5.624137968276923,0
41.891987518250986,90684.24036248022,722.1292590021445,15149.523356359223,0.2516888519289759,8.655827999573615,0
52.239360089168976,62215.49936785243,638.5515989521501,10268.25327254356,0.5217391088866208,8.422140983602755,0
36.990692838006005,50517.12226626433,648.1922378350009,22597.56744472465,0.45248208852834026,0.5940678756961173,0
42.51309632086277,68202.19173645176,660.2210821610363,11158.537227237091,0.33046595199465867,8.69985316618329,0
49.282902149250674,81839.27874223312,691.0385199093814,22620.783755356068,0.46055252117066225,1.8352668402556827,0
40.83388837235909,74508.57223669377,661.6526421537799,18277.13591307662,0.3706072385139383,0.0,0
35.75016804901542,64643.57935187456,637.2588013676882,7669.145876891871,0.5956579760371365,11.652385294728315,0
54.51678908317934,57530.10951141674,685.1729343387991,14685.682997961452,0.3732846928754197,6.190530765719517,0
43.41688598872887,78736.33428621278,701.261439872959,10913.08278279101,0.5014126230745686,10.89172766322108,0
38.748273354129715,39001.81122653198,693.6126974002583,23205.337261007047,0.3333973851440909,0.6532268248219895,0
32.24105176028134,56761.93827039806,725.4305592371646,22848.342299225405,0.27889296712614864,1.9595544801710325,1
29.944027780440262,65319.26149149932,675.1035247435007,36079.42913180344,0.2633284317182803,22.167389042953424,0
48.93784105381041,55971.166184748414,724.8369761357546,11576.542633168096,0.2647650484633933,12.658387408660602,0
49.49268086233381,48322.72231378166,678.1249952875206,16687.29649100181,0.40991672690953684,12.91498106629814,0
18.292889409229296,46844.88986327776,780.2455467826571,23269.615352799614,0.38712340743412077,13.12953232949691,0
33.84508360574245,45818.95674813333,688.064571599534,31451.36365614087,0.3777190577869304,0.0,0
49.64888136869626,52682.38200682168,654.5931514061722,23514.564079736,0.42071051545068505,8.354843972297644,0
64.24306619264514,56473.51206406129,671.2405039275792,10606.420186808882,0.19062534254454278,8.431721200593348,0
61.503538075928944,65823.86868935663,726.592097249131,4956.495878126161,0.25473056178211045,2.442515369949138,0
49.41866175242126,43121.06734350909,680.1892478444474,25606.220751685345,0.4711032165922026,9.27034143910581,0
53.733324551261106,20659.000454549117,684.5390228092174,9611.685532832791,0.30467734478561925,3.4901588431148953,0
34.72580543032999,56604.49865426012,784.6386938212094,10006.414614536272,0.41040833917285646,4.572692842787868,0
47.7453452352898,75119.6631197689,677.2299344682286,21977.38090297742,0.24689082650867053,7.023770459641932,0
27.62835299068621,60612.968900145286,635.341271701485,19630.064821309606,0.43082768660573245,10.039169481582224,1
34.38123653731141,48905.83066531763,742.0084842750038,7161.424351282334,0.31580226156826147,2.48695238266144,0
43.209710832687655,51816.95006341725,692.6678142530704,22593.010138658625,0.3946974173444274,5.881139782744851,0
61.679370700501565,45550.680069022055,580.9854379162324,14809.356186936517,0.21836223458966428,18.799585177542014,0
47.47963329337832,75883.38814684015,612.3012747463459,7406.371052156928,0.29821789585970065,7.0144813897248275,0
42.73827090666569,79251.22875377681,623.2137343601779,29373.90691560336,0.45794645549308804,8.588962976903773,0
38.299164373141515,69366.54446333968,774.0271222256174,21085.67475577479,0.34943057433279784,7.311730291676565,0
26.775570286577505,91145.1547151546,678.8159576929273,12503.263712975062,0.28966924139826916,10.023882460782863,0
46.02863002287344,45007.74056285208,706.3335901771911,15241.697240012329,0.4684544218122561,2.0362202262654545,0
36.50906303416768,73191.07294030009,724.9521800558852,36991.7477930851,0.38909000480707706,11.941458846841677,0
42.39044705630445,62415.49631112982,689.0615440808057,28401.57104499278,0.4443268047166675,9.157948112596443,0
31.106690860254847,47540.22938935856,695.5799517110792,30336.801787047614,0.3505801227577226,10.091693449715416,0
41.212549537035784,73379.24571500185,672.2327985924591,20346.87854251829,0.45899339941339284,14.412910857752372,0
24.62971133060438,71138.23232044796,670.164059644025,29113.37984756748,0.22503011055028138,5.493940380544279,0
45.039062191897024,44429.99903264371,701.2074643799049,28343.246206977674,0.21017336195628836,13.530649872134354,0
53.197259119719256,69095.65397510029,686.5427342732256,21647.92840930621,0.42509374854094084,5.116142870388536,0
49.139508148791165,40082.8123817258,732.3112993253508,26701.31283307235,0.43887792646965584,7.548976939996195,0
61.13823759119444,64267.05656918797,834.6583383621171,36967.13237556744,0.2459040874579128,10.245848549900987,0
43.24553515929073,57512.72357123898,687.3485740148575,26700.756987109457,0.3776709947061222,14.092745538216091,0
45.05363441512554,72290.16280479795,706.338388449268,14081.968318890464,0.4963487594977092,1.7319393852184426,0
45.14864837855844,53037.83073009917,765.5310096401012,20523.53555164532,0.33126274551578405,3.3382168490064066,0
31.202701983877752,65892.17090518045,576.7277519359725,22962.58679549522,0.25704676258863346,9.781892460545013,0
61.53233469262952,37910.4172941054,610.943721798749,19837.684805633664,0.38328471449990215,5.881914564185051,0
49.885780844085986,55030.408230906025,681.600859881418,23994.898902113804,0.33926033122994126,12.165606252940433,0
37.57173578525817,40672.70146132333,742.877757667774,16747.724241643602,0.23426259776520836,5.4269658081183945,0
30.97168257496218,53752.864491847286,703.9875161454049,6529.890936622418,0.2993511000454895,0.0,1
45.81509283241456,58322.75662939186,747.8153171967344,31233.47693222682,0.2677399139642956,11.072881133130643,0
48.57547553590395,65466.667080697254,698.2900153174295,36378.78602237263,0.28282297362835307,4.161604523459469,0
41.378848679098276,51985.080039395456,719.6496070682666,33302.85725144686,0.32043889862201297,7.2795349104356895,0
41.86074517113354,79504.81658672164,682.4139100168165,26012.015295603986,0.2999888836502815,1.9994764750831626,0
38.11883166569034,54394.69948132887,613.6136482575407,20527.526980372928,0.31141901308111963,3.3431199152312345,0
39.97252604272027,43977.98229314355,714.2281775900508,1000.0,0.382820418545523,3.5714177652858865,0
53.35141327718631,83230.46176459843,602.6425168694334,26229.78948585767,0.38180068879588547,6.428964604386091,0
54.0061788580469,69676.91693755733,850.0,29877.575828432546,0.26424197536074095,2.7419280730642166,0
24.998231165052083,59888.999274639784,650.5853985332168,29745.86570996386,0.4032193110291671,11.680371059047314,0
41.38878874536171,59667.5825814084,771.422015096007,6608.086048907393,0.41627274157143584,8.633755951956514,0
27.958986503302974,69915.9062248971,587.872138299828,26962.19858333991,0.29595426239726313,7.713506311092016,0
26.643045483013918,74842.9198806072,684.5695970893917,30585.06964597071,0.3410262942904806,5.2308352400615235,0
45.85952786519506,72621.14098870638,722.8856827061952,11962.565459128435,0.194230443752811,1.7785505011935694,0
31.58430662023511,16120.424459253016,636.6123506261778,28632.785280938166,0.31669003190533285,8.157500633418731,1
18.0,68776.56834784035,667.5909222462402,18400.778182950864,0.3779744875715433,10.980268124395904,0
46.45152653128578,53204.73934761038,683.080645722033,15583.493269568806,0.3693489808918017,8.225616892869086,0
52.8214183008932,81666.57491236282,651.3122035972503,12832.558567679123,0.22184600618743608,6.07956660007601,0
60.387771395785606,46843.63135284038,793.0070006763265,1000.0,0.3206374672594692,8.030069500084975,0
36.03706708157357,60002.82623288629,753.5694382705499,3402.7253111471764,0.4934687663812205,9.572013695996993,0
54.45445308012897,58484.418952594235,772.5596643447271,29869.49174815225,0.537689631657169,5.38568250570248,0
18.0,73535.98069500121,647.5324191090399,20556.453032029003,0.553758233873152,0.0,0
29.566003930963138,49615.35740560427,676.8752255188951,17652.304174245095,0.31140296283250757,14.834396887018581,0
45.18969371408346,62395.311933519835,718.1610713520062,11140.556808640025,0.4549330593877433,16.988886275958418,0
44.71534268087285,37299.35968437637,707.660412004377,20998.48143232052,0.38594911896748724,0.0,0
53.2041791273182,62398.07263298768,674.6504245407369,13163.347232042692,0.15376295819361796,8.768491788919086,0
49.56689489632062,76147.64143192745,615.8005050696754,16588.83092834211,0.5084858486594322,8.284990899326365,1
39.184299803483,29100.227650608984,700.1975895148604,20187.67859996411,0.3223708338549176,6.111577619097789,0
55.292478634014344,51208.04474333995,707.97192684262,23109.761046392112,0.34536163575006823,16.52153167517914,0
46.864826401316456,71678.9535710073,620.9346648103382,26939.19184247037,0.20707783368880534,3.582936215114353,0
57.17088733056323,59071.93285782778,758.0437109653246,17382.15200290802,0.4405772428371448,10.131772216895115,0
31.957230072767864,86571.70085945337,698.2749754149272,27270.28230621422,0.2620828807552682,11.606835385506848,0
43.00253676320188,43653.98342239981,667.2166484621962,27246.701273068084,0.32391667151862635,4.429962590410216,0
35.70404326099675,44733.12494320643,633.2798906462184,31162.269681562066,0.10060523872961352,11.037624115902183,0
48.0591330733859,58984.513815194274,700.3524585783568,23411.03683413176,0.34741275385124337,5.616959606152384,0
37.80447832905834,59384.056781836356,737.2632131333711,29432.95002880443,0.46321851709687367,12.553172039605718,0
37.481478027499165,87688.2694955542,592.8439275518692,16623.264557076698,0.5166115818244081,16.130655493768803,0
26.735103522232123,77977.0927417893,681.9477015218457,15742.058955451605,0.4370365148083327,3.5089945905927333,0
43.08204133836399,65516.314354823844,732.8068718208874,26799.689573594143,0.19785221829834534,17.305718735528075,0
51.15489374094808,37284.4102145989,767.5629126192151,33868.25270951305,0.3150866380071649,0.0,0
50.08195610910262,63531.20601539628,631.4953161867348,21160.90450335697,0.3253361160113445,14.446746533029316,0
18.0,64276.56122132523,742.0852712368969,13719.341959898275,0.5149333847095248,14.59060279554236,0
23.80354306179344,58414.46126050058,737.3806964694955,10079.725354082626,0.2544094941826312,9.16995555275226,0
60.051405255465916,21090.75632887563,754.165376232118,22554.34172529026,0.323469929940062,7.446941159750753,0
38.12373650888774,69584.96445439037,672.0089160138076,18898.907208285254,0.10502878111915487,3.6324564844251954,0
38.51058770855525,85387.49203665179,688.2610137790415,11275.81289283582,0.43822291355213255,7.459807973330381,0
51.65335441139207,67556.6924231586,645.7418126966131,37623.74563379739,0.4921071755186699,13.044489662454762,0
41.96645294966905,51562.44392349274,633.1810489971614,12198.821469760405,0.3096033752943505,4.446259264245562,0
33.6740985761043,71023.09033047648,645.4436555523599,14013.952912000017,0.34021533909302754,4.091442493913345,0
37.901530514730815,31478.842908598628,686.9474287151712,18260.169565683198,0.4658983725545662,0.0,0
58.9716068738588,70006.98202476022,625.4940062842921,37592.140975408794,0.4210660954465829,7.864387917874012,0
26.1860884687813,47827.83289948997,760.8977754977586,12342.814810975253,0.29484474123398136,6.638920576660328,0
53.01224837729161,57663.0352978129,725.2543487596772,5047.791696259439,0.45939528377758193,2.630110934750232,0
36.87607884808563,95681.83384742547,753.9435802809505,32522.71543419284,0.44619131127596623,6.88605507944864,0
37.28771284879738,71436.97854757507,632.6371387771262,38778.72715152228,0.43774382186107036,10.843566507583887,0
58.62913089773471,60624.84606564248,680.0529921175167,23217.89187554272,0.49936111613029666,4.908112926894782,0
33.57126405080368,64524.82435557735,673.9460972191126,25516.08556584929,0.31523000209251983,5.042219850035616,0
48.35058365361148,42919.735155181785,697.7446536129378,26182.967330110616,0.29856756830536185,12.190806889243863,0
36.36946549205308,70982.05357118743,701.9627666578896,9191.978572461818,0.34140755615249446,10.985656099798337,0
25.679329738510923,63715.36903853459,653.1821260804927,22359.041380420214,0.23584702140794578,14.16967768862061,0
38.339801303053356,73879.70071372169,665.2946110890053,20630.92155320839,0.355650947589954,7.364857324299981,0
51.689263743278715,44812.87416382731,594.0968897350982,24522.97590819295,0.3761962837639631,9.164641567658792,0
38.14107822377755,40821.88331660347,563.6884664910496,13888.57781988987,0.4117491359356342,8.453623725382032,0
45.494218269801785,38833.52304386202,708.3310523722997,7643.615605990004,0.3947972942782367,8.009868354698616,0
41.88553315280163,56400.652862327326,764.1378406644758,25204.2660379894,0.35795067002459,11.153072960869792,0
40.468313579974414,51224.77662176594,655.6534299337563,25781.758778388605,0.307363192180706,5.498707820508559,0
35.82502177265836,86978.27906042314,548.7599355079539,14348.302629686084,0.3310051301618705,13.441418666023566,0
41.317823005175235,66468.10124154705,615.5894149778144,10976.99133266395,0.3656006677483981,2.4404717030394583,0
19.671065480002014,111064.53413623458,595.6580546357256,18137.063370494943,0.2681412494168936,9.70536597630558,0
35.516783443750455,57196.24651180282,696.1427676377809,31133.98649728683,0.3621306227360991,13.279134530012387,0
21.96056374684098,64738.07817618452,723.5757096453102,21103.021138035583,0.3634671244492748,10.532846678386024,0
42.69698846809771,49890.45006231393,616.856172783083,15609.241656968268,0.27201234952635645,1.8922476775195358,0
43.546604863959196,36742.59470115163,752.6846345985854,14122.757275527856,0.3423867809924692,6.32698961944576,0
32.03934750504671,57520.979886294896,657.4437350820507,24732.567486482403,0.27410584511265423,5.133116715840163,0
48.01307608457432,63078.00915843179,664.4780878348444,7343.323494414652,0.22876913533019014,2.0217285565653205,0
43.95830551136148,76795.05100918647,729.8887482075467,41824.76632015644,0.2939702577489506,14.026711952323137,0
42.93572087248257,31101.5122417394,686.2059934018754,5849.572405880106,0.26167522420513367,1.4794004474640232,0
36.385961394648604,62211.36727111855,677.1480450532315,20580.691848671508,0.41633305811663646,13.973373501167707,0
44.7279300368474,57973.443961569865,652.6902749091388,26203.754420372752,0.4349131896308875,1.231676224408952,0
50.54207035635767,62166.67216806609,704.0268767588469,24917.16432268788,0.4001327745931966,7.03326188698251,0
33.39556809239846,42110.57224734405,712.9514823740394,19603.989432150425,0.2682779651861193,15.55098869665481,0
31.8315557413981,66939.32053726238,646.9023584335666,8382.576352364784,0.30249596314263805,10.441490783769238,0
51.8901075705839,78476.28250971943,699.9397320397219,12382.824960021577,0.38708018840503355,16.462647335718977,0
18.0,50907.037752487515,768.0946312673722,16723.750201610124,0.3082515456658278,6.307183703364843,0
18.0,45745.94303885459,546.2742175080894,16746.09301723959,0.3067016281450179,13.299966382226959,0
21.85272912432737,52772.041767845876,721.0673611379644,24242.381989621106,0.22889897611635,14.040724579184182,0
41.8174102982953,47704.514143191285,631.2325992891876,23110.938434059055,0.4513427389024109,6.881236783577334,1
41.52374207318905,74609.2983403492,635.9838907893401,14430.560829911621,0.38953125753226897,4.263936412009221,0
44.96505038358279,69021.56343535757,653.5879354531774,14167.858623347129,0.55102536404574,4.724301853677102,0
40.75977290422722,66965.49084096336,731.9702427574865,21048.47087548942,0.34720073462496975,7.331791823193459,0
55.37379807730997,76974.03434851421,624.9796664891754,21595.523533474257,0.3637953513552079,6.209413776227933,0
55.757834458621645,57869.55746393248,733.501326675758,22768.041632774795,0.35498122595449716,5.976402196285387,0
51.590106388629565,66351.2443496977,752.4058009588906,19541.71215939475,0.2839102230589087,5.123013017524055,0
28.441997285124646,45120.76942075346,707.0987684709819,17795.704153174003,0.3273105171084406,10.036542326320987,0
43.63577885990444,48215.12188514731,686.5456229029638,9953.444006497723,0.4221552255702708,5.420011101086232,0
31.33797319299058,65777.82928084656,618.1417182420847,16488.43776845876,0.2920269545632247,5.820617937129137,0
34.99289634406473,42716.27510008066,650.9705386384876,20282.569729783827,0.1222681007156744,8.467300347131903,0
29.766377985131527,51204.0860444055,674.3460145270209,21983.998582103213,0.48253641724629986,7.814437832829878,0
40.10712426627732,65082.10649213945,694.9173788494555,5715.818066103551,0.4292850097115379,7.828199482175611,0
45.44124083587553,75831.61186840755,724.6946239081074,8423.909807032405,0.34439243352670207,0.0,0
40.786920498406865,36960.11769395914,605.9855727106726,25343.648472143672,0.4413902672346388,6.0716489120228285,0
28.066313096370727,66889.132293563,714.6028988590992,20123.08324176922,0.2922437017385423,1.3437252534888984,0
24.73964812017397,82407.07909628314,670.172951355359,20795.351032528226,0.33855399046988066,2.503113058422331,0
32.379151947548685,70467.27488064459,721.5740218876962,28504.179677235443,0.2455846820642832,13.963207748416053,0
32.22361642624053,46700.9521756194,693.2058700551469,14926.497461609186,0.21224620935225919,3.990749850850232,0
47.842731671070844,57509.32326612372,578.5694308781704,16245.795421131907,0.3072203702735043,7.297527473118734,0
36.80719141251681,60947.513371950714,694.8525897469133,24486.223415962166,0.41070747405639935,11.075915168753827,0
38.113336610948814,46816.650662616004,702.1645147653478,30506.83246713009,0.3041326984785744,13.383051150463182,0
38.430649330171754,78535.28978101544,736.7163433526857,23413.09134636484,0.32787220618993446,8.875473604128953,0
50.968481478561415,41162.37842658372,725.5289895297628,25495.033634934178,0.603406636732049,0.0,0
56.36115122159953,64025.37715058319,699.8461431348695,16049.019061858198,0.37522183414756183,8.390863025021929,0
44.270585371741795,45913.438929435375,621.3588141411235,32709.163516832297,0.4675667131714033,7.9987047218160425,0
37.51694166813077,75740.24317859192,714.7807878126953,29755.954288588717,0.27454756904924194,3.2998316165412866,0
54.0250152628564,45334.60300202684,714.6841576021679,31083.204177316315,0.4565012644401018,0.0,0
44.38241393017533,69270.39588763952,665.0156222439103,11685.63523563375,0.28082079567200036,7.948552600171608,0
35.78903114934186,59690.02984696943,733.751689152114,1050.0704904881131,0.334914243585985,8.546087498581835,0
50.1057371129754,80204.03585689364,728.8229209220868,29844.23258976701,0.43967429011936526,6.795297571994634,0
42.072299460115005,47325.72163426801,731.395324212521,23717.96705996223,0.35670376906579454,11.014875460403983,0
25.659692710479156,84542.4936050766,711.5422473884436,22320.661303719018,0.6003157740939842,0.0,0
46.26906305970296,71310.39661378281,672.4442625745478,17247.222846734338,0.15269148131681742,11.121848138194107,0
42.998252017752904,66233.6679823473,751.9529607630278,18992.774842635816,0.30549645689384575,6.702656625923701,0
21.433585777759333,33523.676894290526,647.2100004336988,6765.738868517741,0.30808819523201597,8.124299679389766,0
18.489568447960423,30294.465474151915,686.7640609844993,24975.818186706456,0.25089194568193585,8.743504029442452,0
41.36301005370272,47245.83922641765,813.2588645365134,31181.561556586606,0.3569916541419242,18.87250017020739,0
46.83356254579269,56405.89649233431,784.0568447232773,20827.997568152507,0.30906716331060247,13.090028144256943,0
46.085800501276964,54552.306643199256,630.467337845264,17182.26601318638,0.28232383267730693,6.519302612541663,0
26.39020226095444,57016.11624735124,605.102286819467,15034.345829439348,0.38065712767475923,15.674717600173487,0
36.52990050888415,31755.579372448665,649.140979475375,28662.69426762572,0.2140542896794509,14.652814606543078,0
46.665899190285884,50627.00713045469,765.8763138524179,19833.950304648144,0.18502122477524524,7.332199055549054,0
24.642477912081088,58205.227621242535,661.5935434859666,13533.030710634324,0.3704153857842182,13.257223455940048,0
40.85282982179146,49684.54088325491,655.6218690596374,21046.08973486128,0.3337252643157036,16.730128200224392,0
42.13329269397654,62118.7822010294,567.6097162431579,28351.11367689226,0.1640732047813086,0.4804430361822414,0
49.23755969063965,64699.00918081674,596.6760518321989,8280.678936808261,0.37758452480197086,10.51984925842066,0
18.0,57590.63403045613,656.0730778554579,11104.409049974927,0.4113703524191352,8.08322445462045,0
41.44987327001106,75726.28685439393,644.6695253775468,17962.373733610522,0.38259766007131657,8.502038639461015,0
60.181218523403636,77263.81954800826,792.8963353018963,22240.991971235493,0.13321447932484853,11.220289150549153,0
33.78792661208925,77162.04825831912,623.9389087303651,27102.11405394533,0.35054518133454277,12.98912610250463,0
36.837606723677794,34280.883761932346,692.2036607640127,28818.228441533498,0.37757930404407025,13.971560469767905,0
49.539922302183484,67932.76879084985,609.5938037151952,20562.981116164363,0.17411547829694007,17.043011205641697,0
32.368573989173235,69118.30552830253,618.4698409422533,17147.891223362192,0.5599711632992708,7.151758798896687,0
51.56954884598025,63089.042406470544,707.1057918398668,27568.636001127066,0.4343106093604271,5.852806328429672,0
45.40533161244612,84575.32448301204,644.4712399141847,25197.43991818723,0.3707211936419059,21.53285282726221,0
24.259265748662663,47790.13816221974,647.5743118120472,25035.492355259466,0.4319924208747486,22.333692787371838,0
41.005934176797254,70605.56557724356,758.2709258607986,20092.858693525282,0.25338307640857227,8.8497978479374,0
25.41018041013022,80482.23716413895,686.3614332141126,19628.64055292804,0.4017978133967475,12.217282013961015,0
49.52547818431495,61215.40235886202,767.0309356468741,21150.082932635763,0.4735640493017766,3.3068944850856035,0
23.193255272286883,60444.027374651865,689.819425165418,16539.76898965881,0.1486744411055328,13.487429229279108,0
21.882462852808615,33053.14214265213,715.9099656022354,19693.373494595562,0.31820888083674925,0.0,0
28.626955887258873,50434.49744547466,749.6465180273046,20170.652137809928,0.3966621166279277,9.44752322779169,0
31.96927333846522,63480.9107353788,653.3871774111509,21566.958322861952,0.44214426881436186,7.770708299607248,0
53.14940787518026,64261.73580237846,634.9366173624965,6641.378150724384,0.42335828414166915,3.540786499103965,1
39.81742464825953,43839.664776799706,649.1657141291007,2487.9460989360377,0.342226556021387,11.645121195384245,1
42.91004542370391,44604.62885441174,606.0418202412767,15348.257878492499,0.23928151664810404,7.783788953442801,0
50.748997485451035,56407.420934053014,721.4083716614077,22030.068483743427,0.38941702077541496,12.112980235970529,0
33.0219009987327,69143.93081160987,631.8928535111139,33376.938355199876,0.09713634650777547,9.222327203070995,0
34.21674282980214,73093.18820742081,759.2944728554369,22694.410308158116,0.292122485159013,18.898139697531242,0
31.52547462150288,59408.96264099827,757.5857220413868,10729.849109360694,0.32300692681071624,8.068980671597172,0
47.84904647387373,81208.86609638766,702.2522277629687,31614.67208809164,0.2925053225969616,4.103087590575538,0
56.33276209579037,54356.51991498992,736.3576930985415,23709.853136437574,0.3171935342415328,9.146274565272952,0
42.58742494312264,55186.698063491385,645.0721832078722,15944.686770427274,0.3968254879473577,2.305127011488782,0
33.76720006288483,65464.73189954766,672.6253692438029,11240.415527332612,0.4142976878082335,10.274124771613689,0
34.79638972863305,49130.73464142982,655.048404296239,17133.780054116938,0.3353769282838753,6.564783099208929,0
28.87685709793592,58995.74464031464,751.1996845205238,1000.0,0.33254600544339535,0.0,0
47.311453695585634,31917.40330632759,781.9558355450966,9882.554551451221,0.4312048094445632,12.49854913784516,0
29.37071237627649,60971.895413563514,617.9627579857848,12990.77781541659,0.5712830692796638,14.0887375028571,0
37.453669345343975,75558.26451703519,705.1043944563158,25054.896751421293,0.3547030396053323,5.267396871601205,0
28.31038655200767,48156.70846815923,607.160624313557,14992.712010614232,0.49830249128656146,2.4125564907495116,0
21.005369003785496,66992.13722397915,681.4895674024662,15346.226835594844,0.4389521867578993,5.53922663808909,0
18.0,74299.43428514033,748.7620999217256,17868.60846705168,0.4067242644361674,13.050460751981085,0
31.100384896789635,57674.72234853214,555.7647371482773,26779.661491115803,0.4965945375334756,11.534009350651305,0
42.18078497786169,67539.19331524645,613.33958997132,21398.57355719581,0.3164781629657855,9.645339699129615,0
36.82184433685219,38741.20059070684,661.9872240519775,23861.29273782528,0.4374630516384072,9.301159545692638,0
37.7642511254478,51826.27596222288,711.6548348703843,21546.151439286918,0.546847008306947,8.30420830937432,0
29.286201196132993,85779.96044484971,617.3725837762642,20216.558244361157,0.34595738990308017,5.097620513735432,0
30.683184378403634,46945.29918264039,650.3501411797821,17084.51412048739,0.38999655791680127,4.5795512359117785,0
29.32297657105645,59365.41514786409,690.2230796323473,23879.29636824328,0.21482461327119096,12.32050743066446,0
42.1123366116004,37390.36184659751,591.213680989844,20506.63439903947,0.4665743578353687,3.1950791438622375,0
60.476548371435584,71325.1532453842,549.8376440195498,35924.09500006237,0.29796629051327095,9.082325292414009,0
38.63627490243501,58250.8858436807,757.2179863912164,18070.177189016624,0.2166102073180096,0.0,0
26.307195947866756,62799.017926103654,620.7512865793277,18381.73727473144,0.3947131016185767,1.9858768953803567,0
52.72623331294494,72519.85722510397,784.5126681684841,17341.6516277486,0.23277174205433537,10.225032211788504,0
30.01433585210795,75297.25001055296,598.8373497172388,32402.539367233505,0.2901787060847235,2.667039811714254,0
45.57532641377321,55984.58714070739,626.5060024223413,38523.46723408796,0.39328293077269544,7.50449291151013,0
35.57344590329847,54799.76400584616,700.9988162313657,30928.373659320467,0.25019543180425813,9.404161373725646,0
40.81083205797926,68841.57798924463,724.603699857461,24825.912068151294,0.4874865685439234,2.486930126416362,0
74.3266343179556,50583.179879460426,679.8113649944495,23700.334825892918,0.23598642871101,0.3046379140168307,0
32.524737314203996,66968.26284719609,703.7033859377278,1000.0,0.32776959610165746,4.03493939255646,0
34.13319560302544,104636.83933098026,624.1363339185049,20428.992392170214,0.34403141171709634,0.5573748609232094,0
43.75235451102576,68303.03712093085,706.3630127764307,17262.162896243157,0.2550348239338165,9.59776018053762,0
39.78053236168728,65335.58408251349,600.1882349032062,13829.603811136498,0.14161990498414917,4.53505401795653,0
35.939290988045116,57234.71565909275,745.9408155155414,28500.607018070183,0.36017811213191453,9.705014441004531,0
33.11592456831407,50386.73559406093,678.8282606332925,25603.315000771272,0.25438698274964516,5.652372547151833,0
45.904938662003055,74355.43822444668,753.262268262329,6245.585878760507,0.25166241578386267,5.681326363692553,0
50.773765676263814,53402.47185675729,673.064253463292,30270.05927638778,0.24888833067842486,6.364985091565339,0
30.479159283511798,62819.07198282542,611.2055251101874,19816.991016989585,0.3342399841492496,4.432012288012183,0
28.635668986823042,83322.27284683943,793.9547719799687,32075.72517292093,0.2533350479715909,3.5556874180186213,0
58.29906238047157,53922.49605693847,707.6581076911644,26383.91059925127,0.36104946211063976,17.452714827636747,0
25.748438277376202,60739.671997182944,719.0746854715952,24243.82441170064,0.2756251589297219,15.146356195014473,0
47.15333449104773,40174.90053441856,688.696781600347,31180.306949768044,0.28878611741554033,16.43413439822291,0
44.39127373218802,72796.43430111304,599.5957479553064,18464.500692964255,0.219856003441757,10.91237885103634,0
28.970304510756282,74207.39303973658,584.608812528117,17955.781986039245,0.3228251217658468,8.750714023143729,0
47.59493592995094,58336.43005928107,755.4326016079333,17266.978056811724,0.363520148507012,1.2219585633091619,0
28.967836537269136,56087.87004891104,593.2576220890758,23783.948287717598,0.35134191538461484,20.328510966466006,0
29.104489015369584,57003.26880582502,603.34341725996,25053.243364001777,0.33275276822004335,12.602704142415519,0
26.10449761529484,83077.66830683696,629.6486947520276,14076.129228736,0.41913601090978414,12.98310892040714,0
48.34283205251758,75539.93757747565,744.519239626871,25607.91664432593,0.2510332161787781,13.76418618437243,0
35.50654152447607,62769.215560763245,837.8114297598988,21461.842520768238,0.3003972047633119,3.278789229820008,0
50.85251320369944,72464.6981663785,645.0271952600327,21942.574018790543,0.39258322005525814,6.881667171311869,0
31.89859969356291,36122.61547955767,727.9608004731177,20311.2022391764,0.5010185007559871,8.755119966523525,0
46.14662586125356,98789.83949697611,683.8907369460267,26415.58672575112,0.23321906711310833,8.3274370961281,0
54.07410594657888,83614.17280628301,627.183832720827,27439.10643414585,0.39600299267468125,15.434070188245546,0
39.139864869068624,98416.51629731772,727.0172019891168,29849.873139226373,0.6255660805537469,2.9709464174726747,0
28.745472537498014,78291.00134018899,631.1737409034595,21430.631044254158,0.468801116502519,10.691800025693661,0
36.57429057687621,80447.45959886356,621.7388201923512,42162.42194416676,0.41753236920374637,4.746880421487502,0
52.567374708813325,60450.15945258365,735.4318934752841,26212.180433839087,0.22127100477851044,5.6369867116341235,0
47.39093836242623,40466.50436475605,705.3044593598038,11616.817009131708,0.3680610495079865,12.120511077167759,0
36.14011906471255,57900.86228910683,671.9276156941796,31471.582775072653,0.44642580965586465,14.10894678448107,0
22.55627625446108,40325.8076650827,627.0241258652519,21112.29779766207,0.20936643056454143,6.306247117578366,0
47.15536785056718,53825.33042837854,604.6388930065234,25079.81446533108,0.4234357171178124,9.701872505399475,0
56.309062540803744,67171.42818769983,749.9052565193622,14053.603001734009,0.27938484685951437,6.193823567430812,0
56.485940770510844,65099.624182849424,614.332651510214,31958.016488079003,0.3537557077172502,8.154445590615193,0
44.32790199634539,38125.53182041815,665.2253279443997,24822.575817206496,0.362672838496347,9.34801595697801,0
38.089708286003926,40512.427821255886,558.5027034770496,21815.607976777905,0.27220154457847956,6.250294933733125,0
32.13878729759833,45119.38678408062,642.9827176766014,12724.266754237044,0.3456686176771609,7.215516371090116,0
34.27398182689367,59138.98455190824,683.5519272237044,20197.122227869495,0.2152509438588084,11.253342864308141,0
23.50249695985328,61441.90180081449,749.7488880744645,26057.340430067125,0.5272796784305269,15.930541217398341,0
61.34551558912664,41484.00123755764,778.7044779233372,18017.85858266645,0.4219887616055452,9.822002465407788,0
39.7303561071697,54447.849062256115,585.9124185455145,26493.061351332242,0.23618267999112882,9.883237438590125,0
63.844051384678764,73627.6533052622,625.1393186322917,9600.740377910952,0.5228807452643632,8.036006785649171,0
39.255025846268126,49095.578731286034,626.2452411084147,34311.621236516556,0.4087900239908594,13.1909021438047,0
23.816820683900243,67044.37578431348,612.2785798515353,17748.458724886368,0.3516243289159273,11.014895020703815,0
58.6156510227749,45642.888982491655,651.2232202030536,4595.323482513462,0.31292432720277635,4.97420153353659,0
31.401729761324944,74217.32230209094,625.9779742891812,10277.067514127668,0.36603099709579096,4.289065917606555,0
35.62091788984512,45758.40115685163,815.5273878508134,17595.97264041008,0.3100773586405211,4.567593723296756,0
56.485510899956076,62498.28531911142,737.1677365254073,28296.42452810851,0.5734053430695321,8.119918588338493,0
54.58773210766272,53176.8896390808,714.777010827622,10719.532258123558,0.33691524581264215,8.691624718525777,0
19.737935841661404,62451.35555874267,730.0022559418046,23936.790919123177,0.16313682172155614,5.379232166811564,0
40.01054769941827,53091.9490831787,648.2836245044638,29362.8493636981,0.33142217037873856,7.824244479210638,0
29.104649948985234,79285.74845462407,618.3301164874799,33990.14551966209,0.4926141288165576,2.1194512933927188,0
45.39138222070561,47708.832858504684,742.86574667149,4558.467216260904,0.36725757453242164,0.0,0
58.121770915950165,81362.19173286558,500.3905263748089,19557.290119663943,0.25328215927645215,9.793966025900245,0
34.82510177538025,28366.45397697955,715.2314884656689,22231.93275722983,0.36385609697289734,6.244821182058068,0
54.93222800654054,50924.83587725461,776.7911705254968,21460.54242798139,0.22229813608387586,3.4112666788833437,0
30.713557246206477,47332.077485126225,584.0304512145962,20040.588788182773,0.35308679121223463,0.0,0
61.72270515821458,50650.850810436794,670.1135754666348,17857.53725023298,0.32231752558320664,5.99398084130299,0
31.743461090694677,59713.24573771287,655.4323534815863,24742.24986708609,0.5578330072280482,6.173270604145139,0
35.36662032163669,56949.20736551287,672.9397882464513,13111.930828098275,0.4839251125708035,9.48751951497721,0
42.969573677573095,77341.60976564477,585.0954235641976,10248.019557217878,0.3829486103197888,7.990018294877479,0
25.994055533313492,54186.53418699383,650.8696994172611,24751.10935858837,0.30591886310532984,9.935112327295602,0
55.49608853211262,54861.83018159508,693.0624503889107,24896.46516630178,0.40583927824795424,9.172629307529803,0
29.299830958708895,59232.14235052549,675.7033217442715,20891.855772531475,0.23540159431511493,9.33627586730168,0
46.13951564079822,43866.7717031387,677.5606274810227,24201.420833691194,0.41563727975037074,6.974061423571676,0
27.108699605250795,60547.84212352254,612.8481134871955,27499.076099684495,0.25352285427423904,14.583307059894677,0
41.09782946112351,75694.0773103967,724.9527021961424,17718.433261741728,0.2831948835559699,9.542307613667678,0
39.89473824578985,60578.34378240662,752.2120325287403,25337.388827242892,0.5057210918032492,2.3314413560027862,0
36.11759093010794,40328.742559002014,481.34944626772403,31792.802098536675,0.23068638801858818,4.187022259814703,0
44.892191937564924,68102.95120921226,725.1044177528636,19186.606481215287,0.38086334295316504,5.3574181160450225,0
28.831677427637498,58779.401597565244,560.1221647006388,17107.529868822017,0.2963072588139472,3.929658712838261,0
55.21865766667497,74612.33726103407,668.4535921332824,19261.85572082354,0.33746859371066434,1.254480947102918,0
42.024473569139786,32071.585111154083,642.3171044029774,18604.202349483458,0.25617312593546676,24.745733505304887,0
18.0,64129.53023331138,800.2135517013031,9299.954659961424,0.2716772223266937,3.9508619045624087,0
60.05561575887981,19342.24683703451,773.3931137029336,19514.184102984826,0.20827019304288338,1.7736027316179293,0
44.52713622236363,56240.95206226203,583.6953197295377,14080.146380587805,0.2638839987363159,1.4389965565413476,0
55.53565221562107,68329.73587101359,632.7261212078155,11482.510625932191,0.27617472144008604,6.082008708366999,0
38.23063442774628,46013.856528774035,801.8116677186644,11234.824746783685,0.3261126414906916,15.846096812991414,0
18.0,74250.30840760408,600.745807892875,28250.893791475784,0.20976837648388597,6.69843159067185,0
35.802821300871614,73051.59804097787,780.1268924137182,23204.634416813045,0.4150790431518376,5.762060585944791,0
27.73930038760284,70550.44279479317,772.2361991315597,18844.113387753583,0.41062088762550514,13.499746596437351,0
39.615175377152205,45631.33934091708,722.762093697389,28056.337390188142,0.28938929011842807,4.331499129153751,0
35.172731376344515,62482.19590296782,612.1876360405819,13132.288204200424,0.33156881467459176,0.0,0
42.090122800700364,62857.064121245996,626.6264128031745,17608.150278273824,0.3072349202026797,0.735385701862044,0
22.355919193692824,68339.04185797175,621.0270954047203,9657.549309793389,0.19843059165296226,3.3473455399589316,0
40.5378240442708,68818.07125348655,636.9056527673393,18972.962154061162,0.43606941369956037,1.9586136885706624,0
35.40418166827632,47505.14994143666,651.4644740566837,20688.470494512498,0.3753852574832832,10.44398990865216,0
46.335088707785935,70907.9260519257,664.0086278222491,16927.541349025872,0.22558372466407417,13.298938418559917,0
23.07697451149615,48090.46509742204,758.196937395423,22122.40789845206,0.3283533888768596,4.435833070439082,0
35.74929024244413,94416.91704625568,657.0010859891131,17277.38032008832,0.41119952767509355,4.891431805943316,0
56.58399339807926,67651.71101291843,660.9967526501927,4640.456976323801,0.32221843407898365,0.0,0
28.189371022622026,71043.00578257961,643.8708066060598,22557.50766128631,0.3691029137096556,4.0441137272628,0
47.38053685359303,54643.48424066228,630.4635826533856,29792.7489287157,0.182812016445413,7.020220789313058,0
53.305061151948564,27786.904293422056,721.6045682994315,15482.317934971023,0.4300337357435061,10.890889877055576,0
39.89910231643472,73388.9112244625,651.2998829395069,14432.118953548441,0.5825130064025794,12.600312403556533,0
49.8851064221914,40470.00492524606,702.5835451117842,20680.960693089855,0.27591005433403765,4.728200435102548,0
50.41439634377143,63492.930519751324,684.1704461000251,40616.12358400889,0.3740439945793542,5.425079585462653,0
55.69755509912194,55311.886259782805,699.8298463919176,1593.9650358412036,0.40651104746977945,13.790204846967624,0
36.32167798634113,63584.913097496305,626.615561463319,16508.343772380395,0.320796396950074,15.709230321756882,0
38.8770091661266,74170.62608576985,625.1291763526829,18640.55584151695,0.4780388986619415,3.8397795455948147,0
48.04122851020473,58258.22605796462,687.1806514745955,28944.732620144525,0.38932520309790947,5.91466412251004,0
32.54355950329766,89975.25210059817,722.6987348562548,13971.937032665895,0.37493544809757345,0.8925638119613204,0
40.480507066664636,83458.74002764167,508.54833617996974,12480.379114771731,0.2712279728153661,7.35557515174879,0
33.01429337950146,56445.628627024176,811.6605600419173,17984.015430707175,0.4039485335958591,8.794302630462667,0
18.0,62497.38033820294,643.4633333078331,22443.90278555491,0.35297394292173806,0.0,0
43.34915143767059,78986.51439340509,712.689344015291,23616.035923085165,0.42495082070133033,9.175113188675795,0
57.02430046907942,55566.85603259066,733.6784336207269,20962.64548983775,0.37573360268683503,12.382270425151525,0
36.2793531899004,68168.24773842614,765.0533001509164,2591.1896274546307,0.41785771117658194,7.952446915369933,0
40.84297390910291,66840.87990293032,737.3921398454905,27558.48387590994,0.4018017206970588,11.572024246884077,0
35.46895048622066,80163.0192628099,611.4751789474869,23587.888099778556,0.4511516805334883,6.4461490443602365,0
32.590366573936414,56260.087857543505,678.6651126995088,21934.02453448888,0.2904656101081615,12.055841036579675,0
41.361044638854736,56137.00308055241,649.8872735860965,21623.174668513024,0.22856768632728564,2.685868063408777,0
50.729310979967934,55661.35935677146,614.7022615968872,20757.332780978813,0.32584855847839767,6.516301535990909,0
62.158433358479186,52943.63280188415,710.2448745774751,28838.78122721472,0.3039679034658703,10.03602695353819,0
48.26476557068435,51109.39680044761,692.8238769097252,7171.554450926134,0.40653573380290375,4.620207877368655,1
30.38636197438546,52509.67795062741,760.9240618144993,26479.230094218263,0.37724153774044805,8.531473906118302,0
25.72984371288373,57020.04018324581,771.4577820971049,24299.50665089469,0.4189814492572306,9.077058827036005,0
53.06830585767448,37627.3244759845,679.1940668566846,21861.673443999207,0.4553786186715363,12.463862312212374,0
43.16714991538674,48434.75177648099,679.24818983553,21279.47172635468,0.2873835628208651,4.5202787471269925,0
33.895367565575825,53053.98830072659,751.8902559374176,25764.907314206128,0.4309872058817942,7.518281261045278,0
29.438278635941913,47098.81753795133,533.9220965160007,12513.342429009681,0.5176710607352306,10.535513834195818,0
31.922776333049363,91082.03218406535,682.4823222686466,16559.684979663776,0.4336020547436575,17.11088615364521,0
52.33424909299263,59865.18833443784,744.1788572056748,33788.728095072365,0.40526962197773087,10.637523660294338,0
39.776406279771514,58232.335936915115,623.8436424699513,2543.780307324985,0.306750679806608,9.652446266283288,0
25.995300228755998,32024.7613591403,658.0932728283374,27180.877473447235,0.2018594149029728,0.4394185019840364,0
48.725789897317256,65107.090123010785,671.5674471876961,16587.994080887078,0.5093279706424118,13.575819825754298,0
43.101025961317006,62240.659902961685,715.3509090931861,14626.716568173613,0.29521939118668156,5.211209484731089,0
37.08867829205662,55845.89376138326,626.1237615515354,22140.005731213936,0.4377726905916045,12.905769209743129,0
46.077152484722895,46934.79117484952,764.6594100828916,16331.256132340963,0.4674437368092629,11.067867112328475,0
31.72316042726997,65490.338795385855,726.8780269941194,18703.317809189222,0.494258261460707,5.304625657291206,0
49.63904597441959,67513.76689516309,622.0632345646724,11010.522217396296,0.35513655231401264,13.156656545955283,0
25.751390983456336,41526.81365839573,733.189139490348,8114.666464982201,0.2975182323799713,2.559375977547555,0
30.96557273640504,49808.24135511506,711.9664514502969,9326.869496732359,0.1880851598971254,1.2908789756919674,0
26.23116958994128,59807.34060350529,640.0416794214523,14571.869078794669,0.4502578368378561,11.339912540709879,0
35.834409401260984,65284.91973361429,637.2404817787847,22671.53689901549,0.1507709635906841,0.0,0
32.42548966596841,51119.20822667135,619.3313064336735,7322.5805266600455,0.27957251250797877,8.940056455124179,0
36.37354081232576,35376.22451222368,704.8075804622994,14613.042950789113,0.452013528307677,11.031191294286877,0
40.04767831776312,65488.08169844892,791.7091970325962,23712.116704849002,0.32535809095307383,1.3810972050571522,0
45.54252539908761,52954.92834302277,635.4431063786441,30872.67157354785,0.5382207671295303,0.0,0
41.465320727650735,69179.16199715614,716.2657225142534,13016.468393060833,0.28085151633715233,2.6901332316168514,0
42.518597032535034,56967.168272289666,725.0346369715734,20229.285159165534,0.6222609527013321,8.246886123900634,0
56.043239431163414,41298.82418051165,670.2189077731242,32516.40973931272,0.43759194162998966,0.7830658965830866,0
37.33509439093909,63323.144398035394,673.8321069114165,17638.48944087081,0.345474130813204,14.505377522663474,0
25.416640606360357,84806.64314446758,653.5414857490817,15096.695421204771,0.40601272362747953,11.707724636564237,0
49.51381812479946,40582.75856891813,663.2556417099096,19386.840477044596,0.3431047975594246,10.31035221185744,0
58.358695455399285,59313.05913627811,657.1130798452369,16683.746364208026,0.3690908907857601,5.62763962053535,0
41.872886941396565,65874.07062308157,665.5542565466318,24725.923986721264,0.36802309750633705,8.886637132057368,0
48.395342227862145,63265.10167333816,603.8538763597921,25040.412568435488,0.3422723890110137,13.301906393641284,0
33.44383312853654,66099.15077951319,772.4507108149279,17301.82332440755,0.3531945775600584,15.232050080803779,0
41.85675353758885,63501.09009389554,684.9213109066733,26554.012778286055,0.3874461737078885,0.0,0
46.370253187948585,42571.93345400262,591.9811373117193,8784.769128964861,0.3815112594200023,7.200452997804643,0
43.785755767958285,70651.02742410713,716.7220450458905,17580.374863139692,0.3241782496748121,8.192975882307204,0
34.60302347186815,60716.176567782466,638.8599678855315,29683.45150732442,0.20850230102201453,12.666148026741698,0
56.30629792139037,65811.2714504126,627.9531185954747,16483.952226748326,0.4491163485481227,13.071046573692595,0
41.72816084103659,88394.52561037324,656.2210613677606,21491.95547531725,0.2873040684730844,9.5510664771072,0
49.30198205540387,44938.96656604727,641.2555930910245,32512.84315670755,0.20612042239622635,1.784509890819728,0
44.057789866285496,38522.483128185864,719.5827456852503,34987.730987610055,0.39560860909320106,5.8142954139878515,0
48.73674222667005,60385.96770247514,735.9924767801347,14325.488713300281,0.38365052747698936,9.615693662608635,0
49.33253296585997,55826.87181284342,717.3212517035538,30382.39765055002,0.4873042023687946,0.39340723735129224,0
37.83844850600469,49544.98590421931,761.2929885983938,24606.431767694245,0.45499392898883506,4.5260296288334665,0
48.33678812862525,25678.269834878593,673.7038074535477,16260.012656768084,0.34998831773757105,5.698685726756825,0
61.60455726859277,54387.71658439178,525.0393510001659,19066.6353055178,0.27565403495194657,12.207401133591617,0
59.98992013897109,71242.71403965638,610.0594961366655,7436.847983813561,0.4877755474201157,13.319867693067177,0
47.64041420048111,55008.20658204757,654.7633085109131,23842.74816793899,0.4569727234723663,2.8524844995578142,0
56.87255223155202,49558.45519164013,684.5148538287607,20679.351158508114,0.1849219602915144,9.99996413091644,0
26.920286563363128,68675.53053907612,674.0614241531819,35709.79982243778,0.3143573238147692,12.908586356877812,0
54.72396306728569,65819.20263200911,654.5201162650675,14610.035181401174,0.2822608417207735,8.316157230081279,0
40.74876097888667,85108.04831408925,671.3686029208955,18605.094376837656,0.29609439134824866,0.016518916848450083,1
22.13064596220218,54707.53667272991,739.6905834146206,12597.14511052931,0.2204953781749838,8.268451618074682,0
41.65210586529254,51857.79210881133,734.7552012899718,30449.494989717932,0.28340723017048786,2.855892830709422,0
49.762962980812674,51897.8719418078,711.4401585512974,17406.602177253702,0.2559986837423001,3.3520667551084156,0
33.03972328703845,38477.873957656935,629.7552967444337,26828.369341812606,0.35587850748250205,10.405854155893145,0
59.3713158062431,41076.37239439838,726.5275211241579,15824.142667360353,0.3814352570058638,10.323180749926777,0
53.4922767826271,66924.38283500061,720.6982631413819,16106.394858141717,0.20331418074171276,15.304505032903755,0
27.248861353298366,32458.438149411708,749.9768739842726,7035.773350804351,0.5043802599210112,10.449044777817372,0
50.0909026267215,44619.52078600746,755.7743966314872,23318.55337689893,0.3015058397908977,8.441880143554354,1
41.11972687496528,69728.8139298632,738.3010817262003,22302.21376237155,0.4966193757324938,11.639466414610634,0
34.48319756188989,51472.80404090513,684.740902343617,4858.17497115683,0.478089920149821,5.6286614115944,0
36.8336835741454,46781.128353224856,674.5717643115378,14311.569608934493,0.1864353009560924,6.209996504944988,0
35.55004997284084,58702.81473005481,594.7790648763198,40355.96417365717,0.3423335663221816,9.581529415044104,0
27.837289774178608,55150.88489167672,684.5214388913621,28895.018138313313,0.35489074423779543,3.5055190760408292,0
35.51676893277418,80944.78098970468,590.0590389185733,29707.160470147894,0.3258279595149136,10.610338849373349,0
46.926889116345144,46305.413792627834,723.3552468969831,8260.269161133665,0.41254732026495067,14.610541463698905,0
54.25942027497551,40796.86524958955,703.7498969950599,8724.035509289693,0.4984215108780675,13.887110350022603,0
54.58338336752493,45906.17215118357,639.1529430177119,24462.996496399734,0.4201646285715708,14.270802895088602,0
34.26639270742872,28658.377944745254,697.8548912401448,18442.554862509925,0.24536008954607935,6.3265940572512545,0
38.82752322870441,77409.30754026292,717.2274483145394,21957.191636041138,0.2792887825487389,10.486281549357646,0
31.40628683082124,52926.629625246045,686.1885616299178,27373.10710264925,0.23397014210501532,8.471257485984752,0
50.300024885667106,69906.72519517873,717.1911850080957,35326.673389213815,0.23274420288613856,4.973162717686883,0
23.51847081392397,38481.10061686739,643.4017591306559,25105.77824120782,0.33549300961129747,8.884496684940242,0
26.36723442954863,58838.58595696185,682.2339710476944,37131.985587349605,0.32557027626431745,0.0,0
33.64153301416291,58092.2290621177,800.3309902020995,17805.32662298737,0.33958074746986566,6.651489186927368,0
42.51473444471202,46443.08646748777,694.0482082803888,7762.395631984113,0.3004888187746035,3.105889122187505,0
36.78852019946706,31734.400064025383,773.7925340076599,21863.04473521206,0.2300195742870903,6.910096955981555,0
40.330639057294604,59166.19270519427,821.0729346748835,36651.715630876446,0.49816572519064806,1.5568748963722712,0
40.47534622165101,72929.17719597153,624.7453453711039,31647.977695663954,0.46508228488871456,10.65832712943476,0
42.33279727056042,52818.14087438911,781.2437001043056,34809.57983768668,0.40038396074648475,5.0566806098100505,0
29.655370188000514,50049.91916600474,574.4356084524072,15966.012937434325,0.2556681952917552,6.3972256103848295,1
36.60640229418728,61061.56130471874,763.8722040117763,15843.62192071115,0.5983504778439779,1.5902448849518045,0
45.776123357717125,31784.212415542002,637.4226954058273,16378.224575861455,0.46942062394153017,10.472282819621885,0
42.80229155715667,61394.13063221095,632.3641331540574,22652.024442284674,0.2434876720173682,6.7358042782206535,0
50.933066330173304,67481.71463727494,813.8135663328627,15919.607244099916,0.35092233536067086,14.918273698022338,0
32.53775724586711,46075.45048897936,686.7977830565605,9325.560286314807,0.4458879026835754,15.67779678504854,0
49.06261413418604,53503.94163804063,671.8873488679917,24009.73619724435,0.36649071929334953,10.83325098416695,0
54.666247402727144,41082.0803879774,572.5200250686316,21084.249669617173,0.3260309988266179,8.039476534587218,0
38.57409708170354,72381.83737814218,612.0812729251342,7180.225258908777,0.2887986223326151,9.74364117716382,0
42.659301443682516,69099.1565642893,681.9961215786674,26123.73153773776,0.3484146740944004,6.65930008014962,0
42.25189434299651,45056.40299865385,723.6935918148205,27652.76187412636,0.2464349810019003,5.074056160634671,0
45.35670589369819,64107.75752288873,786.4943669593781,5716.898128749992,0.40879419134418743,9.98617004667732,0
43.879211149003176,47882.723533379794,595.567929032351,11068.600643211717,0.28221236160642127,6.086256073951559,0
54.69487707806396,59539.80285335649,758.8712034822124,28326.296788486492,0.39365847935952525,4.589300413192025,0
45.13364935613181,76988.72503477913,608.6362264319491,18143.381171572615,0.31222761512072705,10.122998672593416,1
48.645017035225614,66538.09458077158,719.0841920066655,15496.093143882666,0.45965874641817145,13.805162640495016,0
43.315267305007076,60828.66058483152,584.6805744730837,28752.65245875488,0.3782212921168896,7.273951445632679,0
29.582297179787115,82744.50687082153,605.7337436881838,27396.56409577229,0.38570506534147786,1.0546282226910924,0
44.33360352104489,37093.75210060082,650.4983216255067,24376.923469210633,0.40616846362473674,0.0,0
37.70043977354112,71262.30926368572,768.9985844533876,10963.540302402973,0.35581380415423164,12.370205610808092,0
33.649125808528034,62484.1005985222,626.4278818243453,18886.19197773125,0.6122492679762874,16.243764790606907,0
31.056293561911076,69267.27744935239,645.2320419549854,4856.608606863909,0.3615879826690488,11.932295549652935,0
39.29602919425322,51447.28132671705,654.5749600234692,30881.62719665964,0.33227013130549576,3.5027105527583746,0
33.92535898067238,58228.87172005946,630.9668152868445,9098.169416239756,0.1685893033152818,9.719051165480911,1
60.39672265706625,57999.54271428181,683.9763655316872,34635.73599460704,0.37786411524510194,11.977975959851857,0
55.96771898021652,45899.36790609042,682.4187263565324,37842.77726487517,0.3390013439802346,8.666146524753021,0
37.33069704350255,50017.25528107969,681.7475547156033,23517.654224279817,0.5457035099864366,8.804344474170122,0
47.09157171873051,49780.12649511775,700.3202986585768,13888.545917650308,0.28263457186456703,6.062227772692388,0
51.56962497058231,66611.42384440238,658.6908950686238,20062.567446357596,0.29988978709642655,1.912013812901149,0
38.27160628104527,54009.19918089346,742.9025160745394,18427.090601912932,0.2619951020779153,6.117060406356336,0
58.482333679679016,95037.18731409361,648.9148125079804,25592.36440643622,0.33204973320235753,6.9839356996979225,0
49.22110368140561,32421.311206922706,794.894738821163,21086.719269694408,0.3283491216460475,3.991907761693237,0
38.98290886238851,47187.30736325677,633.6811797177281,23588.733531115056,0.34583204019110275,11.758288337380908,0
22.007008704486136,62552.63909009642,693.543164187357,26555.831560399925,0.37176777690505525,10.458200110220888,0
30.340447917675093,49150.779396457474,624.3423098092474,6406.51833558494,0.24414689890099162,0.031510253085438755,0
43.18692542780465,53450.79650511918,687.7317209004556,1275.2462699899843,0.4870250801726338,7.90095176704008,0
35.61736050979168,54094.91843304908,679.9366637229698,9502.962787673896,0.2897013679928009,16.466255038620233,0
39.792467384015765,54134.650657233804,712.0104540565015,1000.0,0.3187254413969279,6.67868995161434,0
32.12686458031688,42843.94140130573,682.585935732387,22712.532183140098,0.35238476736584634,0.0,1
42.46922731138757,53120.9590696011,694.9693794715266,9210.66418676134,0.4111433744027806,8.48673491655106,0
35.41697961995246,90608.74346938037,530.1525516741185,22125.161881565615,0.4370962947611778,0.0,0
24.47294125228249,37049.80767939794,678.7747571075506,12960.524766661818,0.31924470445469827,7.109355648654309,0
36.5835674870129,64595.951476734175,656.5436047293608,21563.320455734953,0.29042663139935854,0.0,0
34.27974112786906,77497.89301274248,732.2758682831351,15752.594876108811,0.33517195065002087,4.824929036568896,0
24.48342360808182,59464.56770110126,647.4172303662384,14889.704902084817,0.343752424703853,8.865055114033725,0
54.23177186325767,72130.81363030005,699.0711687345372,21900.629925813522,0.4447142437865109,4.400642922379564,0
39.2394903384497,45187.755320785116,726.5985528890743,20943.79884049206,0.23800527462790938,5.98555848022208,0
36.731339212844546,90960.15067119796,734.5844835106243,25976.72472174319,0.3896608339527664,0.12517601675455392,0
47.50374811492497,63775.71644657698,669.6660269027003,12705.706647592362,0.3841861083050031,1.831388511919343,0
39.17404761038324,67402.39831984993,666.7440367782567,30109.748386159095,0.3568127340218192,13.748563484192196,1
47.67293626487417,76580.47956482513,667.1145892157996,33277.937566047825,0.3891419212660607,17.174921458093124,0
25.19345380719733,64963.52486125568,640.5765861558565,28212.725553676893,0.34404134379562035,10.088183863144131,0
29.633441324381973,62457.07060549321,793.1460792222539,20729.885529391137,0.4921497952018188,5.252913224788586,0
45.45227590984845,72807.3499717341,523.5811528589093,23801.894418164862,0.33903857171400675,14.052063683993607,0
54.91897360895258,50647.661560065426,717.2006014098096,8791.137061747684,0.3079821600794195,2.4641061535158153,0
40.300115261716755,43615.92993361122,663.8299843018133,26763.54118542999,0.4488678111861787,4.087268348172088,0
42.16434264349267,59736.52460841262,756.4284370851342,23543.186070777836,0.36280444117240473,23.78563717307909,0
31.76556095806641,72514.99599621605,720.9582792204549,23197.523303445007,0.449046334689853,9.60603445307561,0
39.7006412316475,59554.56058432182,696.2767150317752,33360.57278174853,0.27902606115903494,13.405982696220601,0
32.910632863594245,78250.9354342626,676.4802209040334,12432.495257614877,0.46531572867389603,14.595412650891193,0
38.39761884210311,61656.98097234104,701.5951135572412,19944.836183155618,0.35142889445373793,5.371971057139169,0
47.22280123634716,51534.4849890271,798.7104610037591,4456.194625652026,0.10620813150090369,0.0,0
20.012360558266653,82029.71612382431,561.0917386062026,32234.897417631328,0.3532767656900559,9.015724726103448,0
42.130257263948565,79361.35901246367,646.8812885323896,14826.557356314284,0.2659068713179379,10.276086963859614,0
31.954584146465578,55215.48178845014,634.0890140548767,9845.554023327471,0.398399214537777,1.845870738027914,0
33.53417784618614,50627.89538219734,697.60969931458,18127.00513498448,0.295524861283911,9.025102776506907,0
51.38172769281077,67545.53832084991,689.8780321776705,9769.123521859818,0.3298033442349106,8.180759806584938,0
42.954396646586396,58165.5602886581,674.332085502288,32818.03698541059,0.3945685528852275,5.796802740321171,0
49.33629628208886,47660.95589030789,713.5511978822755,17519.053369508165,0.3434345952541597,10.789436735488886,0
22.362252842487095,62295.15024952635,648.9592924294958,13976.475162979561,0.3306093847480801,2.358632099906645,0
35.89783180728334,55316.88784094859,757.5704260350549,22585.709378016967,0.4006163585564265,9.182004218474491,0
35.46332875277,79944.13539223952,629.707879009405,38098.55139204183,0.6276354472342505,12.096707444081371,0
34.10570328748893,43758.22119747012,756.8309034406691,14239.8079778672,0.31958180838153727,6.113862396667072,0
44.40234504380224,69725.26903388635,647.2406462163631,15623.171348974036,0.32486306358843303,2.9913535882677484,0
48.959214811709536,66652.18102284893,731.1714596156603,21846.926383179063,0.3728564910214882,4.733819058110748,0
28.93221130118546,60282.075210816976,684.1011375638182,13660.75881569299,0.22594259176100603,10.034119726514243,0
30.373374356200053,52745.52504950697,683.2041005877096,9097.505056326845,0.2515572119500168,5.106871583141455,0
27.480425675926732,68439.7247540251,624.2394589553969,9107.604064123583,0.2310511040164827,14.357704641192914,0
51.476066746067715,92129.54084032598,763.1552171646151,23644.21075274024,0.3522613991899729,0.0,0
34.85265077931679,37200.126870765394,664.3686858426095,16061.248102136173,0.23735407122936286,13.670023802355264,0
38.98619218799284,70927.18442914626,719.659269204317,24723.842921477528,0.25096622664393414,13.118097386009062,0
36.677893205895806,61797.01294699357,778.1159531852622,11946.635681304298,0.29383001866558517,18.111479281253846,0
30.363434150989622,71893.19826129903,708.3774980108136,8490.235245947142,0.16982479518791352,8.207698087795777,0
43.73260973650445,41369.44760801112,777.1103533018681,18289.239654704452,0.35846126217212443,4.158475453930427,0
43.83026869757206,54632.164118663306,789.0684999260733,18419.121869808274,0.4774322017997802,5.754022883902834,0
49.413255845495385,63931.19139630068,801.2300205043725,16291.767121975501,0.3377869027327054,9.024287538909224,0
37.74579917641922,22569.481315402387,670.5202022676184,16877.242413414104,0.33924158460863263,12.084389972084773,1
37.029125787761124,71268.55827111135,706.1645203849368,17019.829192000583,0.3906865827239073,4.155479330035165,0
34.14478253222287,48776.278761415895,606.9299153221997,26197.355934087183,0.49643409986590004,14.582506211038908,0
54.881415667730764,60059.191191389866,678.422615462704,25097.105454016135,0.2659076834003936,9.165166845899645,1
50.07566985398126,46302.91274511897,681.5980845039229,21829.098923441867,0.5111418931917053,10.02684630558255,0
39.59614792116384,47373.161244685434,658.8308300769036,15326.15241306679,0.4294425219390097,10.392543679208835,0
46.4897360602005,54398.0292288459,728.9340750680601,18868.653420036233,0.5288976255246706,0.0,0
34.141562526263854,62100.18497118981,626.0599486612028,34408.51226035834,0.3439130550405884,5.561321203387383,0
60.544747619853084,58873.0938552526,678.1102016128339,30062.34096819786,0.4057781768261862,6.22172948947012,0
34.08433749733274,64289.01408670765,792.2578266131495,7540.64456083173,0.33700351720131266,8.236965405060667,0
36.20311044549753,65817.95619494682,711.3234351774498,8627.090387267626,0.3923441219511088,5.31968645205205,0
36.28968482105193,71135.39945481886,664.7703795002969,13312.535790908389,0.26486539223896716,13.179229793625302,0
57.01234965343076,62091.77329649302,739.4980491221613,18249.559042412784,0.3913947677499406,0.0,0
41.47602435986807,46808.45978712414,691.5101835673549,15310.234348030452,0.44259377039717307,0.4195703346529074,1
50.844185634328795,32926.99950165574,723.377173948863,23416.466455916678,0.42568137878388657,8.866805009630268,0
38.89903041681338,69440.55286118152,667.4432362703398,12819.12377078861,0.3609251914928487,8.500612501692176,0
27.870250288233642,64188.43214322191,656.0133647293935,17302.47125639687,0.44398262773943087,11.878277709333112,0
47.754801738720204,53968.43658449092,656.6936615831536,26832.36066367473,0.32860406476917386,7.301179475133449,0
33.7354345366995,63738.23559121001,634.5356976376631,31495.539625163387,0.37257345994336033,7.399757494844957,0
26.814774885954524,44094.22757868851,664.4468995644031,27772.643722469023,0.4242594446342499,3.4936088344575804,0
35.83924455839817,103362.12267544339,725.6434575912795,27430.02815989261,0.2777078515379146,4.087035061653264,0
46.31657100990874,97170.47107014299,684.6587293782992,19482.145160474953,0.30089904594183153,7.334875243750075,0
57.64285058812558,52438.23663517382,761.4869699669839,19001.56191050159,0.6263729255148889,13.490370980257396,0
26.125220655050654,57607.18352752866,552.3781830168062,23256.966021127144,0.4473767195716475,11.62509325258627,0
18.009420090312005,65874.95935105196,745.2518271863468,13135.366494294807,0.3873401601232705,0.0,0
49.301569973917,57860.73717448036,717.0411050787825,29708.841989524517,0.1906986434734642,14.504297022009398,0
43.00051258949338,58546.47251961543,602.0024642126909,18918.5510083558,0.4318854783163748,2.5428608911812365,0
34.36527089426513,69219.79824706855,751.8942216511675,23746.731556947852,0.37726356895256463,15.785347884168917,0
44.18361916633599,65803.50294105211,640.3551146639406,40768.6190517871,0.49509584256063766,5.253548132082322,0
47.29443073780987,84381.1646954102,721.2661286473318,13625.627352738986,0.3318380503574724,15.606058911378032,0
59.12068746537096,63246.31900416838,633.4425602584199,10540.242868966672,0.2727855529466735,6.7633551906364335,0
38.69658067717994,65684.97773321377,603.7666226243057,13813.664727308245,0.3131915807241737,11.13872901933541,0
52.79800171630642,50743.897854232615,596.3429682423122,19862.43048275173,0.2423750332498645,6.812562612316375,0
35.482440584049115,57765.94926377229,528.2974026695088,14393.506343427809,0.3406952412863912,10.35516505308545,0
34.90331259386253,51281.23499964928,700.046865963924,7342.112708788045,0.40901978578807635,4.075328536547699,0
44.237734301945046,74752.00101179889,730.6083111854837,9661.758230077874,0.2907625525538454,5.773909579097916,0
28.85032495804498,106777.19386173825,586.6512653915248,22363.317069770226,0.29392820414982573,2.4895564466077778,0
26.98040973984037,53472.82229979831,651.454299878814,15069.202446394382,0.13531685547541714,1.1120239754313612,0
49.631930971404216,42410.05439059569,744.7945905523311,19680.724033657174,0.35616136049900426,2.677611159477552,0
20.369249320514005,60871.463478910875,604.0761602660743,13825.56634229925,0.5093678157717133,10.476894836481206,0
41.13348255173291,39701.20687765737,655.4640119977355,18874.274425965086,0.37723418083371896,13.498399952805086,0
36.752577359590326,39413.72198729141,757.1124659924985,23121.137137531827,0.40622918798745994,2.0705998976785676,0
36.26979807684944,56787.14096337729,692.1865901958481,11657.860753757497,0.23250030536310268,13.177682667483367,0
26.676947064835716,69354.76841950009,636.3603859468664,7872.009362550843,0.1353751267376887,1.0637190070500528,0
19.6409756499301,65272.76116650495,580.8244519419735,26306.575281861475,0.28167945864191113,5.640020918257257,0
33.39091523939927,55594.56809561049,746.9013941435459,15609.554224603264,0.3774765616399662,5.552009550705929,0
28.347819979699636,80045.88545516247,766.1821908082027,32597.328930396932,0.20457652112889124,10.72560488509108,0
35.74580975195039,59878.03329820533,579.1916207759358,22151.182898786217,0.49751077100083385,13.431102498586178,0
40.8803609612488,53340.1730326918,788.7921911339101,20918.999726427563,0.37461630680022706,8.386694443494047,0
32.58239768497461,64575.468769589635,684.4495974139123,15214.041428802506,0.3918333241551572,5.335905101304036,0
29.27474698009042,28691.42274941145,770.147065669675,14241.540866919911,0.4967415819057525,5.59360881325561,0
42.90041364355505,63036.93342010347,702.6924172481705,19563.46885404667,0.4918233828834814,4.714732369868425,0
32.381653094215515,75510.68116030074,656.8913569022632,17987.106761721625,0.5085312793842975,8.60019756814237,0
30.404681771050647,70041.55233649234,713.8773261939665,21158.04696182534,0.2766000034513795,3.970577651084028,0
37.008467291391504,50783.863451694575,651.2817520632956,16907.116962335833,0.35644667677492536,9.22462172285927,0
42.854914361618235,35196.25604125959,627.4819777265548,27372.15355899786,0.45354266360165285,9.236992622254814,0
61.087484299986265,64616.193515866355,603.7263109195575,24552.363005297266,0.3965628605692308,5.719154177863282,0
56.13561551092286,66685.57278451338,651.3779032404194,34960.72685433801,0.2556985838563142,7.685745251208608,0
27.366190589335524,74933.73200179327,797.0884334111184,31152.035201510476,0.3021444805194985,7.6315864485250655,0
26.757507828196818,45652.233221159855,747.6920370258581,17548.563132808045,0.39009564589740975,11.270965672347208,0
40.647173721875525,60862.23896557466,603.6957017978898,21337.883591858594,0.25929754643941927,9.428900427687456,0
45.56998940172499,53558.460730002866,552.7310840476221,10979.070742815378,0.43778101603597247,3.4428418545732367,0
38.68294437425709,68169.6369525713,698.2943376036858,13570.898917773744,0.31883584810946985,7.760919864174691,0
61.72332796255425,74422.16461667708,749.8020242228048,12914.266972445786,0.350586722894793,9.665674057748811,0
51.77070220220244,29167.85752662815,694.9624302521024,32509.224512197703,0.3601061036752827,1.4312802429513942,0
56.40057367649072,41916.29011494031,746.182525598753,20599.914514088734,0.37668644094307424,6.409673178459025,0
35.82129382218094,54907.29833252735,670.049790116281,14507.167515874287,0.4437635730621973,0.0,0
31.03120413583882,67326.08970940586,673.8642177252617,31992.89004608804,0.21100759781469994,11.663610492045933,0
29.2971170840392,44359.31387745384,727.939857028351,18388.662741941658,0.303441521590461,19.71003930721392,0
38.86218435686251,55349.04442385863,652.0175488045578,33864.80502863674,0.572609861386245,6.519504243773566,1
27.416500827170164,45292.74394483686,703.7501184811506,27062.757581241356,0.2361462908370556,14.17240792821729,0
33.66207946303314,67817.49434625982,583.9270882627752,19830.217834198396,0.5409973514878101,10.461533932332955,0
35.69230260607732,47827.658632141625,740.9210823111385,12791.209560952018,0.41428281659096367,10.248304998127622,0
49.44284729199289,43689.9791250418,657.7851671863583,7763.755556107293,0.4316791126438906,12.937312945651637,0
35.27124440970447,69637.42708835915,606.8302371194536,23607.46217233786,0.4553615751060669,3.396427676095331,0
25.929358895024777,71355.31675486943,683.5197125192323,28236.494548207596,0.11271116036852874,9.644626819001804,0
35.52526727270363,68439.37695843172,654.5120234143492,12633.425865730249,0.32276069799556906,11.443448265314402,0
41.885829123777064,48733.46910555467,664.3302125597031,18546.662245829975,0.35895182303765105,8.661513601272247,0
45.60918058413347,37509.34725828933,774.1947554428472,25264.982486067755,0.28232704811848197,13.0938680302045,0
30.78340945486206,44998.66456590711,610.9874757900631,19289.81268084964,0.22467786760856065,8.717174374640905,0
46.47375115851406,63925.342375582884,717.6722462961822,7250.1661288516425,0.19142577868352822,9.630586195237193,0
53.86825593941044,39293.07157695797,633.604713685547,36123.07072254339,0.21661255428658024,6.672262051964751,0
44.89516618141787,73801.17898954093,694.4630965721092,30702.70707910091,0.4023608644904501,6.2987292929571534,0
42.387958575229504,60271.48815693161,746.7352907235536,7760.443378239406,0.47838710509703236,14.117894361475347,0
35.51888193906485,82138.03679484356,682.1115348566113,16002.741345238474,0.3972822407340879,12.619209789182133,0
33.892049971515874,65597.97838754645,644.0477919186776,22029.18329686564,0.4743526771554367,1.4031437342276156,0
19.700549308147117,79427.74767388575,755.7504405938181,19564.19004109729,0.1416344234620484,5.798197978201536,0
46.07946586089135,64916.27021312245,704.9628717580899,18840.88248767949,0.3827320584304854,3.073523844959139,0
36.4589111644031,58779.04681922129,784.7335713114029,22926.461320053444,0.2935178693639147,6.4588942252460395,0
41.52581490121495,62015.82360271401,697.6471415785384,20870.019857785344,0.370814965056754,9.326672568016194,0
45.01274849040839,86078.76976653752,698.4103475081357,15650.185273217816,0.2743526916015993,10.573062619172205,0
32.13597229304638,64565.32502877853,756.8193503726989,25795.128154617534,0.2933789831187162,17.587132241824953,0
50.1699568567257,62459.47482202813,735.5467209031802,26969.206005932105,0.29403806927706544,19.728379315132095,0
41.13110581874029,46504.46372067565,689.0699748320254,40960.44530023587,0.33880921910141293,0.0,0
54.96995247661273,51141.57253938217,652.8427351920127,18838.44043497495,0.4327167375424099,6.0965133335648805,0
41.68937667856272,42056.93065628478,682.9288526200869,6676.032288710729,0.1939456758701344,11.309729368573333,1
43.186246953200026,83972.99393363102,751.629854543268,32722.29990087921,0.2786873182047282,9.210215662323911,0
37.26622861604381,54598.97315781844,632.63023968203,7512.314088403231,0.3320687849649469,4.444946123251154,0
54.76413992844696,39062.061197399154,702.1952967855648,12412.134600227382,0.24909477660977924,3.0344496495485735,0
18.965072181981732,50014.55446687235,710.192385491578,17399.917522112664,0.41359875005955793,11.08064187396235,0
34.67168038879447,73552.77322006838,626.8094785226173,22761.987408567322,0.30794050457893807,9.672773348523249,0
36.94946006051955,48269.91765091402,750.0355496043126,12470.525758779455,0.25974943596226663,10.818993602972707,0
24.695792648947172,55688.37103704958,633.1308144806568,13130.85908035186,0.3957843805721542,11.4932173897488,0
32.05297348241093,64405.79404917915,743.6940272779307,15866.158402196277,0.3441059781467891,9.195095539946575,0
18.278772895349856,61143.414107800236,761.2122239943862,33287.45544683708,0.2434312925773172,9.726766484361006,0
41.90387237274636,66836.98364648255,686.0602115595195,26873.21708886957,0.19230128008210012,10.86111531803764,0
25.947724559237304,26933.816511432648,643.5256285819822,26000.933086571436,0.48128474887218103,0.2771791939702277,0
43.6986047372036,56838.7661616192,715.7666091302133,28555.45680071863,0.5282572632749256,13.835249101747625,0
37.38218304038685,42995.02283936873,744.3944713162359,23457.174195457246,0.4055602011118023,7.452244369405355,0
31.67286487215213,83439.77753467577,711.7572567975029,17457.278428731956,0.41897995575966107,1.9077110396109678,0
24.46217390002849,90131.91602999812,596.9766141090304,13011.369575655604,0.4530537604577044,8.873323562738445,0
33.171521555482606,42685.569365603886,558.8754075167019,22146.999165812776,0.24363818653925257,13.121292519201207,0
43.10623820215471,40249.603300870425,792.2781372259483,11752.388832016499,0.3475740170008974,7.889364447681739,0
38.745528061334284,31871.858389955065,617.7355379026887,11457.13877953912,0.41273712625078923,10.188539410198732,0
46.662437992860966,27462.3755815151,608.5910616571978,31596.984158961157,0.4330518624922217,5.779332973083321,0
32.116697314775124,74493.21537947567,594.705959096198,21361.05029452643,0.3637103481496789,13.749093133203083,0
56.05993521565478,55909.99499697429,662.634809897148,14751.900963090258,0.4457292996547068,0.4806208944570276,1
37.62046583635472,79821.85411318939,616.7186011479772,20543.726154347536,0.11830606037469096,4.7298430020001,0
31.54804570935758,66282.26693305965,584.8947294009299,24372.413511282473,0.34043608811284565,6.300644616313196,0
53.10159231391461,61068.750657483724,695.7227257632051,1000.0,0.42245237084089526,11.04870552842722,0
53.57566477962965,41971.63140711696,651.0924870630454,14199.347515073943,0.343325166157219,11.689292892490524,0
39.098306829105674,20389.541143808507,699.5433407146696,29333.58815266876,0.2748809699210034,4.368269616433809,0
35.15697883333486,44148.96163664546,595.6441111425938,18094.83504291288,0.43054566994199694,7.265586948027472,0
49.10074638935635,45183.802859516145,716.290416095113,9937.820013867713,0.33302753855987205,6.956033578077543,0
31.058630318366063,63918.88881190354,726.4204986121471,12357.55077765324,0.34587697640169984,8.721042825862538,0
49.35191541792802,57105.74915381279,708.615695347323,27610.313310059384,0.292923892502422,2.9820517592204343,0
26.12819480039211,84285.57353423646,662.4171935839292,27488.298895080974,0.41300867196967844,7.924741702377937,0
39.16606727096626,42675.20655079531,650.6919073207986,21847.68079720053,0.40066093258472435,5.240504285842569,0
40.11755507193217,63591.47959668315,727.7211069653863,12287.16018385578,0.2798151157945765,9.192510629254054,0
52.08099461140549,58240.095676367884,657.3082664871322,32417.50528744494,0.38667565372169344,0.8543028593587714,0
21.707803662501032,50862.16114517611,549.6308873459711,36464.39762941201,0.27198142615679033,8.771445731920469,0
42.344367219678766,68530.79762535013,649.8784725251,27859.957154239244,0.2623364791391965,0.24760693412366575,0
38.792895332239866,65466.55469285054,724.6956750876292,25529.020098660527,0.23481566895331074,2.81819207260955,0
40.02908287158088,61341.45100805844,577.0725753364218,1000.0,0.4704219229472784,5.210433738953192,0
31.158944541982052,46730.763121161726,641.7472106494423,18779.122608384885,0.25288910617385263,10.457003089352481,0
26.98105169509394,39356.94052556096,680.0481718525386,20616.797401445292,0.2374090225992509,6.790542977611391,0
35.36862938249328,68281.54575997393,748.6045837945974,14504.41201857532,0.1604854943867059,8.868664947777535,0
37.58336215329738,42311.85440468065,675.8783654816825,17132.193936989188,0.2468680117031936,9.330857482771755,0
54.75183478308824,55431.113665267825,600.1781545047485,20533.630472638597,0.37980515786710034,9.355889553221548,0
41.113816435314504,71337.39793865955,590.2988440721087,21855.528349936816,0.31939246906906815,6.157742007062767,0
39.95723745329236,54834.01762529539,684.5469837006109,25195.871919918187,0.20261215982134365,4.377425926631664,0
46.98346292614392,47261.61807121606,716.499477232956,7653.440485796271,0.35663028388660273,5.302557128378859,0
23.881453590922096,80921.01980583015,675.3038302153285,37349.288169559106,0.3081451928233847,0.0,0
47.22566447151027,71289.30355981708,674.6101230932794,10405.777311542906,0.424864628544896,10.45223625611172,0
49.153761413074754,49320.73042126812,786.6800432196508,2119.2939712488733,0.3446556112076299,4.700039749457588,0
49.071438675546176,62684.48031996774,661.6518825221569,16637.36879431301,0.3817283232962285,12.536097865464026,0
36.67005937720022,72861.4137618166,771.032803934664,29282.024218225786,0.43860355721822103,0.0,0
27.647500040696492,62342.09877545805,686.7986288822425,8092.028808169613,0.530550383022879,9.606794104871277,0
30.150714944053988,72678.79752242811,628.6186967734,17565.51534871211,0.3312201899138864,9.649377311360308,0
42.47453868946718,33455.07988466608,744.4262107024213,24183.961464247644,0.3930462712334263,1.3085870293252784,0
45.36764845237301,60608.75221391286,605.1371631567137,28851.872672780744,0.4093707633173101,8.582004937470337,0
52.76549775514097,42799.17657726021,666.1431043147718,24525.16630106049,0.2950258917156146,2.1805700369057055,0
55.21434045014499,57239.047211424695,641.2370937923415,6262.838520130144,0.1662470002038136,15.020532281846425,0
48.7124828088928,59817.6598980196,672.8948467259528,25835.776001209833,0.26465707402567684,15.73967883273896,0
40.339287983914026,48946.61413545674,583.2026198410222,16792.380196650665,0.20794667205877435,13.905897742611938,0
42.649199567102016,53372.28321016954,685.2533511827168,8215.465236426866,0.44998308305933593,5.803687948640228,0
37.646876302452185,40254.57678534145,638.7825471373715,23609.284339543025,0.3908885410602295,4.367193420120154,0
50.54868452171489,47333.07593984353,697.4389779384885,45823.48896283156,0.45763397848926,2.448230996918639,0
45.94271549336138,83200.51396075518,685.1464621248659,30964.9266678285,0.14080747339655897,5.715958042931895,0
42.15859672360606,57533.11480865146,788.2963199206439,16768.370122671695,0.24677213426162634,1.571568421548264,0
27.44399461960132,51393.70517772528,738.7017825711221,26100.964185868816,0.4021621140732849,8.593591141540509,0
50.466613849577996,61938.9121879585,609.3707260783885,20843.86442753452,0.5787074628342836,13.984513020279527,0
24.731136343762866,62144.864930071955,707.7583831808712,30772.906512985952,0.3911936414003967,7.113095196301977,0
52.31782187380542,76199.76434604399,662.7320197462885,14799.021317205283,0.2995836626428602,6.5970644067657,0
49.84629503976735,61126.61015591688,670.508937675828,28743.795088613697,0.4664091097975745,7.042744341571379,0
24.129311799137767,34150.87526826766,727.306230385083,28878.325009692933,0.1620567690240803,8.968010294508995,0
39.515356639571294,72630.46111299506,811.5790472629355,11607.854522127936,0.4287349465863034,1.1438016499967745,0
27.58605740071294,43643.41301389322,690.8361006426179,30334.948873150654,0.5483586518849541,9.160201304548687,0
38.553806801272316,79754.41709638515,742.9421010271777,20311.518354587806,0.3013152106218444,0.8016917372137726,0
45.55169973519098,67142.50643360164,644.8088037385619,17073.781325738375,0.6181643452628576,1.356949455227305,0
38.63361900293222,51546.13839304592,575.8218235169704,21434.530854818968,0.3015190908143164,16.039859448211438,0
26.361319753795645,59773.62650726613,769.7123321207628,21302.498563535544,0.37431845429433624,0.5737522465600815,0
42.60827277189271,50573.863570250935,741.4311205308205,23513.951137313117,0.5230946102461924,0.35336529460363053,0
42.594877065664214,69406.56101660477,649.104114407372,8996.225052904585,0.27712028360239616,7.9073405848459855,0
39.727651894395045,63476.79884696612,667.1630671122928,15705.705389307735,0.37326849744624924,6.3473426406343885,0
29.548610252071896,37174.09673396204,696.3619657056161,27524.64037072123,0.3743102871915626,3.6118281921183195,0
36.50218337968704,65862.00721028597,551.7850269763647,1000.0,0.21658221614116158,1.9082784258940766,0
42.685271684183746,56164.56127957764,629.4649327110009,28879.537649923463,0.28180104879012935,5.531202237482386,0
38.44950178698336,63236.41443380356,628.9860739837463,19318.190918658933,0.409312316954473,2.394494510906945,0
61.126221193063365,65442.537142823465,728.0527830682973,9246.0318196522,0.5396455504044908,5.908868811022053,0
42.560794374519645,72226.24804401012,775.0903517709288,24721.047893190185,0.43658153153435786,0.0,0
37.9323866594163,27875.05232978624,683.8105141389018,32039.283906587043,0.3772739480724505,2.8869456190059912,0
44.82597951524158,63346.5732536728,614.8930666796743,8511.781110036716,0.5786730048227484,4.328223847867797,0
28.945676467722713,43889.56361409795,649.5786118501658,11494.260754594967,0.4316493419079535,5.827837476239533,0
44.20755199853076,87144.8542203292,670.5870351279443,27036.4314557969,0.2935777236657967,0.0,0
56.167942275234324,84589.00242262383,810.0210754036023,26770.55907095009,0.34947581640229264,22.219572187744642,0
31.162286814266572,60973.33455778406,715.6482672943156,18724.42716026179,0.284714608139634,15.969823727726496,0
42.988350190684365,72356.9265734732,715.885832049072,10542.871697693978,0.5075371412430534,11.926935193278727,0
47.67113096444822,64135.101054241866,701.5530969722988,20074.384262284075,0.37040436060441545,0.0,0
23.066512919278956,36314.03806312216,693.926095885215,22176.803156268514,0.3180466510940435,9.136633175328518,0
56.388889307188656,67978.22302636708,681.3441795614858,36379.835970345455,0.5349700939643967,12.833127135863407,0
29.550018109317865,71819.94519931365,571.0968331957009,13911.658238248474,0.3747828783829261,0.34978472410190165,0
36.649459423634326,61716.56365923521,675.488661252514,15549.334443770182,0.5032058843946899,14.39486990501512,0
43.80672177638117,47596.120721798085,665.6059752986804,18302.7552715625,0.2802391129920186,8.393073666937457,0
37.67397115919003,74409.98336193265,754.337984613074,12832.948251212427,0.3559333667667566,5.1754965468619325,0
48.02936667116462,109478.10784921178,678.7578287097998,30237.5309794014,0.34851819858633837,9.249278225962591,0
41.509254169753575,43961.952981143004,640.5052214871062,9431.92775505113,0.2894336706361509,8.585597314515235,0
45.69751291004669,61433.959342631846,680.6396849492326,19559.475226618404,0.34430182923618613,10.848130381486603,0
40.749734237033664,46776.021263462135,603.5121104583724,26439.206277428297,0.2124220523041878,5.738274333948645,0
54.72001614567861,45277.52892547374,808.9868478723608,15252.595112477667,0.332189561204714,4.124490983663671,0
19.84501991006807,41974.01600792673,644.4497074230904,34080.493055127175,0.14438079359853037,1.4074078541102137,0
43.64094246613738,57204.42112206022,663.0863107100921,13781.762767322209,0.4575837291753951,8.732447186894024,0
36.99384872199258,36342.79475119747,688.6510998336078,11713.470345212563,0.5109694219822027,16.163006232113,0
30.40967383019285,92148.42688475829,634.846260292921,10063.44057558096,0.21135282120076263,0.6794269968778206,0
31.883899894271597,56505.22147376869,592.8074602425104,13922.208827198054,0.37381919356356363,8.309179773429902,0
34.280200218205444,64747.923475761,755.5024001975064,39497.88895141686,0.3016513207616804,17.92654961974662,0
45.784105367328024,59747.67360054744,761.7201417384974,23339.18894630009,0.3933816018983801,5.4698855700975315,0
31.03869563753516,40810.19187227091,556.4988479421911,40579.76404912236,0.3350562462868577,2.345753170971319,0
38.36816423638582,21964.514257594878,539.6113582569659,25791.379026667448,0.2907925442155748,8.94373568280502,1
42.752488701157915,66741.2923850124,679.2963556084995,35535.878075908506,0.25110247416998294,9.955254031384989,0
28.442083489007107,63264.581962906406,729.1439614648964,9673.141290468437,0.3080644826174184,8.9360889147778,0
51.12348652586641,36370.647805178305,690.03983410178,8615.561985182756,0.43442330030060633,12.359772203289616,0
64.21589303937631,54413.26360930541,710.7945106640843,22913.819408969735,0.33322611315894746,9.272810355901917,0
33.259826927935194,69313.20122976336,735.0269373912882,20564.709830507407,0.41446387757302794,5.300662870205522,0
49.19447184418216,58060.39723477766,658.3705314887676,12032.399092093086,0.36314128619368546,0.0,0
36.90320519580284,70943.4330159724,613.5870273677008,13472.442498693876,0.3756976606466643,5.13991827254141,0
45.33367456426957,77935.66953078113,842.4275340181108,18723.71565488077,0.23728340962985428,18.823346581311373,0
38.18294804513719,43387.53457111542,654.1174559786355,14048.576052694592,0.37582257225831195,5.403976788715729,0
62.086616299811084,63744.91447134455,637.049333132426,19901.82626945943,0.32546607086495155,15.413475873072567,0
36.75668184383166,38705.79404236264,752.2799927269219,15162.257610092354,0.42340101001092306,5.155311889164096,0
47.939304091428134,99525.27971067939,790.8591940100087,22547.984248007746,0.32842419218354624,12.418251320950706,0
46.07366152617693,57527.27578714358,719.4205934741731,23411.570092184702,0.43159046867493167,7.353507118747782,0
29.160398631153534,67475.69782405048,723.3359084078745,12062.715891664902,0.42424752074617683,4.831001424461835,0
18.39730586950699,73610.92490078931,807.3960634903409,22545.17250310248,0.3342329815894184,18.911086182251353,0
45.79087215750036,54710.092974071886,752.0576779290307,17627.081642581223,0.22067784434321497,6.395584371309157,0
48.44518439576882,69167.6381076732,711.1654075148004,2655.187487897918,0.27786349265130456,7.943891332677873,0
34.632945817927286,48927.44724736463,647.0386495628363,10891.98743231622,0.40404504557322124,8.22557807335541,0
33.666253324623455,51123.004527198565,619.1281135365417,5702.823617296561,0.31533745880676606,5.333985216215959,0
49.76803255562137,43787.56765355615,621.4821262506473,24762.798005738216,0.38904576618688747,8.703849044401235,1
48.528334249127994,53775.62370122236,674.6848598369744,20887.33383019142,0.18228845221728582,6.252585620682254,0
49.5587664736448,48614.22296579462,607.1623541805702,38420.45652102495,0.2851362462513033,5.824732004453735,0
42.6140203554022,51363.905341353704,641.370183973606,28792.696794071268,0.48458474155444464,7.885574188539528,0
32.11723538877707,52000.143616599,801.1421226961157,12913.300515276407,0.4645996407811352,5.0307524528484695,0
27.820266203054004,50539.77364773437,644.3902868194252,15298.162350615186,0.25443990299851194,13.194504613002326,0
20.06863454267725,61487.33804836195,682.715855553479,18751.736801696195,0.37137897268217235,11.988965485394292,0
39.42318242095662,46389.9139963625,738.9814786754262,19823.590749493334,0.28813480895470345,12.719060100619295,0
59.19168758793532,53153.316741696195,741.8253643411538,6953.953573219598,0.2567543413508893,11.776978814363616,0
44.77894556038335,75009.31598323247,695.1579783174196,2122.149434551291,0.3413613034267447,15.89834744510026,0
39.20259756460208,63891.53752521053,608.6548541616986,24493.561888181313,0.4787270296301569,16.645266066271674,0
24.792537833670966,68730.17651492014,696.076891341689,26152.72950473943,0.4130401317922806,12.944483504534784,0
33.32069933429092,74039.21063489691,751.8085406688613,1000.0,0.30092517703866006,0.0,0
40.04938775623546,71366.50470603725,723.0387597994768,27145.320114338134,0.22933448967524123,13.680805280196767,0
37.777805243219944,43340.64805776891,746.7317656227563,24100.20558337019,0.4502713774657177,5.874608406817402,0
49.083396901692495,41294.698856140036,770.9983564074114,18031.577684486892,0.37824102084607764,3.3683598966071555,0
38.413932301063525,46377.74132621502,677.9694313201587,24170.6522672415,0.3022041229509811,3.5156967777502883,0
46.95305995239355,58832.27869047545,607.7628994656654,27136.255260891092,0.5026120528744568,10.50376237922212,0
38.85781739868624,51282.74614631404,578.3156410701151,26775.6215051043,0.32825079154087267,7.346006164095267,0
38.10232833556283,56818.709515337505,669.016535590606,15998.964009248368,0.21280275324184797,9.81051865965863,0
52.5913352959976,77380.03975188981,612.4120544536228,16255.8406492671,0.21302666654555352,0.1806170954087758,0
32.480225657890585,40996.5540647546,692.8623689514636,18697.932942008487,0.392949657321495,0.17733296697374623,0
37.16947132078545,62923.92787340965,822.0457048530118,23042.504051060863,0.2848656291336267,15.15370083616611,0
27.07262597375493,54074.04563496435,750.3887303389475,15002.739479860615,0.2719217059944686,5.686012504424578,0
40.96739354596737,40209.49978765721,703.2093152069694,18858.226989401996,0.3653552447956977,8.856683267328712,0
50.695010010337896,68428.95831534213,704.788326167002,22380.471944068588,0.28919944116531093,15.233773544556458,0
46.81401910133606,59442.05162136891,691.6076372988418,28052.82686096904,0.4574373800822884,0.0,0
47.34011809918908,36582.299160134804,652.7038003082376,22208.09813034973,0.32888200640291226,5.895396736706232,0
50.53042376022674,62772.71594744402,632.5807595374831,27335.424205847477,0.32100345707669253,7.217731236120255,0
46.25218186967309,69339.67060373243,662.7422512786281,23601.780849633087,0.1820723674810627,4.159503095005395,0
47.582594321492,61009.30541962717,691.2941116662873,14851.769172486114,0.5130555653463085,2.95688029160101,0
44.03724077077616,39913.9053170797,815.3024164588006,17888.918509053052,0.38369793135053604,12.222441753784498,0
30.246114546288574,75253.44210045238,729.1856329664492,20273.12303632852,0.3998075284303782,6.7279983248890405,0
45.260950996672285,56244.07910388234,673.8439340102566,22063.88057812115,0.4026420712719214,10.849005713271183,0
49.45886374824104,57065.52851410436,759.6825182332242,27083.55809206403,0.3834451927298255,22.816779290061454,0
31.08090344781291,55889.008585243726,724.5718216527143,6923.80350806155,0.4910399349454962,12.228368415019103,0
42.35989981032198,64506.7864227299,794.1940679634799,23127.93629001555,0.11812444322464999,0.0,0
50.82813071571114,79761.18596657447,606.5105812693163,6303.919059109188,0.3538136042097318,9.400449798052826,0
36.26523544611421,53008.00970097742,726.2501949192433,20411.768190738836,0.43117646829821,6.790241329133856,0
26.78893426344131,77837.27224202591,772.4494716022821,12372.833260672505,0.3582303960940792,7.103340576497498,0
40.61533971862959,54851.042204253936,656.1046746836558,13128.809187345985,0.4846495871323142,0.0,0
55.93685559521686,36766.80701216792,677.3302048374148,18747.026651592318,0.3330037310954777,2.604276913001458,0
30.870545807228392,74193.44740030063,808.8378434915835,24498.71415607034,0.5273752205124367,1.5813558442494742,0
38.946099295944165,39652.160724652334,597.7385512391679,17592.77152332467,0.3359253928615671,10.475093694530106,0
32.48969052821653,63707.041970459744,647.592176832811,7312.98884178994,0.37629883013232873,16.900898879885034,0
36.41032705942953,69000.11530198826,557.4320011041018,13342.588481493112,0.16299202905921403,13.229067271621258,0
42.34771281050907,55192.12611759,693.6982702554832,13720.735646434097,0.40918774242589406,7.655926601591661,0
54.76813608626184,85541.78173586442,676.6203864297585,23642.227316062254,0.4354899218994853,1.6580099061033922,0
32.83355974031642,77803.1088398758,683.8195130314608,12109.92216036911,0.36739392249828096,1.212149657726755,0
32.91345005771672,73626.9209982711,599.8521452625974,13854.113562461713,0.3788926362408522,5.16798118768327,0
31.27497559611904,63617.042782425684,688.5390250671932,24303.098218736624,0.5228489850008486,2.850585676906663,0
29.06209554512178,55843.57238151531,681.5092917073338,26073.103676712602,0.35792214995079663,13.578149274038179,0
24.652999397878816,61435.547795850376,675.8545208373592,19546.373562146244,0.34806007156069413,8.983734458695093,0
31.48737800989472,62331.06936804712,695.2078096647518,12406.075479948755,0.4380879135738828,7.334227823523434,0
38.941867305233885,44201.327760787965,686.8796669534778,38034.35399131836,0.4288080804231358,13.629352562586899,0
40.408653865284045,64095.76480847332,642.435772136644,10410.290692486686,0.3611101209941782,15.372076814915399,0
51.724491875207434,64806.516586713624,657.150537734753,23359.99726054285,0.22676065175260335,5.88814341279001,0
31.78399515427205,72751.18717659981,588.0850789076551,23565.231252398175,0.23880864721634448,11.94600972814374,0
32.20061876007758,67343.86586728488,698.335763025545,14332.72794878911,0.3975637053630148,12.666602419541013,0
32.43162759477143,94308.66698597404,725.9209990272319,6905.070106212528,0.40971778870677245,10.482149204299363,0
41.95745919054805,48325.01854117275,670.7303558398459,8764.170056262912,0.23482423790388213,4.9025752212656,0
38.415275833399896,36652.30749837629,689.4955328747294,19477.63518188751,0.4742375322297464,8.570182449486698,0
47.77208795111221,65030.801586540496,670.538085153189,25735.841547563108,0.1255513258949411,17.1388545405755,0
32.10859193183933,68002.15542134261,681.8211903156625,9786.023241535073,0.1434878464213968,13.857153074219212,0
49.132588525940285,55246.441480769194,595.3319230663989,17510.90977570733,0.12785278351236046,10.293276750745889,0
49.425131430139395,57069.34692255477,745.7550485152303,9909.74369230215,0.38216053120697036,6.045121572421834,0
37.37532297931725,81237.55099260237,550.9805279617246,14211.07669581779,0.38297787927321314,7.421685533966658,0
33.77462546390974,69091.28658038576,625.5445126113824,20383.54836587727,0.37192003460763956,10.654086083736436,0
41.8116908947882,59460.7162102999,747.2638585708117,18190.69662065974,0.3457831614056808,11.303107560259555,0
32.084662345204165,73691.94917075873,738.6271843303998,30108.002797189612,0.337735301524155,8.997316404771965,0
59.922047356774584,51847.19227354051,671.8138304274196,24696.612794539175,0.40739731870269924,4.966333028981407,0
41.40887303111172,56140.119524794995,820.0257748360041,8577.788507054987,0.45168153541878364,9.044883016941379,0
47.92440768563715,40759.09396672575,626.2692493316201,24636.78613001597,0.4430542675675491,13.16712877552164,1
27.328926994977977,53621.666196072525,707.071075446782,17333.60304175905,0.41670272082704024,12.953853563577427,0
22.492424152098394,35613.071341708404,656.7711045405621,34040.32631063314,0.22982724925033793,8.68560394950339,0
46.87266205183654,59861.81148615969,648.6321092850917,14810.420406042693,0.3254286114084911,9.462708054723436,0
45.15886718955917,66163.69743075952,705.5086345327661,20802.785627559046,0.21517463817876822,10.072326014007707,0
32.39395243086777,41304.81882659151,744.9271311962913,18166.095459797718,0.35405450017497586,8.194050218836619,0
34.332243501973466,24637.151943955607,671.5873313407984,29808.92925099604,0.48319799214591996,7.3275846167929695,0
33.200561992235464,54211.02800568087,624.6791151433476,36826.85960285996,0.2958366667366714,17.23439591608257,0
42.278269148606135,69145.86139368017,774.1672696489377,13206.805961662356,0.33463715717263876,3.8150361930919923,0
49.23852128005498,58342.79086630838,652.9879751639959,15396.426423563276,0.3241885614985788,8.477331936238754,0
24.551397900592235,41109.62278461086,616.7295443410991,20178.584066276653,0.20410111218678342,10.307629129850321,0
44.787451311669464,67047.46940338302,657.687221659986,27914.537811142243,0.4324726034034869,18.91160147291171,0
31.258322791285586,46368.13699859352,704.8116804742805,27784.118629227378,0.3682059322526269,8.906164610904062,0
34.69068035697787,44127.63398228421,689.3122239513357,16745.870421143547,0.3707274789086771,10.172435291144295,0
38.39564791923973,61250.54917116723,815.8941577817611,27079.940677206287,0.41029864776669234,8.61797069630104,0
26.38545959851644,87785.43074557053,725.324493290087,8557.163573007185,0.364964498523543,18.994633496841523,0
68.43938569739298,65816.63988937807,643.7133320409279,21729.577838800793,0.39384499257172734,3.802548677549564,0
64.2497747453344,39250.55263238112,678.0711318593749,16182.115367896518,0.3715168708913791,5.866961886761205,0
47.52269859024082,60287.89839122713,494.1304068845339,24315.627420103556,0.40449047890521184,11.508074467274845,0
46.560151814185346,61933.9014399444,735.025507272353,8932.028604980911,0.29620114089560423,4.651487186536215,0
29.56389807414036,41615.13557242339,645.4857277598569,18832.34676132597,0.23248223023542053,8.942221517949875,0
63.773488758836834,72272.55067918904,637.1266350297929,15883.629740570299,0.4609924962199269,3.5763730699797307,0
40.183172648714056,46780.669755979994,529.3610990127142,27055.922754975858,0.4405202347246157,10.04442029899821,0
38.766044900010336,43657.44305032805,755.5324570730097,27175.42140279316,0.3686152643528699,15.413199189929783,0
52.0399357908296,77088.00035212471,696.6414614959659,21418.696160588173,0.45184579048479784,7.339052577409367,1
42.60800065585813,56528.928780922564,708.4261407266151,18139.580412649462,0.2618930254328963,10.45619400885487,0
32.23396388791474,82582.9990570196,722.8170590932345,16459.760172155526,0.3085064667845419,7.929366328403721,0
37.81078569502491,43479.631171165805,716.694602358961,25475.858138806154,0.40733740009823727,3.5416283021295563,0
36.23914220747112,67725.09712871524,747.5183596488602,28708.236583465994,0.42919615948038065,6.197911190322323,0
40.646556933696715,64525.13933966088,710.3577499402517,28482.012894957814,0.39650464002864616,11.533793525009232,0
45.54457538874445,90802.12837541215,770.306355277157,19749.774619712476,0.3110990305677527,6.126230225384528,0
45.32758903842834,31247.948836791515,741.3892932314219,26162.79639911302,0.3168104547528375,4.692866785336308,0
53.01201891786249,52532.40155193176,593.9492914861961,30768.219859203873,0.26380781164439127,5.585726953687354,1
39.95896935784732,100096.06801672681,779.8661925006165,6922.335417901955,0.4454743709919279,15.482324199602202,0
49.5806851826606,50838.10868766088,698.4297960643185,20218.928916930083,0.21279193209366012,22.676298637808195,0
57.06661841482142,47734.063786622566,614.3961631201735,25354.157905216805,0.5446812381304933,12.384213942095807,0
27.73977392202223,53039.0350751571,663.6930519930039,16025.608113627213,0.17770654052392346,4.4173506635706605,0
47.1257056349051,49732.453355297854,770.0123761887345,16817.523206360547,0.33777438630961437,8.022732606104682,0
29.276678898074973,63976.28276882972,542.6194194467136,26041.080657164286,0.6035129806717019,2.4508980963702482,0
24.929244092918502,58932.38893208835,740.5078343206775,19146.82541245126,0.2788164480687986,6.695061126819864,0
55.846620395874346,65608.53544948704,581.2308956682348,28434.619376154988,0.3414096461636927,4.0717140407442685,0
51.35483968796023,43046.03316376323,650.9857198521919,16961.31403137082,0.19682032795526982,4.440310866325799,0
45.233729439128034,92507.03866145851,638.4170530074902,18790.745038396195,0.34098258107398477,8.923643036582751,0
35.23068602355647,40533.70991462686,682.1077103732077,24920.403132705535,0.22056828545598653,15.416029580458016,0
55.03561224110296,57969.10727409515,642.3980747062011,31652.518347240082,0.4435348343572222,6.101860316523583,1
26.32832274961161,55245.75951508429,651.8763160905993,35103.46270542446,0.14957847861820422,10.028809249795092,0
40.67392919818894,58815.90849913917,723.9796447684841,4520.2746895438195,0.12539414708776328,7.607149856378614,0
44.85177553662546,46747.51820489149,667.4781080155875,25106.124285659516,0.3043816312618881,11.285254794945518,0
52.87126933203116,56014.17879521745,680.797561597154,38256.60096983661,0.2796395632471254,2.7893154822456117,0
24.735723006264365,74773.81256891454,633.6975325243877,32429.931200409075,0.3498866234870523,13.998138420680089,0
18.0,34533.721324105834,690.8167176676637,8778.030106987335,0.21271979196285243,5.865314657719223,0
41.15370313286266,60979.43317086585,690.425715722628,15930.557068108705,0.3280322997019132,8.99536813320877,0
43.17427155344367,43911.927124433176,633.054243235295,13760.031909670652,0.2949370534979119,5.473143527623014,0
41.736802726770826,92059.40753477547,681.5583453490135,21167.523049283147,0.2868698020187126,0.0,0
31.227531386883882,107234.76037829445,746.6375947892979,25283.515688945925,0.35723207164759174,6.976317753666628,0
39.55839200159827,55856.20593543904,763.8146889905192,21822.086132148965,0.22110845544354082,17.77025439282227,0
24.599209286585214,44093.12455423241,507.2460482493567,16315.140649975157,0.34695955213246,10.694682483246172,0
44.20593391685113,96217.91368033245,642.8987584541718,9306.179264120745,0.3586834524614717,9.102960282416667,0
48.92588395830451,54005.82406840504,740.0591676522356,12883.159741042007,0.273809966614097,8.061260738466354,0
32.679681153948124,79712.04743087734,644.2901697636086,13452.448644579259,0.2038996147382706,15.377461806441755,0
19.960582321749033,17968.019357456848,648.9777048936436,25703.02089287267,0.41622341774403115,1.4240482348625854,0
38.70218289744863,30303.135003851043,659.1552801256411,22748.003840827256,0.22221645749205832,6.580919195273067,0
38.01499680599301,56618.5783287455,676.6089197417448,16769.406552967204,0.38453735125754496,9.416794864328772,0
39.19393005673757,40827.63222463858,647.5585726246958,43928.85373541177,0.30178420473528206,6.524119179651644,0
53.03575451457603,66149.83582684003,658.43531034612,19710.418839222635,0.378393122554677,8.406114502092645,0
41.38595479118532,48099.67220199557,724.5667875487173,17576.23282613203,0.415944284077757,11.982960366546065,0
60.841228476909,81403.65601437041,580.5584788388488,22308.969957387173,0.2884431193903046,20.05263128477913,0
43.807434533098885,38076.566498931825,648.3671482731935,13614.052288856083,0.4217748302370528,15.813526754985046,1
29.1276632933274,74873.10613461061,657.1796200689224,20485.19017604874,0.3108874075246727,13.422601715628677,0
51.33613458278459,78940.87312394992,736.9647426119757,23437.87164447692,0.45346563785974425,9.654524214054948,0
39.09655632388661,70569.73343665258,740.5538665863214,21940.66906312707,0.30465170802925756,2.4229600760748315,0
35.112291426682944,49813.95225252837,693.7933397156902,21093.223628118627,0.4068610801876369,9.918488067492635,0
42.794013512216665,55162.764442990585,640.1540541807069,26028.067232240664,0.46649417769375934,7.876453441557307,0
41.14783811400633,42805.465530990274,654.6794628243126,26988.103915339234,0.22760271021600298,4.246501040980572,0
24.414058071828965,77079.60003092993,595.7801925985757,25753.82059218058,0.5125265922135492,0.0,0
31.504812235851897,72144.03283525267,735.1725185677387,27451.17561961836,0.4169738265575225,3.119306359308677,0
51.52006570014651,57574.10554783696,620.7499483939298,27047.715459692918,0.4550991433851679,13.576725872048955,0
41.75927892459843,72473.7134479162,749.7030285990834,21412.67876121545,0.27480286266998366,4.805022361367095,0
46.38985953693209,57349.37667194773,776.578053986784,29219.43562206094,0.26731362702902683,11.79072903386944,0
50.20152644515352,96751.48361247101,646.7206949901773,24571.408196159733,0.35238703705904334,0.052219093105850156,0
57.92613071632507,59300.9750934067,675.925052298515,12872.551957299802,0.1790226061528794,9.242351345434027,0
33.60903499803207,53586.28240752905,716.9184588697707,19195.38197017978,0.28923794323201146,6.352892744121312,0
32.96604941474013,76595.34595609065,672.3148904421554,20629.785408482672,0.3896505373845141,13.695619971893802,0
30.754904054516693,77775.39183700958,633.5153023046673,5898.22022013795,0.2884686350775028,12.323529531794186,0
33.99549458444195,70197.01249352998,589.7830027328866,21095.49099440263,0.22110398342933327,16.39248870136348,0
30.874132328704533,54419.92174190459,663.7523450676919,24288.91289985118,0.3731274488893169,7.438142471663356,0
39.849992675021845,68069.11440916853,659.0550330990038,23471.192554456386,0.15080655271295135,13.755973888340328,0
38.91767231078936,66187.1698680454,677.5218624004907,32899.28115318735,0.3928298044844802,13.850005237955974,0
45.81238271720909,57510.71429435622,685.1840345269949,24957.08201899054,0.36725092675623316,2.265763619258678,0
28.093487664391233,31162.789372614137,751.5413842213588,16781.271086400488,0.0380881422387459,14.340424178790219,0
33.46175476686736,42401.7506341907,692.7683689894468,9830.261354838722,0.43987769718298436,12.976701359593438,0
43.59461065651288,52087.054823447776,680.5007667784931,29522.278581314997,0.41179243380836816,2.2384950330182756,0
46.98647977584412,66827.90605844036,668.6714001684504,22938.299195379353,0.21000975725116436,9.355373317622213,0
18.0,63189.727677163326,695.4176073268255,32569.287386742606,0.407416945840761,0.0,0
33.97929377644742,56846.56154064722,691.6841312838247,22234.54959509913,0.4031198254982299,0.936361010015669,0
37.46379610406022,55324.19710266364,593.2296813685932,12370.74753171073,0.4320408367578592,0.0,1
19.588458206627955,74363.07406252598,734.3051657212332,34591.27065420935,0.34562944736790346,4.483027471754502,0
44.48700356773162,41602.61264229339,698.2693000911818,24134.733696116644,0.2741085313862026,11.967235552926574,0
52.04127526258809,80441.95566109155,680.6023240549248,11543.522146153147,0.5688026621644167,6.165450588249735,0
20.569005876970785,51273.3757023707,646.9544082074909,43172.014196742915,0.3738250651176925,10.03699570815478,0
24.350712320273757,58660.748735597146,717.601149544346,32615.326243302825,0.44720724586179544,11.70242417405439,0
49.52182126740413,46400.37360013377,707.9751258786927,27695.43723707402,0.259665016949276,7.970615905924281,0
51.35339228119035,61814.60581478794,806.8019284850883,10100.80181414051,0.3813548446406195,4.663729375834828,0
27.27224362534845,31949.03167205907,706.1519242284004,23987.88465740255,0.4334255526890263,8.486237136183576,0
30.123792872959378,57566.73838139046,823.8604123979638,24986.817250501463,0.29266130118578665,3.5179587277224496,0
46.59418806735681,43587.348328001026,711.8314319612782,25675.358657628232,0.327060441072225,0.44632808822676573,0
37.56976268306446,27858.36277024782,619.5800026528376,20793.253867533313,0.22517285115616031,0.6528684856156062,0
34.786835692259764,63380.98090868117,727.942099530291,15118.673238557734,0.5029641682772887,2.451534545959465,0
55.94137379633442,86255.52098966588,669.7272937138906,36523.7986337263,0.33300934581112634,1.9147599980852545,0
42.9779903846097,66696.08735900458,720.9782467112644,24859.893200087958,0.45458402318487756,11.001100622078003,0
21.805511577955315,41953.579545405824,643.4689518365436,1000.0,0.39853719767298246,15.683086305566409,0
42.53313905722793,80491.08858264369,733.9787785665134,21518.10802630218,0.29406121138653324,3.7624660661271667,0
25.947423399900003,59942.325873012494,685.6253490673041,26916.149000237245,0.2360513281108641,0.8241205595522514,0
47.42056579716027,58588.16706992237,769.5433533263899,26446.968812971205,0.38400309441546043,5.585286318496717,0
49.8199365771916,83460.57595187883,669.551168845782,20078.945630159713,0.3903288137227111,11.647594234579312,0
44.385619980890404,77703.94417200136,700.3876831443035,28223.372085483457,0.42853527140797265,9.010501688423838,0
49.27819852939582,84406.98272373741,644.7922515127592,23353.16031818982,0.38316295180110066,3.924386104057101,0
59.64279457255709,74146.97585586972,632.0006328317788,20998.199862425117,0.2538829241830431,0.0,0
47.26679966035482,70703.3629084598,676.300786929207,17373.12624624317,0.25379358289019166,9.922416737129385,0
36.28040059161245,67269.74074881783,645.4876157426423,32799.89685391385,0.33921997755658184,10.63985126393101,0
29.066960912309998,52979.37898107612,663.4928727593561,35003.37440106894,0.23283227811715185,10.679580943070855,0
42.2445073469377,61130.116677873826,589.7107469507171,19596.749362592444,0.2588196482011038,9.167124642757798,0
29.649618297292452,57993.11879930604,661.5523616901654,17362.891930454974,0.30107382784039044,11.57115942059982,0
25.61254726909524,70489.7372518,659.4042003201786,24160.939950703854,0.38732871899531324,14.895773002260874,0
35.38150495058954,94202.6290288851,638.2008391243315,25111.685239266426,0.30472831811726114,0.0,0
22.216818748683295,50580.20875629502,775.9531700035183,27068.67214232959,0.387213535967197,7.230359232675176,0
26.995262170740205,66936.90778577398,650.306065135206,18977.68575848829,0.4146346019586332,10.392507596686379,0
45.011563909976026,56212.48191896766,614.1411910071122,22286.749767666788,0.21956279948838114,0.160676988872817,0
35.247447266353774,46917.91878200518,703.6334771703323,32130.251655093998,0.3356705950055338,1.9130648692130325,0
36.93365619297397,65636.15491882469,610.4835240400449,40674.36934297529,0.5324587614730223,15.088302471465786,0
39.7408390134184,41240.871775945605,675.5326920204852,20792.517996291248,0.3670808904282284,7.961549542570724,0
20.458081842745496,51725.456780212204,641.0999086700351,7210.008193397414,0.29807738417707275,16.14869272887765,0
41.86223745518214,38887.9464801834,625.6340597244077,18723.453456962026,0.3435049634340324,14.837608640746055,0
39.96170056933522,55926.43927311953,731.555377934407,17423.776164843865,0.5644059230423386,7.2287649898797675,0
39.54793530289682,55640.28887246828,649.0049211018903,6673.483030313026,0.3440530991075171,2.0679616155748928,0
43.42846310595283,50236.305577292806,637.6057783141933,26823.538229851023,0.4470744282320687,11.58451425255495,0
18.350724305937977,97513.99752048492,616.0578763518132,15039.779700050236,0.3671158007838607,11.465939442453088,0
59.118295120412164,59424.06788740905,686.4322306590624,14533.357706801136,0.43002850019742456,5.605369141538868,0
36.96648885222932,51717.086215241565,751.0584044573002,13139.034197089699,0.432798445863191,11.404298649082765,0
25.657862830108925,43180.40054879336,697.1338108782224,27801.038848960663,0.12235436410195671,10.934178923345724,0
41.11529878539814,35558.00087064176,683.0118464632333,35218.79582032183,0.2395240442601964,7.640577260637555,0
27.28832276910598,55407.948034048386,733.0991247186773,22853.961889746603,0.1996427073465305,3.5436204275622956,0
40.6639269984569,41599.91730466929,744.5685681451496,8301.879794011975,0.30485922998847187,11.355598875108594,0
45.40602232091038,47538.20977202593,598.4123808632484,6517.470165841916,0.3036637459237198,11.247997081615166,0
26.8110317256678,43705.17165284857,665.1855092949869,35013.996856070866,0.22996183778982968,10.786343173044237,0
48.4542642912388,83966.09498356219,733.4679467550939,9937.75003890067,0.38194014978733937,8.926207596234766,0
41.31092199674971,34801.44744659103,672.6638899082219,35709.143842202015,0.25420292841564546,3.2030874848692914,0
43.49083684214654,56423.11559977365,681.0136669082862,16085.74577106455,0.464301051063775,9.82922048394129,0
44.040681051477186,33477.80634417501,686.1641420932602,23616.713337920894,0.33487655308704306,10.512267871581333,0
45.12434146805679,84807.92267476392,767.0752849389057,21678.280633418908,0.34741926887356633,8.633206688388132,0
51.20361799575134,38342.83191916603,556.6483395634012,9918.633683206448,0.26736506387760933,8.844499239799786,0
48.60454447778594,56807.26284398052,703.405268390311,19994.634009538706,0.2855276996572278,5.323671418696075,0
44.86910353473783,19802.32877889939,735.071557603955,25843.16698870774,0.4195163904941419,10.948696162706204,0
32.35660373730403,65950.93663323493,719.2715374967622,26670.874587110047,0.3016476586825413,3.869483556760109,0
42.86331102469207,77863.18699292856,647.0570252798913,23906.987767640414,0.44145683511968187,10.2512633304388,0
34.421660455941456,103902.50054785784,760.8305470455482,19456.82700118682,0.23062745622136202,10.003708751272685,0
25.512477263284282,45831.54680054645,680.8462812311086,21127.871610861504,0.2706764124008584,12.914521709081946,0
39.586231247889735,79461.80469988633,662.7103369493876,4614.850395067715,0.29514375942186183,6.699206840077247,0
30.871899032492394,61222.215230263,659.9971138264028,20261.6062448769,0.3502697660268527,7.517519277429584,0
51.35141385786539,59210.10014965093,720.8329708679219,6870.67046966596,0.39053889165692834,5.681900719496536,0
39.62290805799573,78165.49313381131,734.0318841478924,29972.644905456604,0.3229834767117081,10.337562528650935,0
40.45262568720711,53894.80109185786,795.2109745809823,21073.220932476645,0.30610802794857295,9.686495052614363,0
47.75206118593061,64964.35338323026,708.2496863362092,26831.530016503188,0.5601377554972157,4.793341491011238,0
35.81876078083202,72435.69084011129,695.4726515413892,21104.156626689342,0.43477726956106455,4.8173340509648135,0
37.43405141589571,65138.159804144394,688.4709939870796,18880.272685200813,0.25924377107749735,10.555881828019235,0
51.64671162298936,63457.15051158744,763.8989050082589,21783.682923052424,0.3917509693190877,18.369337816312175,0
26.163213984320816,19152.339095935262,542.9099868516839,14620.469366444704,0.2613986454403085,12.240472609714054,0
31.330447815678525,59209.55882105714,719.860380293704,26123.922143651915,0.16370541105273317,0.0,0
38.66306127760655,68305.32157486441,725.8089692766404,22685.49553117856,0.25566422410031375,3.9320470068516276,0
47.84789191060318,84197.16001864905,612.8362204774315,1000.0,0.3231815862383552,2.627751737226351,0
42.49792473948899,50893.97934946051,732.8448553349494,13690.63367469635,0.3049731029753421,3.0413803055522735,0
28.424831622754393,50479.74971860187,557.0153341128776,11908.357730698088,0.21913470001285512,6.801450971214802,0
30.802260294755254,63209.20482843519,604.3213386411002,19126.281687470968,0.45393421194964917,10.784354645429087,0
56.944600197979376,63871.84290532938,800.0620255530629,17921.45766816292,0.43526777230672814,7.997074807713718,0
43.162692813903924,31528.600740275837,539.5596416628774,10350.285782908173,0.3174224360575796,6.404138045408571,0
33.815587775861516,55384.14967321041,708.1955432271436,13411.419469980236,0.4325763103320364,11.189017945038628,0
35.15722479427073,34310.892839016204,732.7590340764622,19290.621650506833,0.33682598059028174,10.469828797907887,0
75.0,67745.86336141423,687.0553661512662,33856.2345173377,0.3233651531370057,2.1466795727162955,0
53.40271910329305,47065.597241015144,698.3303281324088,35542.948848056636,0.34725329328509985,0.0,1
23.63525989054739,53983.96323753923,681.9698237650572,16512.396084138276,0.4837133325675046,7.263755385294272,0
35.41225024457946,48634.60644791379,697.2626028441696,26858.40849177118,0.43163015386589926,9.815540067390359,0
47.22822683400252,42476.22306399961,734.9878868350379,11036.46377364208,0.4230679802159504,13.569821941749584,0
37.245189170352745,60739.4215144991,659.2341831474486,8232.546824070487,0.5027528641977038,3.273357182582342,0
51.39053295500416,41018.0194084737,509.6325362095741,9442.343848176915,0.3298319254693751,14.966727048589133,0
57.642495790385695,60868.871804836854,738.3171141775208,19662.668732048547,0.42721743995713624,7.2890796025700855,0
40.07560395037315,64329.3230096837,665.0075191230512,12902.73286011595,0.23264325770481958,6.703775166024116,0
42.94739514861943,78671.69403338277,724.4235831994964,23047.918724987863,0.3754907654284218,7.071824909585136,0
38.313377132560426,77939.54135781035,627.3957984217924,22604.65895228414,0.2454086589507077,0.0,0
48.82799066106527,51054.891103699585,651.1591807303909,14225.061566476656,0.242623762634115,10.632949293378838,0
54.99925163502087,49336.87145962586,713.8859602152246,25430.79890536182,0.24536553875956188,6.94258926544553,0
49.3439537398185,15000.0,542.5726604102288,14803.844927661805,0.38240866863458667,7.626673547592322,0
29.170223942881954,61362.59667546251,644.0128059507138,19021.84883178836,0.3738583101520203,4.207244258751919,0
47.54363069824106,77749.1141137288,783.5973086955364,15714.078387875641,0.4482150912601759,15.295414317810032,0
34.21246066670443,45810.48718174521,616.3407186391553,20582.057673459236,0.2716006968700605,10.508137206858658,0
57.48361966154716,68052.23622587988,686.4877965767926,4794.40113302341,0.22274083677548104,10.455051973556396,0
44.76283815706984,55439.755234088,715.6571926378858,1000.0,0.5931229679513075,10.985126075300885,0
50.581287343164064,75196.15560871013,689.0919277661059,33752.33209114538,0.4421860014687274,3.889997536291837,0
39.78940613916165,58105.995173640105,583.5371014782761,15859.363616252862,0.19351860772949986,11.751633804089094,0
39.67662087759922,75874.73273528519,585.2733415113348,8703.204446385946,0.48936873093279776,10.939288362942772,0
44.307776327618065,40591.30289370067,756.2593063754323,33157.53910234798,0.3456137214075453,2.751398658830518,0
39.69198687938692,39999.18999512548,751.1901714504339,19093.85194671234,0.4133669471595562,6.025601234120696,0
55.78913904941558,69501.27320941316,625.9264195233638,17664.592934175962,0.3002214603373928,9.075881326094356,0
28.578036990884364,67999.5931534911,686.0372807410187,27155.86804696004,0.5105303798028936,10.407268000490802,0
46.854164476855814,52088.18247632964,726.5683646103903,31775.24152818288,0.19492749148338717,15.153902126576543,0
34.13340203560013,78763.36127210902,695.70588485185,41517.518196006786,0.2859064540119268,11.099627953364035,0
48.61046242406073,67452.96761300655,685.4653924296533,14018.678802142127,0.31040523702587597,7.208264285285303,0
22.02883907645786,66345.84844682142,723.8266060675088,27508.75527267164,0.5594533812888324,10.272252444661614,0
52.86126248452188,68485.45153771144,745.5133369227823,16104.849279982638,0.37868161709477877,23.07430511503028,0
36.90631221601355,49564.94812910487,781.4093810255683,10532.45097838484,0.24039080730996182,1.8829107270527246,0
27.663268475185333,40789.032287423055,770.9768971911129,30030.921235433994,0.31053505394601244,4.731712528912269,0
47.16684310259577,56894.52142127926,714.7248512244411,28451.582758322846,0.4353617970744455,15.861789326748692,0
38.082231566089355,35688.02200824686,695.2626806842982,34807.52670257906,0.38618632723539986,0.0,0
42.771388315757754,78330.1123356864,666.0960254606852,10184.761296191024,0.3481848285709635,4.493291785749713,0
52.27908698175283,28643.24025182831,667.8305992438429,16297.107820450407,0.3653856950345976,2.9626894698642303,0
29.088094432458035,91426.3471047356,752.1244766474935,23935.468392786803,0.3754224710366991,12.23452971266416,0
32.636228650560135,65819.77108080733,766.1885721324221,30279.169367678565,0.30692013214544034,10.766239656124597,0
40.80407130389808,89875.45691009526,688.2792227389155,18738.932408028148,0.2063475301058517,9.124117089935721,0
45.67515398518786,59472.926115190094,608.1826083582054,33913.977619638,0.3095994070376279,10.20696256203711,0
32.96385024143509,44504.073805210595,771.5370201461063,6793.6735177599185,0.30622891952087383,5.614879737953962,0
32.068546849053476,49846.956441218485,684.0993055651378,19528.637608831134,0.208663687560272,3.7801300520860064,0
47.713352922468744,61857.800779095975,800.126353364969,17683.184155959087,0.4522697037108169,11.866191390650298,0
49.83638642215719,73132.23543423647,688.0974544673571,2629.5585842902037,0.2827624773820024,13.02822064916452,0
53.97273258509965,74946.09725047062,692.4724673993097,24037.522038692932,0.3491347324056359,7.5075651651949205,0
37.04864674015489,68782.33144788376,739.0107982290575,24129.187695300086,0.3401233909534963,8.099146164776895,0
18.0,56087.909366113025,554.4432203362358,16728.997069456567,0.4216606763148241,11.502412153128997,0
45.23390284769491,78914.755130576,688.0344286367883,38019.5941645368,0.47168047631335625,2.427199775060119,0
47.599321025295836,79531.42683366963,611.5936255953718,11161.931698869028,0.40223734096126723,1.432982830728987,0
25.331768501798617,65107.59754038969,724.9281279453344,15134.172614648774,0.2901743829988815,9.415566363709003,0
40.9038024644507,66636.8418849317,604.5872983548843,24570.401886528445,0.4258685227834919,6.39297458711731,0
42.75308279546201,58396.61538732874,606.5273843164127,18347.49983958724,0.36203768462774694,9.00088631279132,0
43.403549622533575,87354.685017688,758.523910636994,10819.91324134813,0.394558184931814,3.6689727478133882,0
35.35305531175393,62712.90949819402,632.6465311429449,31442.27465168068,0.499702524360672,3.8937057083701507,0
40.834331947631924,50259.87139324568,621.879396294123,16161.710943274033,0.35919947546388487,3.457965625122273,0
46.00394496115191,76771.92071882091,700.9368327406222,18503.507843013485,0.34304962689661606,8.302845805642159,0
22.23826557858053,54667.26800231042,756.3521621561302,33901.40784492646,0.32628514214142507,5.851296110179552,0
49.11082434334016,68323.08423167266,710.7550304105588,22850.0766956527,0.1296478731263045,6.162254924420052,0
36.341633460179814,62185.62776255066,639.2034207725989,12570.62982293697,0.400089684087826,8.376531805395535,0
47.64502119196767,56490.92720915149,714.9490871689386,15885.847974484384,0.21814219963173978,7.953007605318726,0
32.97379722568848,37664.419597091866,790.2041236848146,14591.586051349139,0.28911447368748333,0.0,0
22.88235134939547,42258.72027903726,765.8313157776964,8633.78159988654,0.303932436962983,5.624831304581683,0
51.81138728425325,57001.32493283164,688.1756057432735,28175.122494112406,0.4660958462846,13.121888511136063,0
56.41136185707518,34916.87210161999,666.0738440182664,34590.821185987545,0.2224123367395278,8.673286978794927,1
21.394692627823307,59981.023445705185,706.4282918239937,32617.64221630241,0.4119905312032033,0.0,0
27.077233786312604,67817.45086458855,677.9245865316103,21561.30276024714,0.36027441872561883,10.830033458574475,0
40.94173157846583,48943.614783854275,662.1572857892439,9022.96110285832,0.36443048251607874,6.909384050436869,0
29.50639678373284,50123.096302572754,693.5183669619485,28014.325612191155,0.47021646420827434,5.852118124309916,0
47.602517470234034,63196.06832091415,649.1930916242627,28365.520676916924,0.35377142556690966,17.219420302831672,0
32.02936101053172,67256.7823300701,654.5342638308448,23719.744195057297,0.207333595418349,1.564876980795427,0
34.82419474069065,70727.16877526921,758.099648823426,35862.616931970115,0.2975848124167107,11.198637475214191,0
42.11434968991619,84711.00101020154,676.5562581528334,26038.867728460224,0.4342937132093057,12.261585626548495,0
18.21774902674481,52690.191352366775,583.7783930334684,5722.296925980838,0.32375072372783775,5.178371333802881,0
36.80077412871982,61911.589920602564,815.4777200687206,31513.379974004543,0.4102690409587783,5.104315122793145,0
60.14648873999552,50233.9517455863,652.6551990043973,3924.7883891392157,0.4366729550147473,7.846417869247718,0
45.868847453565394,56657.31134576651,664.1451819571387,13194.301945079333,0.3444125477936254,8.659118202068788,0
30.008904871187372,77963.76513417665,657.4574582163945,20104.920187418677,0.240136993039762,0.0,0
50.460151208496924,45136.42601151339,629.3474093059913,26643.82689335907,0.4089376697906324,10.64250038616175,0
60.631854387843404,49478.82788008606,663.4164543165132,22267.962304912555,0.48048622370651717,8.174917529495689,0
52.74668477177375,56263.45480149027,584.1063042436944,15825.007237543405,0.3155848019026991,12.052210639522958,0
34.15389162718566,64212.350839679675,749.9219352292473,20400.58249944976,0.5658314729563665,4.204302489472367,0
33.424038601905025,61946.812562402236,810.2292745104747,22729.450979476835,0.7059968558110039,5.653062270446107,0
36.29523145632991,51319.52893213896,770.8001106132938,28298.69608235485,0.3606047876322399,0.0,0
29.50946633756368,80981.24751634293,716.1541297381193,22068.801141750504,0.5974540845043048,13.858740757852164,0
40.292157912665076,69136.67326040898,649.3218987959228,13421.004772739174,0.4009412913857822,4.313721506000025,0
29.943106794014156,67284.04325602077,768.5844523679763,22234.005534175736,0.5063112129826431,4.725390923360229,0
31.247606128550835,57458.41744538028,652.8489444547735,28249.515780531445,0.20730363147260975,16.371013544590202,0
43.20818771809205,54117.05574798204,612.06021737652,26494.93653541828,0.35097386073088277,0.0,0
34.36377941815623,46936.69864750805,667.126591514213,28240.57429500576,0.10849162085186159,11.814282072955203,0
37.9561518563436,73210.83898727903,636.8028924411008,24669.813456597418,0.1709810629270293,9.033901767725476,0
61.48178243435251,57191.22651712329,660.4816464849681,33374.48126777196,0.23898600707502138,23.244161204155457,0
43.68219489033679,64473.6436866252,768.4093335070208,25354.296606163884,0.41635005153313365,4.114513171674844,0
51.9032323344068,52988.655272671764,681.6003571852883,24786.54583241861,0.45260829118394635,4.167729658353171,0
44.37918132180793,79929.17912608039,587.2112223034192,31984.60889689598,0.4013999636658488,10.849974076357949,0
46.02979017563704,54952.98524229703,688.278763553843,24529.683649264978,0.3288495032939943,8.417914482328564,0
26.50824793036223,69241.64101961712,564.9915155513446,18625.027588829063,0.4485302524982884,4.482547991573247,0
34.530280869610834,55919.76705270227,637.9517919453049,27797.89003858052,0.2674142786728676,5.404177522222424,0
37.37746126395429,60643.18572894398,662.6130938486604,18256.308571781366,0.4164848973098419,11.794808615948108,0
35.533733495482316,73378.69215622521,690.7175575821103,17463.534348104673,0.36963387367656714,2.337750211077566,0
37.97091495416315,89619.17406843518,799.5879822346993,16643.09925370813,0.4283778524181663,0.2210481877399868,0
41.59901743279406,47458.64638553256,678.5308591362085,13662.779243261346,0.39508214788793006,11.726557858664629,0
37.77387590552161,46568.89767727818,620.8698757004915,18276.750554418897,0.4257460132808505,5.920578041487326,0
46.89592816917856,40840.81582948922,780.0189950692575,14564.359388052068,0.4315100349841959,11.19657860592934,0
37.522024938924666,73852.69378938962,770.9083322371393,26287.491156564505,0.39407013938347113,4.705985244897082,1
50.839519781997105,53902.485205363184,569.3809669983991,19615.94037731893,0.34127727625692783,1.9878989892672472,0
39.869045886548264,53961.95015806394,731.9379999501398,14927.118363120928,0.4194590679475489,8.715969707174997,0
34.0532374228042,59511.01269893903,726.1901541700017,14381.531044976273,0.4711773888196854,7.924958611916494,0
27.486092431309913,52985.6253275489,702.2128383576548,15052.21934825528,0.3608295403199976,15.21368259332105,0
32.3061637557084,19440.099034626248,752.6263022757778,30497.38729327512,0.4347085848411979,8.528750223632748,0
37.45689284278541,53919.19468588802,773.6869696481352,24430.36913463528,0.49412659168965345,7.2785046803087,0
52.02059351006588,47461.47660331061,717.7232218145342,15739.862753376117,0.44297413432162536,2.2305082590418506,0
27.281264215853753,61887.51772313547,713.1471888148715,11505.849704394228,0.3771590156556582,2.61413146164082,0
50.401527392549106,48681.56126556067,709.9483943195366,17084.99240991752,0.25812851995006864,5.943466179595173,0
39.08235806641938,58746.64722775963,665.1802654752295,32281.299435398043,0.39139589946548775,2.1533691120708616,0
31.68554919649479,54692.142445364676,705.3052172304886,23470.71561403749,0.38126370394652415,2.9797436220934586,0
26.809087699915306,59859.26489627966,698.2412871921066,10440.111987720607,0.33507243231965833,10.597864664596093,0
45.48995125188225,65003.54541557152,634.3869179983446,35701.91432336529,0.41368025582069906,5.622046390598959,0
20.937671543129195,44918.4545636242,714.7455631877317,21320.002715176197,0.5250541416001463,0.2868929830857372,0
35.384870294753654,74396.20380376789,693.1103153251048,12245.56638042026,0.5148671729854966,20.472449548978553,0
35.59638068720048,84448.5078567846,628.9116522986664,30266.03889495197,0.42267688883835397,3.0276567382285586,0
38.3687499378715,76627.61384102571,682.8440333596478,32778.353646010735,0.34979996778259337,13.478157040335322,0
45.81184944310721,70984.80681307273,690.6138370548008,17958.14606488122,0.43084946980610256,1.3780804220667369,0
33.853590750830904,65195.67329102158,759.5972646925914,16143.071073978012,0.5592006195402008,7.007039753591686,0
41.2034242800783,51742.73540396545,717.0822667906056,15474.628980073696,0.39008667963438287,8.324793837474315,0
27.821539492408224,54571.92347999848,693.9252372773115,29854.067360711713,0.29457411031263625,1.4441526990543236,0
40.57692092577694,63802.006801542426,688.6531841704377,13491.429544254277,0.5476356079993818,10.159678882383275,0
46.08355376691552,56834.58711466987,665.7319544171617,17498.4023675576,0.4302978830008808,7.785615987425426,0
36.48308123876422,59913.34801837084,665.8477770031541,35053.089067170804,0.3575946287975256,9.027026899620447,0
43.68665692995884,74799.96428140214,634.0468415430225,20895.475061653407,0.23429842426834274,12.075467998985705,0
41.046323233404536,65191.01537910916,690.1099209480888,27244.310108075624,0.3847898153982417,7.759831443681709,0
36.557108507197015,54874.562092050415,746.6111769744286,13849.484141149831,0.4021620898857466,10.40436292450342,0
39.391825254644864,81406.23609975212,696.9368820766847,33557.42219892598,0.5153359921671096,11.25021832561132,0
38.04979123360915,54590.22761396056,689.2604424048899,23995.257168835455,0.4626408930631306,14.698636391452332,0
20.257522373620485,58452.63743593311,589.6011907741822,17987.936056541595,0.3848407187883567,10.416293583505409,0
25.008371382216403,26917.588889082268,602.9046894978703,28485.11416601331,0.31079514842599476,9.838994465180432,1
44.32852227378293,61736.214390577334,719.0873282938289,29688.962045004737,0.37030528150078634,12.216498086444268,0
19.116529583156243,65007.94143599335,700.1515732845621,16098.69012671259,0.2886743695286985,2.6530486383866387,0
51.58381794998443,47651.22916336804,627.2224491689313,18977.07726148484,0.14053902110047672,10.123153651226652,0
25.90028862028037,66859.46962776902,750.3114898601219,13821.451604837748,0.33508643449760556,5.2550534549104295,0
40.30525287891121,52334.50952125212,705.7507406987187,11506.80113821226,0.24613463263088092,12.570794808617043,0
44.72135915901166,73023.00752665321,741.9568583629481,25076.926654831423,0.33262054508201955,5.1564398839195364,0
33.63264975809376,44090.50217851247,656.6390763708268,38103.11368808781,0.4801724209787057,9.481579047710412,0
51.62588546776034,81433.95881664303,773.4649543071541,9114.893242404132,0.16387827087978524,0.0,0
26.291464512116175,72702.95437212191,693.1828179636257,11982.453308333117,0.4478498141017922,5.660365483388755,0
49.06766377328498,60404.27519811081,702.2066977910964,15763.360544603791,0.39841489115368184,5.2755044584520485,0
41.485565492839264,34969.15200577528,749.9153811096985,16145.222198237407,0.18063949116541178,7.277883870337558,0
38.48814178119409,44358.470835670145,705.4654992280335,15860.434308970158,0.36906633092717256,12.14122759831918,0
50.11695945766891,52276.32318469632,651.5050202307995,15167.61515600704,0.3279272360390594,8.906355667290915,0
45.39253822727128,73105.86790766346,734.4911572513545,20950.056468128,0.4842943094764324,3.63325552450162,0
27.955225634251015,59221.096965863995,570.57580386281,20829.71925483059,0.16381996789230027,10.41327887429407,0
54.11810606378788,89421.5995180829,636.8632334768336,8511.2551525748,0.193980911048499,7.409240711406061,0
50.039964033226745,75272.0802944669,710.9887366617696,10338.327309906985,0.18964062633483908,10.571013761652463,0
41.038076810886714,51124.553088089255,756.0917547877749,14988.237295593364,0.29313561639729946,0.0,0
41.496875287727185,60960.75063980501,768.9292593013525,21129.82211134497,0.456836983097109,4.831115584417891,0
53.36236718003508,54879.78347477273,693.041720319836,21308.026654558184,0.2975353701533587,16.45171195865236,0
56.581722542565444,85091.21120812668,701.2622696951755,30376.980221259953,0.3560267002239209,2.144291447496756,0
46.126584867054994,70980.78997228027,701.7188667994488,30994.140485648568,0.3620759322642514,3.6587430949703075,0
28.373785656139766,66393.79354334115,621.9946024941214,17023.372784793046,0.46701903080881735,6.43337070243687,0
41.202501465060095,72050.83301915404,672.6388864300668,9029.355684311624,0.3057438845271086,5.501499990932017,0
48.20019905526763,66693.5104357839,620.1354153837284,24454.91975032792,0.36326261648620084,10.159072073422443,0
31.65501664544191,46511.9807962084,649.0464666690787,16488.83057824711,0.36100796584015155,3.1291314621591724,0
27.941330881740598,59572.76060592803,686.9666073027596,14625.519946726401,0.22113515882486914,7.505287360172958,0
40.05778391705293,42110.10351459168,670.9085726314306,26706.907371462526,0.3308151364556818,3.3330209884214472,0
41.1236384565475,52961.33303510462,686.4430149367923,35435.66810043304,0.46415688930531784,12.93972338935345,0
43.7782979129796,71599.46638568297,572.205938165888,29693.70852913752,0.2503127070959221,12.640691224505742,0
52.30299344816437,75645.34112339794,694.1383524078449,9486.565684755218,0.2546961959646237,5.218199048922844,0
18.17574600490834,81881.2054933402,735.0748311598968,12169.751489058912,0.33818718179524976,12.509640245294474,0
40.99861448023547,66473.00203851127,754.5411681716816,19014.841052933138,0.38744761533485966,10.412955857498709,0
37.943222762418614,38825.77243832256,697.8460294285728,25348.659327735313,0.3022411072086033,2.7600911095301512,0
40.15749245653222,38856.07434075553,604.2291673243035,5624.263563412407,0.33843149026262836,6.704305858246387,0
41.67433254781256,53449.73879892349,638.637926760701,8260.869939405458,0.3452207460329652,9.024745217756896,0
50.25749547806641,87494.94381267931,651.6101926752151,14263.42996428312,0.3039713036117268,17.739008964038973,0
45.58932735714382,54036.60016027161,690.8332597634708,30707.58556876264,0.2952878883908815,12.475157849778808,0
39.54300076777956,65385.46212302741,703.1279947732727,14980.040138777611,0.3744244876656011,10.88823111837222,0
40.891175300595826,33544.3956810996,674.1194958902427,25136.795678315106,0.37866429793189094,10.358970109521035,0
41.05357391925151,78802.30245167177,650.4368990502059,16021.94993755985,0.4030331959010722,6.707143040117,0
38.67034218139858,47646.49839403907,639.9255451201032,19946.34813923686,0.3876970360991426,7.078849068795475,1
53.22013784498662,47281.8692231658,788.8603484269366,19812.065719229366,0.49129961568309855,0.0,0
20.877617140302533,47591.8711857327,535.725577185903,13875.394874147305,0.4219779580212803,7.446602256416401,0
25.985038118898874,77672.8235478485,622.5344191992069,22060.94614336246,0.13534153216449246,5.86042389396202,0
55.976369628457135,63848.69211704658,672.8969328714696,24601.452219535502,0.3679745859339538,6.701392744008224,0
45.73653344253964,57416.67379836604,725.2650454011862,1000.0,0.362296962082009,6.286091556595991,0
46.306416725254934,74907.55258663642,635.1993728751108,13609.99350857667,0.4578130686316698,6.00755266275228,0
51.581868527405184,23721.56500698471,733.9350527746676,19373.3286102159,0.3894440550091637,0.0,0
19.816449483051937,40378.73803895544,699.1246024339785,21746.36571115672,0.2763936058155093,5.977911863965934,0
54.39135402533933,50567.73776744226,746.6017013853153,19565.067864214714,0.38997490791775824,2.9379464131273076,0
28.335358508687587,58219.56536115346,686.8734424423819,10443.94655360231,0.2531274690981257,18.22514577033052,0
30.172610299478546,62030.0091344106,656.1964040302936,22856.1405433651,0.4115298507442679,5.532853635346676,0
50.362427757607,65993.9948217705,723.7108715097804,13802.509149516081,0.2416176780852094,9.232603653420218,0
28.44284045884115,60487.704859164434,726.2242417782445,31136.328329984884,0.4513252851083597,9.249761379918503,0
45.30921212786579,65031.97277459861,751.7076352025908,26047.41348435093,0.4475732217290386,3.705382026890124,0
54.27329386936837,42519.575295943214,612.7675050951443,23592.45347385174,0.28801196126292916,4.257158436299115,0
33.504064518408995,56262.37324982261,701.047851774523,26507.17665719745,0.4375882919284819,4.460919661417943,0
34.10919848716685,62236.33009476736,748.410207864741,21221.507329432694,0.4191074457002988,3.585729520861599,0
46.72028567981971,81467.46788041526,604.6840895422428,27686.422059575933,0.390426898524556,17.181662553380924,0
48.9632164686887,56522.51022416894,712.3769997357888,22834.61760711826,0.2925814004388978,12.569487232775767,0
43.417252213234676,74117.68050088073,719.1394057333783,22659.650667314963,0.22072884484591926,11.10603110357086,0
24.18631994809097,77534.28494543827,739.1679920972855,13935.485812637453,0.3501485968483946,4.825164459426144,0
56.10204022990061,66741.18481500796,714.5704082304593,10661.296995024906,0.20635303665291338,3.7795224320159555,0
46.2249493078788,81897.0350597669,784.6454240844165,11192.5223852984,0.4439284743136169,13.519274199320485,0
18.0,46660.49812688229,556.4437477473714,7057.737657688205,0.35227150214186304,8.30341168347467,0
31.002125069091303,28457.34360591017,696.2816169137174,25469.63838602899,0.3760326971849325,5.809112686709275,0
29.399657389279252,46178.10361031057,653.8936449430349,28849.09429233094,0.4401875069730779,6.822891677378401,0
32.223023814368126,41119.55180173967,702.7332825273982,30345.118601553528,0.4355287033551303,5.211120745217869,0
42.56052386130521,61482.22716690922,622.707046610573,17123.05819298772,0.38515354551879827,2.9635906323072483,0
32.84767859228544,75501.901266364,664.4795775249032,24409.951151506764,0.41170193263127186,12.769777621947124,0
52.249470143279524,63256.479082805046,722.0237239966106,34126.62870431228,0.34049026644467095,3.0399706274301,0
51.087379256659275,51942.247145592475,673.5916212360124,13252.885121459987,0.32863898476705816,9.07303479639474,0
40.74250682103387,49738.486594596834,704.6200673426929,33332.169658472674,0.48648852989623936,2.92526579250692,0
29.46773026493989,82584.91924257012,673.456981408039,13948.9718548979,0.6214601246435068,7.399249669164309,0
39.99386994925038,48406.744456891414,708.637379255931,10041.40615607272,0.3184402262610865,6.593164545618867,0
44.06759725750164,55496.245317580986,671.788042498266,24757.972546413745,0.2514045347522624,6.345330907092215,0
51.62457386956998,34903.98974341985,632.1216652108767,26820.0750295864,0.5453130797422712,1.3066372443748282,0
35.35705897655324,64933.91766844751,614.0377622861216,19668.345215760135,0.5679963309407371,7.667939356165224,0
40.79721961750276,72671.65733430668,707.7532610828922,17391.788171996068,0.43212570646161164,9.425859111965721,0
30.03260228694556,65179.00749725778,639.4498247330997,26679.51199241636,0.31685982317991407,3.7114347721647825,0
35.3901762692469,61220.33119945015,698.1345792719411,22003.749656968495,0.3679723396032031,15.24428939643489,0
51.68338166350411,66302.95901834739,712.8735607666741,13426.98303247579,0.5331779580623051,9.917697903352837,0
55.96203479309015,60575.38684303526,773.2086820582128,31219.01029062152,0.35582193769870923,16.44857333660341,0
36.550258795957326,65607.97323064703,725.918060484519,19569.49630765474,0.35610427362849156,15.03371541695608,0
37.358610571116316,58803.61482252242,692.4502822363278,21104.241778591906,0.2914944667808127,0.4689754588733006,0
32.39337834498774,31821.075185100122,675.0544444239544,4078.2556361657753,0.2725254041584306,15.61420401018643,0
24.704020206253336,84682.44535177118,648.8254985824335,11886.516364842853,0.5187597058197069,0.1375797165421826,0
43.727604823882885,36520.33789541841,682.3132295546413,19288.26752501054,0.44600011923063365,13.600416260474567,0
44.72690317060126,32488.896846907195,688.8848372477803,10006.742469175339,0.5039567165738409,7.782061440076284,0
46.04447080512758,57510.359685046235,684.5367088385026,23273.0056496881,0.260097035249797,17.626146470022924,0
40.261319795306164,77889.07444699851,721.8154836519165,18428.59642383055,0.5038528149561762,8.630372552449733,0
45.2921130426414,67332.98859883833,726.5709004061677,29713.174042669663,0.3923693495541537,8.429304951786065,0
41.65381899963657,57891.52858461536,811.1065777962484,26451.50904307116,0.5034942421222901,0.8281498080764669,0
52.4445906202893,48370.80744717865,664.3777331717398,23102.883814445926,0.282190069440951,13.590520403489075,0
43.74576111955901,65636.17348196302,676.2278840453646,16285.241214121168,0.47643223151267133,8.020601498064188,0
54.51335115760537,70913.50178136624,722.8084587623133,3600.9086365624717,0.2396280059376144,5.02188505639081,0
50.723618705649,62313.74460632938,652.306187133904,20281.499349303598,0.3666863122692136,12.019611119228937,0
43.59016543874242,84807.54478289234,617.999261578318,11863.335335540833,0.4157244367579883,7.318903533235233,0
27.57699488333143,56556.61025642269,750.9610455694653,22372.435046270817,0.38652412662750274,8.108509283351605,0
45.172723109699305,51103.21153061838,700.9978464038229,20230.658808652966,0.4273120707506467,10.952407017437956,0
43.207619806555975,59731.96390374726,687.6723869198235,11173.512169914926,0.437962692857409,9.462939287537798,0
59.186195264011076,61803.309553042556,658.0628008259162,11678.543384329436,0.37492086264593627,11.244990309316993,0
47.42341573755488,51660.252562168826,811.9492682632601,6388.658504392464,0.36840421072573953,0.4475180177734064,0
28.687287917087286,72726.96220812731,713.8270995149379,25050.753672996674,0.41203154004943643,6.4796315377394675,0
32.0713626530036,15000.0,671.6580526068634,9855.71034401143,0.3094300718392479,5.949935457865302,0
49.639369237089184,76354.17502968214,686.6491178839254,28808.96609629898,0.18618445021671334,0.0,0
38.068877376994514,64996.61367225025,772.9753319016509,11297.017036991598,0.16112092002911627,9.947759931101473,0
27.971099880286726,29177.827801351865,622.9069527679726,28941.876742083175,0.22487842590265053,3.57353908014092,0
44.90761381501593,62289.60881351039,603.2900863345124,16604.623065247953,0.3840994170449444,3.718197481045994,0
44.936492371435115,59198.9546299094,720.4824200939222,9945.544272098598,0.2884282010655194,0.68137899840334,0
38.814582498908216,68003.73641868388,772.049006170582,23876.14525351525,0.41135594551538324,14.033824850056606,0
48.61596237341719,58972.094426567724,614.4292138885833,27748.44953513876,0.2408836221286299,3.836558644582677,1
38.95766074589165,51373.96852505085,626.7324706339593,18588.10883154241,0.26927316835331594,8.271665188885693,0
58.6481534291299,61400.6479081714,752.1592443616967,10129.920393836246,0.24372526945223802,12.351471823344976,0
29.024901973533574,52350.59900595906,643.9168713429129,18771.358271099074,0.3366323890633662,11.330234455064609,0
49.07922086912826,83390.49862399255,629.5769731192131,37943.99958841325,0.368985374908416,6.127225988662955,0
49.90986171033748,81934.33752631731,667.3802316175623,20892.5402385509,0.19395415080265863,5.182876518358654,0
52.66866564398182,62573.25891212771,665.4267361615742,27219.195490404294,0.24828741373152657,10.594205475515631,0
38.7474576109865,36356.355127077986,597.8845563190662,23279.90743772086,0.44476186852839233,5.074457101926669,0
35.87005661907371,71206.90867431922,690.7532984108013,24510.762306705874,0.18891232678781,9.012981840948145,0
57.406750640355185,44754.406091807956,654.3091388140159,10294.639514229397,0.34225134666884477,8.920931989390917,0
45.46569102660378,76441.95938467643,667.8339026293148,20258.473355577342,0.34413634917464403,5.325861255812331,0
34.14864720231309,72264.34209655924,663.1698600168871,22290.307884183865,0.19467617032428366,5.810313207955854,0
48.323518154376316,61638.903843485416,630.4857129254843,17452.155981722808,0.4577567445933009,6.692750723031581,0
55.870825219388976,53010.2007697984,673.5332571855,30853.54816292704,0.239916081496947,13.014252671858308,0
46.6638105612581,55459.75256792159,679.7071726379594,2308.763344415842,0.33128326608103553,5.431695343953747,0
32.740199446475444,73031.58210901426,689.0548274445556,1014.4395215459263,0.3264357038738,8.8973305708367,0
49.794249859599475,60426.51916136302,774.3133272931582,18871.48641769899,0.3762947669652819,4.871229734791431,0
24.624651587845214,51566.873449091916,747.3382533589089,8774.922647398509,0.5315117165425782,4.416662500887446,0
47.76819284330793,48919.357051804494,750.2722084537935,7327.703973816169,0.3609556921902831,5.620947717027587,0
49.78327542602826,77228.79600406271,635.9256761117108,12028.595429260331,0.33570431059794825,7.594897598057214,0
37.78031100289395,62046.87518116542,712.6298499100395,30596.109785073648,0.1159556088764159,14.773868365436243,0
42.771265005611525,36898.66188499582,685.414470907758,18809.60830126742,0.20327146879908725,5.009886179488977,0
41.50280307073462,55326.898040382315,699.6004608299941,27365.60541648363,0.1584200436141292,0.0,0
34.64204337986004,62496.40895368382,654.0666537819022,20160.523772520075,0.23199616987348443,12.49101384477029,0
31.423996797970954,69141.66390541982,707.9865850259321,29726.24315783033,0.3237069173184054,10.171681028538293,0
37.21318652340532,76798.08613069907,703.2367009452386,6794.7685589588855,0.38741151425412257,9.763868711669026,0
33.779878456607385,57239.3461611935,630.8608074305965,15904.018326086678,0.29307763459097536,4.425957271494258,0
55.138407485294785,80103.11519721574,604.472836618316,20240.0160033713,0.22672748087987604,5.341138553277521,0
26.447285357023656,69772.42355512318,630.7077071527885,28511.11683087235,0.3416637691624131,5.4747747407067,0
57.99211810942495,73520.39452109946,705.6452542269376,22218.29820430673,0.4399122513946163,16.02071403713022,0
37.645890419632835,66874.44445356436,639.2866034046536,27427.963938538247,0.380103609145815,12.686586420817715,0
32.289614866717834,43641.595446685256,794.505032668105,25722.93873865223,0.2329312574689985,4.91779615265872,0
34.557540892264726,66603.35343066463,734.7001178686645,20086.524720170197,0.1591398513933983,9.230072211301898,0
29.59037152676212,50815.831091716966,724.7402721257675,17109.74429397338,0.38427150533851495,17.092104579940205,0
19.67832676260326,90953.91058773716,741.7970918621068,21656.04302434509,0.3289414520318425,9.951723331412083,0
48.15989153812166,60848.80295341348,657.1838410678989,18512.35256759119,0.508456506680928,6.306360267176707,0
38.46352675058574,49558.85388615972,631.0152402982992,17890.724315112773,0.311116300945382,12.09416321105337,0
31.61549709367497,75542.59066227672,618.5489506537361,20564.03854671165,0.33550001018097325,3.2487380188629373,0
26.941670465681486,57482.01030151359,641.6587637785185,30142.10977302248,0.2725084555530214,6.46484633849145,0
34.37170955564416,41516.16508631257,701.3725089018579,15760.217496328038,0.32284221595998663,7.494189358268605,0
27.485005964599374,72419.04442461947,763.5100257426363,22897.998361701004,0.41227429221628076,7.90985878764914,0
52.98571621773978,56945.36612225827,696.1672876923601,17771.667979256523,0.2956421335365631,11.161983199984869,0
21.03722069575608,57851.43381226388,642.629137047626,13899.320693573223,0.1963156369548796,8.410554961750059,0
30.417871842277187,28051.638335920405,608.0166463438986,12463.223804769139,0.4395304567378298,10.29158029565075,0
31.16978269633141,53436.802771988594,730.5068958438594,16654.622348476787,0.0927734754784425,9.081801316472038,0
44.751773927691616,50382.9580012389,684.2261350714026,8006.1242180012905,0.3473421785272727,5.767608234113696,0
42.537748075110024,61678.94234666595,642.5402192686795,13409.640559214833,0.45542508189431163,4.6860509376763835,0
38.55206885523402,61225.05932295224,565.5079969184524,32183.587312458534,0.14644747998918986,9.569599525789856,0
38.27775011162856,35081.182522216506,671.1072952498043,22081.066346873788,0.3317584688473627,7.22662381801139,0
43.98071787880753,81835.15709361172,736.554830758006,14092.745785479765,0.4232386826293281,6.6778546866095,0
32.04561065258014,38656.968920703555,731.1019017006603,37941.73211401927,0.5019350433663659,10.58340545597762,0
44.836647333649346,49682.05996762826,531.0817689867625,14129.348867552191,0.44705941881290023,2.1030397007994512,0
26.77237580234216,27039.243257459108,646.3115290618651,5613.728627982131,0.35183919517719336,9.004116177186695,0
45.403055162702174,48479.452154250284,570.8599973094493,16838.301028367026,0.4098615180217988,7.4380337313452385,0
34.927427973123294,44721.470927640556,808.5582262550224,17688.33162179773,0.3143335075914569,10.976548288534971,0
51.2837854223646,64206.856447443126,695.3268803535328,17762.429555136237,0.2410425552871239,13.742553590624356,0
27.76649428407267,54059.43619975581,731.3772899559107,35894.936068249925,0.37343347054562853,2.647441796909213,0
35.46496881086322,66165.4967536726,656.4310523577066,25756.56645592137,0.22659899350097268,6.601892361703678,0
31.790946285632174,53097.94041743703,667.2835116770102,14966.918894644019,0.33105204183247416,7.9259233148064006,0
49.40218905118492,56484.75508353878,684.9823202115748,33775.37258916724,0.30334598310394517,5.60771222295366,0
25.887065331611083,71030.77028404648,678.4000437509366,18603.968760929263,0.443599301686392,7.514255073005624,0
48.84147795115366,44789.46511872075,672.4112334556223,17948.224572943756,0.2885309405431509,14.862572474440999,0
44.63217222876591,68601.65179965491,572.5741173866523,24993.86493264784,0.28465232887315217,13.870904804377886,0
45.65973205432593,62310.98339450375,652.9832684547255,11408.322214624453,0.2557363593724683,6.699372067844848,0
33.11840692774042,62642.11586503662,670.8947732131572,21510.56975658748,0.34806216919764565,5.329874045009022,0
44.753405172814226,68281.38677736935,630.7506099161363,11632.41354415487,0.44146147166881367,1.8853609327400527,0
57.50721804848962,37703.26253581384,749.2193025047769,24624.84795822934,0.33736415740631437,14.297090778125458,0
33.086914616174404,68256.67921900123,612.4454035939891,10792.791584721268,0.16561788512675238,9.165677073434043,0
42.5318954811736,65071.38475977911,650.944920834651,10805.345017045476,0.39019732240358973,17.317153804622855,0
37.36918747062519,43367.20197495339,755.3653313727048,22296.282049569552,0.499129812034248,3.1689381397780494,0
28.99653603854307,58530.91221590582,638.766566701822,9701.918628491661,0.3858916686056969,8.937870333544822,0
31.751724060436814,61122.75079228134,585.4326104237102,14501.652467939066,0.3323656412362781,19.259518508099205,0
45.24850945250071,45222.664596849856,653.360431082989,13952.311860053811,0.14915120097805545,6.9393504301903235,0
39.546174433035574,62042.21847844715,730.4138571109447,14202.321365633095,0.4404971741532081,5.849531910361932,0
18.0,52386.41581254972,753.3002162130005,20484.43245589452,0.41992258787843095,7.730834156229411,1
45.322881797215196,56956.295295520256,724.8104928289515,16369.978132058257,0.4583154754337666,9.65246905732738,0
36.82410672169874,50202.899158880384,706.9595075822896,20094.322473984823,0.2901038177394599,9.474735369131126,0
49.17747111874005,80117.53915679523,654.2197047006595,14116.531453063866,0.3480102554185978,4.098349209117406,0
33.56365833097975,51089.444577761606,609.1252201025864,12937.306117657334,0.42608273802517854,8.9791621029244,0
63.06927273971173,67159.98196516196,612.3385351553509,17216.66632247078,0.2943530657379154,8.732761999203653,0
30.512507479908948,70902.12914080877,627.2779587545016,18919.551044686927,0.4229312631701126,12.363604131508227,0
47.662261906874214,62835.216436209565,798.3954509091342,28055.975232957633,0.6076007288704388,7.380187867649162,0
29.245401834633448,74551.60275918085,654.810883575627,15963.047041442525,0.3615201607966439,5.56209908738507,0
41.949556147899145,43717.9827955987,748.1502161410142,30551.743228428983,0.4461884224814194,6.636710054186661,0
28.524899423257885,18589.50372029301,664.7580500202547,8829.54214864445,0.4625137649693114,4.467160964666302,0
52.548487535119634,55507.38451764462,693.9575146576975,14295.7589989581,0.4196130096915811,8.258845561213635,0
39.78896180603525,75771.9428700197,599.32790795908,21767.71514517467,0.4137078075339932,0.0,0
54.94769182528637,58014.19061677039,672.1067527827669,28977.086480193277,0.5345492904784156,0.0,0
39.02714154698393,64246.628361034265,720.7034244333154,19022.69890787622,0.38964531990364365,7.0639077418861875,0
23.75641036834113,52564.09462717353,738.0002839320335,27556.942034124753,0.12160038363098821,2.0717919569933505,0
31.568826699071607,55417.7284571379,695.7821644955549,31725.246858465456,0.3376208770560333,2.0226389067042847,0
36.07831024685784,63625.842851668895,668.7173136936582,31373.67268626888,0.5528835753209969,3.0017680032342717,0
53.81499415584796,35706.16249738657,766.5872792427797,19181.081393920955,0.32549961764690416,5.617848084974662,0
67.29462135445094,75498.66176103844,626.927106701202,12367.388838517483,0.31463160369869025,10.12943747364669,0
38.858429319970796,61925.91195945517,701.3055031183135,12681.79907503906,0.31136435910727034,3.462241490402607,0
43.180168609494615,77512.04813576078,684.6852718219133,20615.405770238227,0.4166473224650544,0.2655394866692351,0
52.501122262187145,64683.19366164179,620.8177564202048,11789.348868968562,0.3583156686269186,16.01609158734798,0
28.586916781433395,68386.92454257725,778.7390010185967,26675.129139378136,0.22348816814535885,13.768584296078732,0
36.843967905982716,76794.19670145598,611.5119058721597,11089.407591462144,0.4081042890615496,6.396558347223659,1
46.69592695911704,65072.117305735606,645.987883005836,29259.73905085761,0.5436024324783908,5.5094777942092055,0
43.531332544753155,74272.89381644924,671.1352747927598,8863.430403470367,0.2540592770137559,8.882229238515297,0
39.15677467304011,65981.84425590427,663.7023649469129,20236.64845112837,0.4974013860407265,13.868202756364605,0
30.225992899772017,57202.047337113596,730.0687493768575,36759.9867250516,0.3345945860973755,14.913183712536455,0
41.04189975872619,70935.07495999761,664.522775089765,11574.850875089272,0.3920764369951739,12.626083253392894,0
47.12877299456021,65583.19700061843,721.5935477536021,26808.594124427418,0.47175371502548313,10.69334645526289,0
32.81579043097898,55621.86092454354,686.1352540935778,15003.968610805045,0.16164159334111153,4.120656383383557,0
40.74477094923045,63794.71961477721,666.5148692139078,15494.572535957637,0.27113172248805084,2.2522970647252265,0
60.897409170494896,75860.40471781795,635.4031814922992,23908.94271352698,0.412441664913404,11.950704363732166,0
44.773366596902065,77473.24369462604,670.2078795244377,21371.22682956098,0.31063239597032277,0.0,0
45.931235663760106,71138.42090151961,655.0875989916394,27064.35753701951,0.34352471002689905,3.0700520112734306,0
29.638114336080992,69508.2837061289,696.9659922404007,12278.173986126541,0.3213245857758465,0.49858079882316364,0
34.49124350396408,57594.976170913,620.1174312071317,28618.935452872196,0.13436583393544727,15.596559647313354,0
36.82533829408618,120402.73566821066,742.271427613942,24511.00259671461,0.3870175495755969,11.985872170324628,0
31.613225922254642,55929.78428159024,646.807672438021,13765.197081500748,0.3440930839035446,2.4158452032453166,0
27.90899541358481,68175.60896209681,676.8290782186187,34921.04684500917,0.3456558876261681,0.8354138504618689,0
24.342251550861572,75309.21969752143,749.0843995710351,22695.490241410887,0.36146708546609013,6.603100493115971,0
37.921201621974255,52146.46964564273,667.6310383850956,20884.93177554184,0.3722850675033386,8.458468132290456,1
48.3281874352171,38861.52487255863,643.4506144403284,20304.84934181278,0.4769459240096523,6.318897177578899,0
46.16780563580643,43248.24465771136,664.7322154136264,22613.44512843268,0.09671672219535837,5.915691563234756,0
46.76281510635874,34315.50270441797,580.3172545729748,13891.072202866955,0.31465605566750054,13.408460798148955,0
49.12086858151025,53627.6972303677,660.4043811460641,23808.504530708124,0.45040319069706997,7.452582658749526,0
31.411768492577963,55383.093711953734,701.1510819261293,28969.17508306703,0.3559039135432788,15.184257376919476,0
33.167292815862666,84292.74582208847,620.4209387071788,25471.754677367546,0.3187869319830807,9.117543227204706,0
37.644143480532655,40994.50832535326,552.5614898148123,20121.612241161234,0.24406113205336055,7.151829237329771,0
31.087423610881398,44468.6863896976,613.6494886368567,17350.120964944,0.3002144204997617,12.06951523540183,1
42.49671014873529,54121.528266763366,713.6826380825796,29797.836043397372,0.3073440879808061,4.311973162681473,0
33.36844168704158,38255.51189376523,675.207105069001,24705.882530653576,0.35658214176876457,0.9119542827926583,0
51.13952741880807,72619.59799471233,739.9482814711225,13236.301582969814,0.42627707393118697,15.327969900846536,0
31.221484574711504,84044.77599140324,778.0684009847689,13854.07110178046,0.4444605382852623,8.457115488508997,0
45.62541783524903,51393.96204411944,688.4301293547138,3448.0490459051325,0.2956993684147121,0.6152912048443167,0
56.78760399494032,48356.35524040816,703.9125412410478,26743.304873294597,0.4619721698098354,12.916428765658566,0
27.847745818688693,75783.60975142554,607.8063220842233,15407.749169460078,0.41377457838966447,9.663318261435066,0
34.486768555553176,64331.11455323924,678.4164694113452,10565.849284304979,0.39058458142769104,15.364535584853448,0
32.318415236258694,39311.9874737972,735.3537157616599,15161.045754080693,0.32668776405981914,12.60050820282123,0
29.397261811746944,53659.754224590535,738.3835540543791,30332.560474123227,0.32307995730632005,7.37594963440687,0
42.606884809102134,77807.6455093255,680.3746722414966,26992.454268238736,0.3197666466567892,10.388383640907133,0
45.003195194866706,43593.15070552713,680.9065970097263,35946.20724175796,0.36788356380959725,7.318150497404332,0
32.67192562780565,45037.28959365803,649.7284091506203,4134.694078812812,0.3058757457143523,14.119549801314742,0
34.87517374485703,70868.40671399108,665.2482311955223,34855.84878564293,0.13010461810659413,11.642557606990136,0
42.42410752426199,83817.93106983951,640.681077754079,18993.76369912169,0.4137969366278615,16.528998048634044,0
43.13961742955371,47632.26376789907,602.1410386180028,10173.29312716887,0.28063816996662194,10.953583358429007,0
28.88627067692179,50020.637846506084,602.4948591905314,26216.822697742216,0.2687995408679011,4.371519969655523,0
63.01634502780853,65957.48587264512,762.385487391377,32884.469449869444,0.3621054015299721,17.418914687825705,0
37.665589511687934,73538.32922259002,706.4177302580512,22615.5162245203,0.2582295737599112,8.734625139024129,0
40.88119704461986,63835.455826116675,755.7036454627058,19692.991824071607,0.5019413641129222,4.421624359803507,0
33.719309873412,34279.71906387656,646.7656437040649,4893.084472434008,0.2525441330428863,3.1649493360011505,0
37.4130456390231,70987.83994363796,719.6211501627399,6791.945031518813,0.36789917411299355,7.209083085565106,0
30.95711361256477,71745.2661390926,716.4712629814651,14224.73365568692,0.30611980874783884,3.4007639998751387,0
56.282387080178005,51096.277019481866,671.1316327113824,17068.51401579217,0.43324602962373066,3.934687593918194,0
21.52812489118133,74570.829309695,675.8830792397151,23076.753979549958,0.37711492385178097,10.34966072760206,0
38.150506355287845,60868.501890627595,734.8685172647512,31619.966257444503,0.5207367186302534,11.793965129713056,0
46.611144634726756,74783.05304596317,607.4016379742701,20898.02653516043,0.3417656845711221,15.426076522691382,0
24.027857557422436,60897.44659666334,661.326271145953,26818.010260453022,0.30138757324396814,5.750076467288324,0
44.61015963743185,91502.31070051971,608.12424964546,19375.448979080153,0.15381002358328022,10.289883287235238,0
53.165064027087496,34245.60359046131,584.7290262746383,22185.85794291152,0.3415726308436599,10.833129450754619,0
42.963696717799266,54216.675510226836,609.2118735974559,19449.606613682572,0.25073216216562405,9.590164308087568,0
40.00007512221247,78663.97130358388,638.6099092912592,40750.17042155526,0.35803162491809004,7.993466895090741,0
39.657891999073904,73624.08091381192,612.3240171111198,5770.258141189501,0.6294275655948665,6.518652403736116,0
37.185006794493155,62347.884583524814,595.3449635714255,19396.070239320925,0.3874824655526039,9.28628838482046,0
45.801776447125974,98496.2486311423,685.7611074418796,31911.46993258399,0.5759924388837456,12.66102734018375,0
31.364734034819534,53465.32110823708,635.3712228936824,12524.755935745025,0.34574102646102833,1.7427842407707326,0
43.26813061977527,72114.26513689657,649.488477013473,25712.40742384309,0.3927977175444158,2.218362834421585,0
36.61474274858416,74780.40469172761,632.1457308413172,9991.876607690032,0.4374168832787231,1.9264500621450669,0
34.18377149734922,72598.15174633611,615.8521826967326,11090.303348701833,0.4636051574278968,11.373845500140671,0
28.436244077058436,27269.17956611665,626.3720267485918,26770.25519189203,0.4030736710228951,2.877956930245767,0
46.74528219339402,70266.13219538706,681.7055395789687,31280.551594745422,0.49283086639409657,6.77790562674538,0
34.09354621231495,84155.51448997075,538.2159131900954,20159.468059291394,0.22763976326865737,13.201817659293468,0
50.77519982200594,36134.995616867636,566.0087128867201,21565.867220456712,0.4473571380350972,18.232099337938493,0
39.719545810776786,80368.80912298911,578.9782881327653,3083.879109145015,0.30948162172399085,3.7198705860037533,0
39.96907762042443,63551.18263983534,724.2166867310915,20520.079272855186,0.26547723271509016,1.8128304414774004,0
29.0212729076868,66903.34428608624,562.3639327439586,13245.793521021573,0.33361667987239924,4.46584937503389,0
29.99884280053317,43173.34822179348,706.7555495300765,30062.17545879561,0.3166633750510786,10.512117094347479,0
45.46998229645459,70167.1935453295,721.5275224190045,13106.790383556838,0.3438952569819278,6.520700209180532,0
39.03812306760989,59727.87799376263,701.9289443777047,22381.816472560375,0.5200802150048957,5.677900423208412,0
40.587424306110805,80537.04812159715,664.4361949572061,2550.943426457623,0.4224725515038981,13.418915951521653,0
46.51014505641643,47082.26132849832,723.6745238632875,24083.05028481458,0.35820525173906465,12.338990868970365,0
45.218448364473296,60260.39486527883,719.3541960480211,20398.032943882754,0.23276308653140437,6.868314830782179,0
36.44167696231209,76325.05603996434,727.8662695132288,31031.269356801837,0.4344243390881302,11.816701920663064,0
68.9438619162691,57180.34853719062,659.6406952059478,15154.898672164503,0.2606035648099173,0.0,0
71.35047340087907,45070.80103115876,662.9237050495889,22800.965497986443,0.45435724555683643,6.28079007394882,0
44.403131091172256,68663.87469630508,705.6658301277862,16173.466842868676,0.29662263143570416,3.338901537470397,0
25.608056409559282,69374.91555286052,712.6821149568693,10869.26987983062,0.3805775743848624,3.8398675779029077,0
31.063898586606015,61775.15442090011,539.580142938795,11152.002561644871,0.37218852260082036,1.1358516147241033,0
45.81739288969552,67781.10992073946,659.6098563242417,18718.26165552017,0.3091282453799389,12.490975350438669,0
34.23393113379122,60124.19509510979,635.8089359572003,18897.945814473384,0.3454089383699131,9.83467739356065,0
39.18297731590668,38853.153078422954,659.2837217970751,30517.947702443533,0.312854892578162,2.880793412896418,0
20.03254461081954,46484.989972831754,564.796068947056,19446.927972883088,0.3117921085968264,6.828207071010034,0
44.36181515900864,69738.93647811221,710.074615704553,35062.99523613877,0.3952392532999637,1.3166966393832888,0
52.08442604181528,46760.41387788851,772.4860451460917,23851.9534756654,0.5739846883293347,9.247878853331816,0
27.856266365235577,73401.15444687507,703.7938009506922,27181.473554292734,0.4576724524841669,10.90429088721559,0
36.5649997439966,63128.76557824198,644.425896728322,28443.9372701865,0.4802086485381357,0.0,0
36.40979392780494,66536.45523136618,613.7655170120647,11780.016009583847,0.24319488732831837,11.65743243740436,1
18.0,51288.42191212537,674.8101555574813,23803.30029903625,0.17247264934226772,2.196696137781365,0
35.24349922742763,75010.93269753279,705.6639766018438,34022.86744897912,0.33160228016433757,12.839897057385187,0
34.30835444254459,69665.26504854925,722.9813065144349,7012.975675746222,0.29601998500148224,8.11329653397654,0
26.06443033027671,37178.48502931796,732.4421678703108,32805.00561535783,0.36811554676176217,13.891391169901473,0
31.254594793105063,56074.4788638922,663.8163104811994,16399.882285210177,0.31236593067287255,7.482518611813644,0
42.468532710856714,45053.25480173731,705.0099219756383,14236.079300763482,0.4379448145472273,5.791712213599141,0
43.41389047075374,43659.534215228574,639.8736271840578,9476.22793981924,0.26224803095638877,6.983620319988811,0
43.24868552238285,62004.7758513804,687.344417902531,18767.69952595156,0.28455528562059557,10.851025779009817,0
34.240478038464275,78358.53432395247,655.9773499824331,9190.688177712034,0.37907389346047843,7.667220827897992,0
31.75095480501628,34285.12277087029,728.9721211359621,32712.484037701983,0.35230395990236424,6.743150274827395,0
41.4538797545035,67575.58187519443,591.810864761728,33354.97702992448,0.415346115658985,5.560974696022771,0
36.06857841440318,67737.11174998888,684.315946752594,16735.10677608561,0.23448138609731356,9.114757299429726,0
50.36417010585802,72616.06727155893,692.7860636628607,20762.219298975095,0.34578047476020846,14.010305976973399,0
51.6430864712364,54966.26365130378,629.5745784371768,16325.492094634055,0.3178200669466069,15.734521364859644,0
35.273868737481486,67294.16096940605,544.4861807793565,4078.4669144592353,0.3769288989246759,11.136590723683732,0
23.665130413427413,55865.61946169599,814.9713367535811,31951.708703271048,0.15355188235388428,6.204851927469166,0
41.8335976313564,73211.3872885101,702.5484240442435,20859.717880237306,0.2509928424180801,4.709960234410344,0
33.31104500374346,62095.4623569402,630.8651018224289,20715.9812532654,0.24795037769330663,7.7637189042870975,0
48.22297070318896,78139.75147457226,654.5895505581128,28116.43749576632,0.31131414650274114,12.828701868706798,0
47.00099517730365,64584.720866884454,647.5355940083609,25481.691028381545,0.434134194413375,7.492235062041771,0
29.49390640821925,60607.87931227428,649.4080571877195,19793.017976872103,0.504363673007588,5.88885811035678,0
50.482305593614214,40188.20033622919,691.897078865446,31217.061387812122,0.3945565515435332,6.431016723888025,0
53.922773402588106,49210.52821734104,713.1792713616185,15338.308948204503,0.152862106562627,2.7332712753341273,0
43.862238828987884,44224.51081551767,807.5957604247418,31580.649344374586,0.25225430447093533,1.8410834298392746,0
46.101460366504675,57817.02467964412,646.7873834494712,18196.45190038031,0.4064815015484514,10.057489134076537,0
34.790719548137176,76765.24615075349,712.3908564922958,19918.29116434759,0.312478855085851,4.068032529625434,0
31.40839601831955,60530.508272831634,717.3934415588956,10383.155474013627,0.4048554551375171,10.39266206646294,0
52.548868714256635,45189.0953301489,601.2823550533765,5883.649114057755,0.27070202569636226,11.569324478017482,0
42.41109117047155,53649.72338787428,640.0921483447456,7453.572855898126,0.32478074117602646,7.733458986595066,0
39.083248003659456,76244.40954312033,648.8388791219713,15405.447697953492,0.32303864450705155,11.233062170079151,0
39.31074980503219,47108.864519652874,634.2598202399777,9210.114616421808,0.47480240708009014,11.487192649825737,0
47.5276146530685,63612.48254286386,676.3300357481495,34249.89215567546,0.18946513083699157,9.628503922870815,0
37.8434873379091,53732.50579884463,718.1624967005644,20839.541655733836,0.39977049518074453,0.0,0
35.0157209891452,81541.02815471424,560.6894643001488,22590.781482327657,0.44534057441318686,12.68544384104461,0
36.95256394188539,70213.97224691341,592.882108938457,7818.583901932876,0.2716037091774219,7.88663735284483,0
38.375027989766345,76037.02545571077,676.8961125532729,10973.806805802335,0.2941261657520446,16.38630393482415,0
35.13528647931782,38361.647519830105,703.3330883482614,1470.8063693295953,0.3038935154432471,13.628793559786427,0
40.882823106652886,61225.60119300627,578.7389905922042,10008.801929895619,0.3866328843001859,5.433136444576514,0
35.084013731234464,50310.52196966221,761.2903064322535,29746.084967543356,0.265531658288367,6.296619448952094,0
35.450721573778274,57535.044972798125,759.1828163372231,15389.452031398767,0.4191258381291188,8.951531897566948,0
59.86539197727147,66050.21165157348,604.621954287589,16482.640181526695,0.2869083715171018,11.560633425588975,0
40.07260483985849,22467.344952350897,723.7173849943323,5662.5075053437995,0.39830788477524565,13.380942801118263,0
57.07986180918803,69246.72506762002,668.0158865139571,22180.585804949835,0.3429735232296405,5.851152638754345,0
29.952353920596938,49155.60909762814,679.1868110802919,30484.84090458533,0.2847068710798891,2.7731637334595955,0
47.54816734281094,61749.77908893392,697.749767913921,26157.30682260189,0.10836672020733379,1.1057722967473191,0
40.11318007124972,65011.838462905594,644.647934482524,27755.64236104031,0.2776628602289738,10.054264420044003,0
56.910100183182635,26492.334863196513,636.5321117611019,29153.21451729053,0.4987729293344492,6.070187788050237,0
35.3481365287244,59003.277323293725,738.5734790828856,13829.918068240382,0.282462277878547,11.220577764831491,0
57.9232298935285,47209.44921523161,737.4222349634942,14178.694113538379,0.32751215792561045,5.678282028088551,0
34.11353901501645,55291.780697048365,709.3646714052121,25090.017295114674,0.3272998440450281,10.148248550585453,0
40.07627448212862,82487.6090159695,649.7889501414545,1000.0,0.33325050103798864,6.68061092595946,0
28.43914066794501,37612.067580147836,675.7492529440727,15304.159736923768,0.328461379730572,11.350031443799866,0
39.65448848378747,49248.429137090956,693.7616782102699,38642.73645047097,0.328402654757178,7.47714792500991,0
37.93176896361762,41311.517479751565,628.6460323661103,20149.84301405113,0.4613323007609524,3.2948123267103018,0
28.90614177283304,59215.21318730033,686.8496211431844,25742.951581853496,0.3406076268836979,17.04619076232907,0
21.540034478553636,80672.53499711331,667.0737475479118,26019.838238373843,0.26670940600103066,9.745126209547696,0
48.96406942349168,91102.05346679875,589.6168706501647,8272.191924778508,0.3075596411649697,0.3618363120950381,0
44.951375782168626,66376.94450426407,715.0893712807498,18015.48007792306,0.40344483173602236,6.016723562995421,0
33.03661482864682,40149.05469551869,656.0363253006207,17694.13266226024,0.3142507565597273,6.964507406270714,0
38.93206363530614,62036.69995597858,618.5944849293932,21612.78994540029,0.42882734302589753,4.2823304587618125,0
32.74796154336235,63922.141394380225,755.5902861187752,18226.84483459839,0.26073425259405675,8.801679304291639,0
38.61925343653912,75626.4009158353,600.6947592014283,14035.336116434608,0.3917719962189084,13.377556214585073,0
42.50042688748701,63704.46305997603,738.9681362510767,23107.32303686487,0.2525637734053149,12.327077827910284,0
43.53115657070114,68337.12626808496,682.4029299128076,16887.184872486236,0.3763932661008957,8.779733635295052,0
34.99023126383968,46259.943140183685,635.526545490258,3197.944927974251,0.5104392802549214,8.747358405362478,0
37.901956230128185,55299.28368787579,595.0374498747997,14590.155464781796,0.393266694878125,14.708922849602494,0
45.16116884466646,57825.35195536483,575.5842113971047,7633.884206806499,0.43743018128806066,4.507088584731363,0
33.40673549003294,64017.883490027976,722.7330677371044,19111.08326944484,0.4374309935138606,12.083978217788054,0
34.44442884542591,54007.335576181475,667.48578607431,24357.804060848237,0.29286809780249334,0.0,0
40.81850208597335,48573.34322797352,661.8260589381069,21290.501863135145,0.33981313402448393,8.39702250644848,0
44.94762248594005,75814.97406755731,483.1803441767426,27944.082188080793,0.41584782975230583,0.0,0
35.76050248759874,71879.54378399882,822.849367234308,37858.48777008651,0.29044958932799386,8.998371134094391,0
47.9653079865309,68956.425905177,723.3859068489818,15279.573033701958,0.2492117454294303,14.064597908138818,0
39.29935884003935,68308.34767075651,691.3004596088509,13478.4717002962,0.23606805141451923,1.7401850412930395,0
33.27257469695837,62284.06916368133,737.6355129054785,10153.861765118245,0.35982402827539267,16.910275456159933,0
40.944154072462034,47423.0860412095,579.106290027768,13244.144088075558,0.5511852336925713,4.832360085182222,0
25.433097059719344,31133.83864205095,567.1043744623922,17238.229695874285,0.4332699096804298,14.655036843669643,0
21.641009587091403,74268.88536661697,665.2739307949247,27161.825675885928,0.5162430286981302,8.630088093629443,0
43.390251296105696,43450.48839789856,746.0993333193034,21146.205930297347,0.24209853609965104,6.030648490881108,0
22.236766602328064,68734.6458295651,675.9199168182636,14127.430058859149,0.1576109870129721,10.100527841879085,0
31.980529167983388,48093.33677052047,698.5917707819721,22040.409928703746,0.38680592866643204,6.069109463087673,0
49.98670588899387,55641.754239772155,655.8731380871062,11635.4569055042,0.17916662063021463,8.470908078465312,0
43.31694064261448,84279.71977508412,722.3254538893382,9016.884887595159,0.38175015429602555,6.030521469570221,0
31.500331319371902,50504.75653848132,700.2863265791207,20868.901300525507,0.27565464433088516,1.191539862854416,0
39.8500957133807,66991.69528898317,605.563582699533,1000.0,0.3064084668294156,13.727101743701528,0
25.66104271917001,40929.741526315454,718.6882536499996,24635.998382211077,0.3983616298448864,5.851217498420311,0
28.60809685924373,74853.49159780817,657.7712591542083,11036.292736907306,0.33782031022221387,11.572549968769959,0
38.32181903429453,78625.2865454809,845.2562088894235,23597.182771918666,0.34314564030130174,0.0,0
45.87449551426594,56900.28339030035,597.2000443441007,10997.142515965195,0.3555041478254889,5.951952193035881,0
39.66270478999349,55560.64570674308,628.2303233134079,12615.27263634203,0.40516027066702237,9.667924116203698,0
39.15705732894374,69784.23792402228,639.127106455911,16591.923449161666,0.21735842164158284,12.770598698742452,0
33.49655669729652,57476.28889392783,661.6984725236347,10314.196972153239,0.26518310676891754,2.3729842544590696,0
40.74518242530111,40370.07454483169,660.465091855764,21220.09854762221,0.36800225291289324,4.256165969567233,0
47.960178154738344,47557.795407254154,713.3033064414618,26752.56131001843,0.19569159536647263,6.765260654996606,0
51.03748023461557,86021.82351383801,850.0,9966.93353508942,0.5035847919756384,5.755193890133416,0
43.427734110208476,82705.65961278263,608.8365084263992,27251.092741939403,0.5275787508694344,5.479342368928506,0
41.219781889406484,58150.62076783497,768.0570073440622,18116.6894547572,0.27148327901801006,3.5492292820421527,0
43.551726778037384,37364.435985499455,676.2995037870746,11482.352693396771,0.3133263398118589,9.359088246364102,0
45.25360208009038,50240.515645616666,748.8189285960401,27404.031017394147,0.20462634016667453,0.0,0
35.182236259342744,72653.9819198049,755.69667346902,19316.014400074626,0.42816563909807837,2.057616700072673,0
36.308880840435094,40320.034078551726,606.8152996373449,21046.526148027333,0.2595949781015336,2.178602831892282,0
33.3655502597733,58311.39254733939,691.7031216218334,11834.967472093756,0.30713842546926334,0.037636465723525525,0
33.712005735299385,53283.55010771191,758.3188777618495,25224.703448117078,0.18799585197828703,9.72971885038856,0
58.830295363228615,77305.01501468895,555.5957227453941,17042.436113385014,0.33265308355930856,0.0,0
47.84937722295258,76347.99810864919,668.0610312174366,23254.62462436951,0.4097622515693823,15.492339539606181,0
33.152602943263894,64892.607856401686,671.4630181476716,28778.64198020869,0.39251194647251264,11.100608848052692,0
40.42316779241045,66431.22434108228,642.1771887527075,12883.914025170121,0.32316995809776655,0.09176964141190957,0
43.07489202650255,51884.74883262292,699.1404427756346,15571.566911082093,0.2326178305678938,6.0916059212768054,0
39.10041567478738,49880.84047718285,614.1290511476301,17645.80051284435,0.35514653954375175,12.351920880703759,0
30.362456060894672,62467.657216179694,665.8462244291286,28226.7625609626,0.41900037321245265,4.4727099499590075,0
54.46528642388544,66614.06329258482,736.3269100818045,22548.211073257935,0.37175784070419426,13.481555985413301,0
28.11575394967842,48807.600842026615,638.5442157826383,15797.689030163634,0.32060233863039367,0.483638589390913,0
48.68340381160196,52012.644276864914,677.0339270030281,30270.171658970998,0.3256206720235906,4.605948827180089,0
40.54036956344475,49009.58435080755,606.7934026010055,11254.569246360414,0.3651710711499345,4.698328639058574,0
31.865281951037822,74321.14639265962,710.2194370288148,17337.89874533481,0.11127731845588756,15.191924953595628,0
38.384958854510316,68952.15338280378,642.7716771475889,27218.807140486613,0.43878166329044765,0.0,0
21.495008672189837,66104.95263758748,747.147614212121,23333.498255903345,0.3468794776110559,0.16134172695254634,0
42.749725694405036,69027.07458176637,617.8792805582184,23904.389465505214,0.4071394701626093,6.427603200767189,0
47.28464606570159,62334.854350119895,639.706110297362,25601.17234664466,0.5406790832057213,5.820108378502247,0
34.69939045635329,47202.33228120045,719.3585197053292,21900.705185884162,0.26998875642133624,2.256372757288215,0
42.97857928006686,63398.309405625936,662.8097856257881,18595.17689638788,0.36999047816208835,10.205917750154528,0
18.0,64167.26641290349,632.0004456657775,16937.147129973466,0.27029765341122663,5.207999465642283,0
34.68604458563775,67204.87446208674,714.2595612666448,18717.798278500937,0.48096912626361954,15.137876370483541,0
26.625984098682927,78849.38675375897,762.7246544814761,23799.524672719996,0.26920601674557615,4.578146065690435,0
49.25292603496426,57420.87970524736,667.3616865472129,26946.008480584445,0.2711433693067714,7.203725067624631,0
41.94313187241012,76423.89844313539,636.5515453485256,7625.382420746897,0.3175979155321749,10.7235424699393,0
39.52762421499279,76338.46997507286,707.1541495468757,7436.036251244126,0.33389774670646916,2.6410474370793793,0
38.10771301956268,47990.957257731476,686.216944864481,26506.647670853265,0.13943951773670862,0.21181908807367478,0
37.57111614113682,62269.81747923503,655.2494499852269,20554.595471308538,0.5185816932512366,18.371060187282037,0
47.85062478148775,73377.72596648433,605.3304592354333,26188.705055145496,0.1423702923004445,12.354796283751842,0
29.58247195114437,48196.97608893043,671.6261646600371,30019.489086967173,0.29000833865110764,11.33312181386461,0
49.322531272553476,59966.424647787615,593.2449567414143,10653.64575551414,0.4349866556023458,6.014612897559971,0
46.995888948805856,76164.94159294355,636.0264707471732,29925.672958517214,0.4628063556721651,19.21188835310759,0
50.307543310626485,88034.62224244949,646.8072922571716,17988.887409090024,0.3251770927857835,1.2039788260477877,0
36.52063331572527,77348.22378169344,679.3896272793521,24002.586601335403,0.5143041397389456,12.166578967376616,0
50.81485920510204,66079.11904844345,581.4190795366833,31946.46988397261,0.38273973967896446,14.355741054629185,0
50.00785925774463,24309.825089039965,680.2798881654516,23834.66953245466,0.23900529010064853,3.0266182420711196,0
44.49597691913957,38414.797135685454,616.6661895704044,16794.97515746728,0.37446551400783623,10.407574142434042,0
51.228697457953764,50552.8258856184,562.2157277804732,21514.24878837501,0.5193296417014432,3.959041006509417,0
35.586983563173675,71133.1248930407,644.2131731152409,30043.744510609024,0.4219472580279828,1.7840551310098993,0
39.268521080363314,61827.365388612,685.7832130368224,21061.363567955123,0.3820106258964632,2.413667201721621,0
53.47599579628929,67587.65901434525,661.9595962619213,18189.275673991113,0.4670353472634052,17.402327403617917,0
60.17390380219808,50326.69548341878,712.8701097300453,17185.136810535143,0.27590136840700713,6.465006581245268,0
23.53365218421392,87305.89693579994,767.9659068232951,24193.793274667132,0.3907480038655237,10.031270512914457,0
49.370434368925864,36670.22942847491,728.3670020817981,10381.976651472365,0.4765625881102362,0.0,0
27.41884080465253,56711.649784823836,633.7255484364227,36960.82038419186,0.28121044437285525,6.441906026278198,0
42.10291501450314,60667.35740305504,580.4760601114252,13775.813865603151,0.3512340125264585,9.530913050982031,0
34.12101897498604,58892.59129977358,631.4374260560847,14386.280536598471,0.37206976877289827,9.430147522470065,0
42.05689040717812,48639.641138328676,683.419174217605,25014.49869541064,0.4123240949829233,13.979325950450406,0
37.01761350603873,67946.50742132645,651.3633870538811,14728.189805351485,0.4841838196876186,0.7224768617112449,1
43.94073451740299,65748.79932955245,702.0592713194238,23167.852169267302,0.18807616397692686,19.54872294964337,0
46.497446906254496,63010.86439761986,666.1886707836272,19194.62244105623,0.42743431899402407,15.524947165442779,0
36.51844184373887,61397.36017696442,669.9989159732745,33058.47427080912,0.34617941882613307,11.13492890968351,0
46.68563396012146,61324.330834866756,590.3326578073994,18708.527340807123,0.32825885055777004,3.564531228679556,0
37.124243734956835,79894.19392114397,651.2966960805051,16557.38217848597,0.2989385331958737,0.0,0
46.84819456841958,65695.9541795973,585.6388516701721,24045.63153617334,0.2871185602252603,16.269603181441298,0
51.77454393890306,92581.99515264694,624.4550958913771,5794.109353221962,0.39912913192363497,7.0148102500075895,0
41.650850837802196,55184.41188060031,694.9890499286101,25206.163988571177,0.5221079359423298,10.39650370493376,0
42.331126363666876,82603.80340452895,800.1370715958917,23880.51501846505,0.5210921142933902,11.592879088141167,0
21.972779495754686,63851.32390822154,711.403489998537,26075.15565839655,0.39543646567535995,13.807300878372097,0
32.28109521736145,54280.39734258757,613.3951691843513,22874.31690565391,0.45198719994531833,1.2224141031662992,0
33.77343421544354,75553.29711319762,692.3136139791083,8531.923226058141,0.2971392628226034,5.849603709095808,0
38.49340385861621,70076.03386949733,590.4816938270097,21018.148209785766,0.40060114998111246,4.510745617994308,0
25.999771131032297,67658.41235503842,656.8510797194041,22444.63693155595,0.21438018499679107,6.798393874948831,0
26.98933921242515,75091.9696470352,712.7158124832474,21272.9537456508,0.3923929259194165,4.244052043087321,0
39.228930431325935,26711.157217318367,703.3522128450085,1000.0,0.4544513135158139,4.123555361618745,0
42.07825267312994,41490.19218918759,673.6871433234008,16259.709685907383,0.23977799735476885,3.6677682043901134,0
49.861959282732954,87426.68534656425,668.3793432679968,17923.758921432796,0.28567876518935054,5.663810064881233,0
54.32756426622143,39983.609523881554,631.4699136367232,27126.270065716482,0.322408811519312,1.0533985292941965,0
45.282584995152874,69113.6775411837,628.0726342209606,22859.65899293967,0.3074860704188003,19.117286129464247,0
36.322680251760154,55221.22350144889,551.7365884448262,22629.90505322479,0.20616745062164385,8.43548954533635,0
46.91720859369497,50351.772565874315,743.7753016393149,20240.141942183986,0.39040991564193567,6.022246073623121,0
32.01653251735135,86157.46317601616,623.6490695886729,23980.037263374474,0.362311376484224,3.5991429751050594,0
42.138177272479645,52553.866053378224,761.0855276729139,22358.28610885038,0.4224329169766682,5.60334436187612,0
57.899759295397104,15000.0,756.9189581822914,14155.07130411296,0.4253727826722796,0.0,0
54.73573932175686,59189.69531155051,686.4548380224095,15736.651927538527,0.29361435399233765,11.305226487695679,0
36.976145977348466,58333.64770500957,682.0582089886943,19170.346932107743,0.2862436154644497,4.767693786655558,0
49.70363704469223,57765.75777606216,773.9711313697386,13127.713366821194,0.263325635542849,0.0,0
36.12082979473966,47582.61825916045,642.3825657363508,21645.731582282362,0.2603238460277206,7.973598907536955,0
33.84893989612558,27552.82481101103,622.5766122520201,11212.830304373716,0.32566778574602867,9.141927328276783,0
23.90662632279286,68558.1929101728,684.2420055377469,13948.69334267774,0.26410511800030645,10.296981107366165,0
45.368901631091646,37491.916187063456,692.3277347132669,10225.773058766674,0.2285690524337437,2.875337120309455,0
43.05940784165888,59521.73683057036,650.2868315638194,19540.874529269764,0.3074869253731134,6.947556362551804,0
49.844940171717376,43878.279571632556,675.3988861823152,20161.195078531415,0.34109122057416963,16.155772373468736,0
48.05922147436432,63559.577483176196,786.1420335428538,25510.912760604628,0.21879303289057742,9.9629773469485,0
37.0047966615562,69308.207094183,623.417696184404,11448.137750945023,0.19113369483518752,3.762036900808825,0
48.63101609763781,75819.01244075866,550.8716523277666,28040.23409215475,0.36111754709465743,15.481204822076837,0
58.80730754624112,69768.03722807109,582.3015991976174,18701.91324967568,0.4863061403824652,8.219097992662855,0
63.0128376187885,76959.63460395212,717.8092410728553,23028.6071583857,0.3954745488312495,4.108234309380753,0
47.724558045656565,57358.98135961031,588.4296561628232,10891.243964646865,0.6091672482076089,7.443098016482772,0
42.88475888265399,50221.01355436206,591.7619225741942,10672.632511961008,0.1298474309277919,15.187078987085716,0
43.88664086942318,44676.15573175985,755.4821086251936,16536.249655405212,0.358216783619575,7.491434197159225,0
40.83389668652679,43651.38372295476,678.7990161230266,10149.574032110266,0.613191918615037,9.576671895069282,0
34.24431116677012,74297.0932986427,664.9282623956013,6138.789395038326,0.42601293635408305,11.927128679386428,0
55.77291401865359,65168.804872364446,717.9383483851434,42745.2473704515,0.4631064354213149,7.651451684352843,0
47.62506469975344,44475.728933820574,721.2266922011947,13504.4509387846,0.5765916590638417,11.276955502431147,0
41.46496699700322,73987.04861733358,629.2400387058233,27403.632388359732,0.48077010398510833,3.604740593803024,1
54.8762096834631,81772.73270197245,745.4933862354812,12298.158657040447,0.29924182839793556,19.106808531552804,0
48.39731475446163,60052.26702184239,640.4266791124148,20048.195465675548,0.1948738414133968,4.914323808749857,0
27.437217878657304,35990.98777203797,808.209872714323,27603.81403109501,0.23073945610459112,10.587175866279123,0
52.366387666542806,81918.3023931821,671.4439331709274,28342.618542640565,0.323553351732533,1.9436723158200984,0
35.90568738085027,50976.87960156236,561.9986022311737,26540.912199521128,0.33066605345444705,12.45115071138866,0
26.824179617919274,66100.38194661355,577.2013011073338,18461.771076489986,0.18521639276080637,0.0,0
42.898594014928236,50293.42959038113,730.2279611597615,18470.090667934866,0.26222511787628416,13.962318314193565,0
36.89803099666546,70514.72985587067,775.2272784578141,18748.586823713744,0.36583997083314806,12.292552904647462,0
32.55527194943747,44687.47011106151,583.7233865726874,23524.04385967416,0.4334421766677787,9.72163140596612,0
55.83547291673275,54762.20419803749,628.4303994409116,22260.16556994577,0.25929677964577363,4.556933102944747,0
40.597221754362764,56124.669403190135,707.4718919491158,31813.290642363958,0.33280932397992624,15.802156320717884,0
39.47776011843021,58967.19952675791,625.4474913254165,9468.723379716212,0.34035173999191776,0.4904064056254853,0
37.486348543729875,50400.43036394945,630.4029336227206,25121.30963130109,0.375885631040569,6.0310511208867705,0
36.070176670971826,77098.85526268948,686.6434383828514,35584.839968125096,0.32325549833067113,15.557697923314338,0
41.887792036589495,79456.99527900355,703.1523207254456,15790.02888664211,0.2675848877074869,14.8553206691337,0
36.78856256836174,40997.79529559059,671.8556900164518,30727.554129662894,0.4477589495420463,7.632241412730397,0
72.38343196752376,59969.65112731955,676.6381771056224,19107.671084455607,0.30137186922140047,3.2207537877376016,0
29.4562496408928,66000.41699463881,587.7650847228417,38290.69439672237,0.35208925216092063,1.730178197012366,0
41.172431821119986,46048.046182386875,757.2638161649683,10989.318434643836,0.2698100460628835,14.16913964984509,0
35.29726722434087,56372.760732356044,734.0023649007097,20459.608413518545,0.382805392597188,6.527641401568792,0
32.974594586087626,49900.58631914114,664.294825029303,28129.615605323117,0.2369163942604573,4.927316799314289,0
33.32061483530553,44291.43591815206,679.4142942093437,12657.882654980214,0.3823033266543119,11.790803192211635,0
40.27655053690958,69807.55038762101,727.8022722073869,22318.639696281054,0.42051570896402596,10.783776080975787,0
49.31194710665466,69463.24333502747,700.3133765255883,14996.959245615311,0.2130500348224105,7.877515192158782,0
51.945064126916286,70520.06629603256,611.7847188858923,22437.40513421945,0.2518699858136869,12.10592291122665,0
46.966415247324456,76570.74519461572,698.3830127234557,8713.587498857762,0.3628500937359262,7.574722288899085,0
35.76318229558698,51282.05385546746,636.1835557340873,15628.041015640683,0.3663281538115239,3.30263217799102,0
59.2173816791684,58343.19659331041,802.1487571662586,20022.144468703376,0.2429251020443231,7.493308475644329,0
57.77733596458139,51739.5830401064,681.6854780577995,17666.423435631077,0.39271103635767574,4.124938233102615,1
57.63158283549572,75619.67239557073,668.1629141278615,12148.0565513347,0.26954993997645793,9.924235539448762,0
35.28546840296714,47854.26890748101,576.7097220678661,17891.536977667743,0.1814124165614257,15.913940555001606,0
46.21434642741778,59227.909363072264,661.0334653801613,31163.200272923998,0.4408710483947956,2.864202822541958,0
47.102542824744326,86115.58084029597,706.2095260202868,28472.635030751633,0.20705667999356603,5.965068942859347,0
45.84932733083613,70688.42913692059,691.9106812812053,14987.32830079725,0.4008050146726365,14.068904427117285,0
45.68754796018879,65785.38280950162,649.3552083046383,22569.549694779424,0.31347673798393183,3.644849005609741,0
45.49022707734368,41780.01967903707,613.5719792142569,18431.68802659693,0.15735160594402095,5.855391829892897,0
36.97568539144732,48622.41064870697,644.2332819445738,12517.238447514974,0.2637618295480895,9.292462405937004,0
52.07317030500208,71218.73876344106,642.4553099466783,13038.194022136493,0.4025247543563964,6.276949282803707,0
53.77666616231494,102866.00911249811,728.7740420112336,20714.08982048991,0.28026437600303167,20.168407248788412,0
46.36283930017923,55101.12126887792,573.1542637224779,30600.519144225582,0.4619943979233755,13.056542141831404,1
40.552973534990585,37667.331836262194,677.4415155328165,29859.61302441002,0.2381919641108753,7.407805400960086,0
44.05817116913112,48517.349752261274,588.9092011449619,6703.9866194574315,0.3935844405720497,11.288249962976437,0
52.484572829871986,63752.89375981368,752.1907915230736,4738.065027658675,0.26206529134604883,13.950857165149198,0
38.7251838907807,39589.53601183495,597.1475844644847,18773.582523788577,0.44150913991514656,8.965693370797872,0
46.99435666601288,64745.02266103559,703.6031350045855,27233.447074817243,0.35866875058714537,9.484280590176786,0
32.64749539971693,63773.66685484547,654.7323681972923,28714.026024663937,0.26994667769346403,7.187092037328656,0
43.79216099360931,58990.84698500726,775.241946502621,30428.738971875486,0.3443903745393901,0.0,0
27.253381794799743,51887.35390055459,684.02042406856,17861.3633288375,0.4024610164083691,7.729152161562887,0
28.6308617793053,66835.34292123068,658.3760114715757,15502.082852881791,0.23714911770094937,4.555964596420437,0
60.88481804549089,60012.78299427375,651.2527755621556,32623.93444445989,0.499950270911541,6.061029489334725,0
41.31646817240223,71812.29234097632,682.1898357449442,30313.827089614264,0.47006290934308864,13.742390268722737,0
51.03714818030201,52922.6892974693,612.6241296656663,18643.17551511419,0.3512195516448173,10.877454830706348,0
18.0,55167.92049050747,776.3489808051555,5278.239146855822,0.584015690118541,6.750495715440001,0
37.62301536331032,76056.42529918702,670.9192724400316,12551.639754068117,0.34634187965504215,10.071255870965151,0
38.24216740241662,42089.98272982998,592.2148781385051,29115.195002359458,0.4142927709296391,1.8281313316363397,0
34.41761459449884,87155.43088578235,625.5161536919,8560.988970660452,0.34484356327574234,12.816818312365728,0
41.3965556823449,78669.78817484423,561.5574634327281,27202.715046571284,0.31111066999084536,6.697051173416761,1
31.336547482285035,64557.58545941113,701.8511525274422,12971.254646984758,0.35521160446098415,4.294124873911012,0
52.55861143420581,64177.44280011728,554.2597660885003,25080.29722741429,0.32297709412998205,4.78893327607816,0
46.58932887993332,95803.70994882399,665.969745599392,24499.723213502628,0.3001084394871728,11.550764913836995,0
28.556442600017903,44510.433245812674,572.7266727937529,9865.013951257397,0.28989390667387216,3.602443457968656,0
44.846547176740096,78580.14210773053,655.2473429319678,24464.609326960664,0.38292722167559234,12.888021794328697,0
43.14519903098275,49977.89020163967,665.5104898262952,22621.75647628668,0.14853627571196296,0.01765060946787589,0
56.108814773826815,67378.30302121273,669.7009551506549,10061.032533832455,0.36512001444798414,5.875103285796255,0
50.5586860218305,48925.22813559247,633.4315431385413,18246.690324629402,0.47030169184943577,12.9748011852234,0
28.816801631204484,67879.24696336672,703.913604536909,25968.28644742427,0.37020868431297016,5.956386586159173,0
32.22824678054768,76843.21094970964,687.981226684254,20296.04856332025,0.3350311692007965,6.75753545326423,0
49.94435002355907,37272.717710409896,673.7995366080447,27877.177725088906,0.3257045796454878,10.547545165590503,0
26.78486621648501,65048.01711320789,763.0945757841081,35147.17856345877,0.31107291247670793,8.342869807211652,0
45.999020417751055,75965.08881044341,710.2174824211647,28870.010606865908,0.36113513534658526,5.484419291819592,0
33.21651933006057,42884.5408752096,797.8085512857017,12624.293792043853,0.3474196939884453,10.961776255158362,0
45.08945072852323,67673.41049065816,779.303322274538,9130.081725415228,0.35300398392290205,9.730530768394985,0
45.38264819331764,62953.04517525864,709.8486754954153,22829.42727414611,0.5427213260709217,10.453194110401949,0
43.745336570778015,68073.36576897508,578.3493554719879,29051.987466295148,0.17847912714012434,10.556196798812701,0
32.53182759344054,62764.685637334864,635.7607649259729,12377.881687163563,0.10858354846837096,1.316485387472813,0
40.3353786731489,46630.15283050795,787.1998535268679,20529.420128395945,0.46129741118351947,11.664372920014547,0
52.202224782766834,66399.74963699198,675.1504568869493,11635.341621747704,0.3372632388054681,0.10823731151686466,1
38.15400167408662,46242.29734385446,723.143469245131,20474.589087755194,0.31897099293791426,5.299372004668635,0
44.46674362298707,76139.63622177117,681.3476106497624,36194.95354073327,0.13864060955247207,1.7687472051419233,0
56.48747795073854,84823.61565048169,681.9392958372271,15120.717385269189,0.2917088860276793,9.657206232670454,0
59.09528691552579,70597.02067426496,572.806549224971,16806.392062846724,0.5025790102670544,4.403269859492175,0
55.546894746825004,64097.89573999346,743.7733747744116,3834.4387447515837,0.5799986455116346,12.151208293152644,0
41.427776731341105,64886.02302026038,642.7299534779177,18511.416266852273,0.325914568740223,8.47268933814503,0
41.02803356902325,57136.96300100476,685.8160354690436,18587.330591458856,0.3750406105691967,13.415512085446336,0
38.23399875531372,62864.76398898413,708.6404949295526,28231.547237393075,0.5219665857837095,7.129613700105461,0
34.87932417579373,34363.29073208403,699.1352479962593,9424.326735010469,0.3714996210215519,7.05685256590121,0
38.36049786775741,89034.06243897241,666.3224872504655,18834.55281255674,0.30437338299940775,0.6487743459168271,0
25.89034028388693,69637.25679192507,607.3770211920908,19300.773854259172,0.3377997795933524,10.593969786859212,0
45.78024943735173,70006.00560825811,750.4147119457543,8873.5288151213,0.3890205231273512,15.73084007792443,0
37.1536484724427,45391.7521361313,504.30561510952407,36254.68092274922,0.3615750721122479,0.0,0
51.312648708002364,64893.00739088228,651.4344192440924,14582.136511689989,0.378211819621332,9.384377739576196,0
50.50003438263212,70319.60623139677,600.8333818496931,13974.170421306575,0.5137033719984078,13.191450973167886,0
53.93015753572061,71442.90869527379,657.7225831628293,28458.009180088484,0.3658360012898169,8.903270423426756,0
32.23190608068972,87370.67344461153,692.4767599349622,28146.684413784777,0.3908953943643535,3.592593760821539,0
37.7332464092125,63083.68722975983,687.1950286867396,20037.286993980608,0.526782502939837,6.023264798494278,0
32.697871773311206,72087.55648675421,652.4094607974714,20284.277377191098,0.3568352297565454,16.73257783419114,0
24.409048375262103,27809.96149736716,774.8747299103879,7854.835111790475,0.43500166839573445,4.726585656621996,0
33.29797030896729,42894.063569891885,625.0851694004936,17529.93115779377,0.3756276136614822,9.906826464557156,0
32.07259383843158,64319.78737127725,694.6054610418747,12258.25722137527,0.46472237143343037,8.673663663634008,0
51.306051773633975,50764.71436124324,695.4284169764309,13876.238067887545,0.26181351093800764,10.814365233026699,0
18.0,42241.67055204378,672.9387756862961,9037.29251286896,0.3050930994503952,11.85135549026793,1
45.103149781599825,47283.924044573854,620.3255458219107,10728.090176471174,0.2358163919810526,5.864497869355267,0
37.46380679167727,52529.9421818061,725.2454303060074,15844.394972582782,0.14028787185381267,13.588697054187062,0
35.42337332317908,73876.43569707396,647.733505477106,16853.231981701876,0.2794834069453039,2.9739624849618833,0
36.9396350326251,79542.0370023316,660.258949801651,20629.51565080581,0.4418893960915881,17.817480073254046,0
44.65757555757612,66806.78508823151,702.3682716549135,23873.215190339157,0.313109930797282,12.482640335689194,0
39.02024349457959,56437.27098342561,698.8043587982576,14217.895326003953,0.4022540162624494,5.496935389167321,0
63.78239620768551,66368.59747199096,661.7834068342464,6133.204051507744,0.2721528882437457,8.503359916813165,0
41.96845764734211,72234.47731984773,742.9482675687846,27308.698008319945,0.26186208864239907,7.15235278905865,0
35.29156690122677,71983.10406061004,673.0203937062928,24338.40981179919,0.5087011340186951,3.804649474112461,0
34.70324631175339,42407.148451577945,597.2033300813655,1000.0,0.2837442982027868,8.705609145703647,0
37.83824318583358,60059.07888852348,817.6262020756251,19865.697761241507,0.38773835387365196,13.699175014685729,0
55.90556729913435,44686.31060157394,640.6854506895813,25195.89787251873,0.5100312246738852,9.13838404691467,1
45.43113721446708,55581.26196601738,717.4250133330634,14687.7177848944,0.3667978922903985,9.498068930024115,0
53.77037456655711,38975.26483390223,705.2955170319618,13095.827147667093,0.3386775284521412,1.7318937632947824,0
27.357890260103446,66603.87337364684,850.0,7972.6259640950575,0.42842621996512575,1.7906511461522108,0
35.12857753269475,55271.67499518617,623.4280730169403,16684.463375002342,0.38948716533451405,11.46076070501795,0
40.696285362455434,89836.13841285794,721.7255632727675,20430.07176446726,0.25764452519224623,14.705969376484106,0
37.99491833960347,76811.80126516576,766.9408286775451,15673.501416269997,0.4778036033840958,9.964418321351438,0
47.02972940949333,61595.87223566013,657.1182285420707,25377.19915280873,0.2430381899137064,4.704592364103831,0
50.515007173855324,48205.39030802608,573.7438639611225,28366.544021501453,0.1896360515781955,7.439515837329846,0
36.33876739897858,40992.04141822327,565.8263987707949,15955.85620648416,0.4851966562709452,4.569649971838016,0
18.0,87984.6323581673,712.3154973435902,36159.71520187793,0.516447582048888,15.97058144802186,0
30.77180812831947,41999.140632062496,762.993382011852,24330.582329107885,0.3328638639819294,11.880153150137893,0
27.994916960661993,37934.949074489254,581.5542199209763,20348.687595750256,0.4347012915693461,4.407499119101853,0
45.82520556648596,57420.850335821386,774.9302518360861,12144.826323062538,0.2057713641892408,4.5797595711121915,0
60.434699799311616,49679.53186527487,661.1905819035735,26239.63862150176,0.285108825845795,5.205348577890844,0
43.430748186148236,65083.234825996995,744.0906475254345,20152.757355790287,0.21033259454773282,8.207712906135267,0
58.19773086209831,54091.77109700818,656.0779580789535,8079.815465425818,0.31314062945218185,11.30288077964795,0
43.38016911783674,50075.608260467896,751.7142596708401,10232.918535714576,0.28947667252943265,12.788615630762669,0
51.229747562046214,56286.64296891314,570.4389684657053,20118.59935645089,0.3994885838352645,7.474975196926374,1
43.24113062376065,35103.32307078994,619.5070480723989,27179.747568686937,0.3298944138198672,7.175965127565252,0
47.55374334210633,86548.22825653292,670.0212703789869,8636.174609204672,0.4438951172799341,7.816297266798932,0
30.730075259573645,35207.58535205222,600.8914519861589,27340.38744776279,0.4651452353223269,0.6269288074322441,0
36.899052224778714,43283.54445311508,699.4017940354769,19631.432396890857,0.38063713551290684,6.06529858438709,0
55.08111571640253,68520.34798619908,729.9464051308803,12161.482115172475,0.31166222164602886,0.0,0
49.29709204686588,102068.26420901643,779.8582100295666,16643.649684948374,0.4683043901760978,11.65928086260713,0
26.44809572884337,66479.95149811616,667.8155283879239,16779.796809828535,0.26995343466234367,3.6541513606879166,0
50.751156918372814,76011.03885613379,704.5987234571845,15338.065534651774,0.36250017439207166,2.5636272867892735,0
52.316693445367434,54947.281518268355,652.3819960916001,26601.757037233467,0.26517731976951386,4.69028548510131,0
37.24397736364292,66930.52359347181,635.6405617540697,27111.752919118186,0.4663061899609214,12.806300570301271,0
43.340435690661394,96383.7215733334,683.6995084329612,26612.73197277855,0.5426626255563113,8.936124323837195,0
34.25939639024004,53284.65773052789,631.8345432909068,13072.80085774488,0.20652012769696207,0.0,0
43.08397262070687,84420.72659282351,718.6222037652252,19743.4079024984,0.17277780270790719,2.1675800081564063,0
41.57116328425061,37247.944436305406,636.0326693807847,9358.890247611209,0.41288520127704764,6.83568828045715,0
36.14697085437113,79050.00107176049,627.4221655287722,17378.250267031926,0.21817736253329792,9.12340528691154,0
39.59472596869492,65236.44993246921,603.4179525826341,9331.124038812886,0.3953005701082918,6.937375753306842,0
34.5746263309416,43814.360147710744,628.6184839198161,28129.7480070182,0.3677635935953833,4.769038423200648,0
46.88969784738842,47781.68296261726,587.7512162962734,14780.557766838243,0.20396259578049628,6.159765552177026,0
33.55773680384427,61603.31838594227,614.8624557114463,21159.89524318244,0.4483506482973094,12.040732201306653,0
43.540425043243765,60026.61627395492,681.7840757516977,26046.250948175304,0.47045684392122583,7.049365677749072,0
42.80810295332091,68822.79607567492,641.5242273222575,23779.85609716642,0.411716169589364,3.6940138600019115,0
32.11851581239415,106678.37746525087,666.7219454984084,14670.112282252692,0.3591430105911604,4.641624544268703,0
36.01188123592412,59885.954231060154,588.534953200305,18659.3441627954,0.4463489886479508,11.62497964223774,0
43.12513592311586,76727.51339695422,700.2439679337804,31436.455868135316,0.2481373108711078,22.861000625818683,0
53.744246847347796,77744.51130718466,688.4948846311652,17769.43797722595,0.3468571352408126,11.936822100931865,0
33.59497543751868,42542.453165017476,682.540186423048,2722.8231186230732,0.31140828399717496,6.658041377049298,0
38.761451485345425,50793.26883056112,729.9243345678368,21096.573306978982,0.3831123074583795,0.0,0
38.137475563887904,80314.61403944714,635.6486999660162,27307.636911841615,0.41017346578126684,15.197196959318806,0
22.465930869562474,67980.50848206083,730.3275468319123,24835.138237100746,0.3470871644067987,12.292090436433323,0
38.52113031067868,50247.56030482436,694.7297408974955,17307.973205427104,0.22215051168022187,12.911525230373876,0
47.519208813872226,94272.11475835349,744.3418253643513,31704.192136281068,0.4955525410947397,3.495487634233978,0
47.81318842988582,51886.1848885925,605.8557853100488,17747.86813579318,0.2942890130847231,6.876448046932098,0
35.199652635893116,55374.97661036185,681.4067293734238,25795.743622464106,0.3598249000724504,6.452426873995097,0
45.357097643598976,83548.14603465941,697.4965533932549,18849.856060879232,0.42750418106038035,17.025153184723532,0
37.51148178289182,46601.076154497256,645.9361404687708,20132.153081621098,0.29197847472712035,10.75824068620018,0
43.5753176257304,61293.67881081565,625.9877868786173,30460.663202416355,0.35371734876978744,5.665134270836742,0
49.35974907964322,51021.90205574723,722.7212494637505,14676.322179253704,0.314741291090073,16.700686995701247,0
33.36247994915852,69720.42263623708,627.2299624372046,4704.393552532481,0.4011314323165488,11.737008599082479,0
44.79736919175882,60123.32753565527,554.4893813022848,18910.956256450525,0.22490344459937864,3.5771428146991635,0
23.60161238721195,81704.81365510626,750.8440248019057,25274.00624094684,0.5198950680461606,3.1726268118572314,0
49.75338613071826,47914.5935341051,662.9974712663791,21350.82786084767,0.2700693108390886,10.975042903175739,0
24.541991528497675,24349.16062663374,707.3296536766167,17674.46418146778,0.2448342968595519,7.799053169459917,0
39.362689452854866,80855.29206872673,711.3572301665447,15777.519613995777,0.7159765841756511,4.296559679144522,0
38.10356341077946,67351.42212210987,704.5456444026825,29186.022381444396,0.37394334559119363,0.0,0
48.616703901092386,50419.12617005309,603.4810434169785,27878.391522225058,0.24217589028368913,8.291517810427468,0
57.891854254545834,50094.36915907039,704.7332246404513,29418.950274558723,0.4445763930752245,8.4890220555933,0
38.11984754579991,92170.78131532695,585.8823215579177,28246.52718717217,0.370205733120118,4.350321058211184,0
40.08588610451617,58163.55472334437,636.1835751264751,17303.52995496469,0.325952557886261,3.676352908884553,0
29.41353017060035,55726.19315562603,850.0,6680.304772606745,0.3153800222990387,3.8240633710941667,0
45.65174709096772,25652.94207686453,660.9360956524774,9136.781988651097,0.3816584350608073,4.687001657512477,0
49.97977237757205,92137.19390042055,695.3622860527119,28886.50010726358,0.34786555137147357,5.958161376122742,0
51.76571002639777,37963.36594462283,708.213607071677,22033.510546263817,0.32093026471639774,7.173934788182134,0
30.039152731202087,74670.29545206958,730.788435676211,27213.150358817264,0.2725938027893247,0.0,0
31.265108912485047,85215.21544744879,712.8303505348025,17322.344651640466,0.4718506040442345,14.335152950504721,0
49.04619523712595,50297.402221922894,743.9124471421651,31693.34665625655,0.5274627943967758,0.0,0
49.391726718903264,86461.99709322865,667.1396906443564,27533.478469765883,0.2864584997502004,10.406541542883252,0
19.500067714929813,86909.98578810121,581.4403073299328,15155.413295962171,0.37492966636302283,9.602105964702519,0
31.834385348231166,72459.43378114946,654.2199020947525,20414.326526488483,0.4247612804744566,5.03750854221291,0
18.051073529637243,45087.90759823048,682.9733663499608,19812.11446266978,0.3275813274476935,3.9261965334424715,0
38.08816410675462,69813.45356817414,654.9228641911911,24980.728395492606,0.444981425151482,6.755395863707433,0
41.41689042758294,55699.73572236429,662.3300065725864,14242.318135044958,0.23779374176813214,14.11902797813768,0
43.49133952491338,37410.854351384194,689.4652804670715,20808.114870879286,0.3460161315313303,9.465478819302692,0
44.52069219980312,69474.39357003213,672.3578216541534,17569.01851703358,0.32180817902976716,7.851551758586148,0
46.57262312303715,29861.86076122835,604.6303931280629,38154.16561703142,0.40572573426234015,2.0883407524307147,0
38.99272391356699,53085.58431386681,637.0828421479065,15815.961443205262,0.4761771781797758,0.40207273942517396,0
24.88118195246946,57351.55717775197,728.2581188590723,31232.690438890866,0.3535092853071176,9.380584054384165,0
42.13768804206423,63577.8961796455,679.4397820073383,24514.333951971734,0.20158843083707562,0.0,0
47.511670787772275,36174.763462737305,683.5628421979271,23543.399276542605,0.3471645976385158,14.844223699696682,0
25.875411548658366,60806.721816422396,692.3001356861251,18976.83801691407,0.406403336089174,6.072285945293904,0
30.322161475937573,47150.0881867648,643.2089540120718,21070.769768897935,0.2457906618973859,13.097270228428119,0
52.012087431840335,32545.21109880266,666.475386543245,17727.217314394005,0.34355696249534007,5.856771931173116,0
56.301519334220075,63173.02829739976,687.63292503344,7791.92583293524,0.40727921952276935,13.256876635256823,0
35.34941407298844,59011.269383079794,677.2953433796662,17441.517509336583,0.5061512997758317,5.804891197785876,0
26.956924865060984,43792.019915770135,554.0009963227808,17873.200545365362,0.26204896583943854,6.780179576439499,0
34.01642542003305,52094.79539403419,726.2589969831632,14544.565922626409,0.3107002808390092,2.8235516590446315,0
31.710446825551394,48886.09133613772,719.8133272756615,35676.26780120719,0.3517822845794999,15.470267831002914,0
35.42772319533423,40180.189272822674,737.9190229939068,21719.284288360854,0.3970250227973225,9.016636674307781,0
48.22761038797101,66577.47958530775,785.8240435180732,19335.168447296226,0.39361645964113023,10.87692203021431,0
20.7791277530742,49652.415440847246,660.4354347436542,31688.115807431896,0.3932537659296833,13.404726275853129,0
19.56450874184858,36584.91847267315,734.6877787350641,6578.518515397138,0.31526697429815714,7.931249723539189,0
59.42953893558448,40477.086980501736,605.9487148788369,15996.148706811793,0.41922712086294617,8.279733382019433,0
31.95563835334657,48996.621398777796,586.8669476580885,35745.44345392831,0.22156866806854686,8.693222137044723,0
51.83657783436596,47341.60843976885,684.6432010289507,14106.461758228495,0.3412115587833336,9.60419807889513,0
21.54749067393456,28441.37264378962,636.8898033024237,21926.638114048936,0.34204254830199077,0.0,0
48.586039353798405,70462.65437989673,566.7125840412078,14839.853375206452,0.32831622461152327,6.9902239024147965,0
25.860598579593855,72940.70559999353,668.5631521345621,38400.49112203179,0.188551358746519,14.078252748265715,0
30.126491197303547,77844.50579030946,813.0534101994649,17366.76803225095,0.5076018391208614,10.310914425659163,0
26.033398062043002,43064.35663990956,681.5600874719972,10795.773792571146,0.42961222216324046,2.9860782981235605,0
45.44725830462624,66005.45946302102,583.5308143291446,13014.280888955116,0.284480195196072,8.374691746544121,0
29.58806439164345,50627.365653931425,708.9098927530597,14204.855853151008,0.4635939668753045,11.469369653476653,0
30.015773451576642,64957.506660051935,585.1720222858435,20223.059016517993,0.14665087881147368,4.866049804808062,0
46.736533602179264,64644.473802536064,622.939235098102,17366.66353536922,0.4495798650521917,9.275105345325565,0
55.67895297610643,65593.68171874531,717.689093381772,25474.77342299685,0.20119725303551125,15.812963859039124,0
44.29321184567434,46603.23237160175,657.8452678034829,27576.972406264304,0.45382038922777745,5.581960713048009,0
42.610413364313395,27766.921073147154,675.5559176887368,18709.559865043968,0.47095944643384496,13.024304107524333,0
47.79849404086416,58673.01614411723,728.4008937864297,19495.113057310617,0.32940311658610316,8.05897267018954,0
56.677782326588925,73653.53905986717,676.81742960778,32584.949526073084,0.4395689932055238,7.807094215043545,0
37.51681006206157,82309.58162307543,647.8445105593435,27718.838818475342,0.49038927117110676,9.580698724080218,0
30.22153014742791,51152.821823870014,646.3060775016902,25142.23594543592,0.51283970586248,4.854536572515109,0
58.43094504973394,66647.97351642745,685.6335810390469,17747.352773539867,0.4648053642295217,13.014382775391173,0
54.149011535194624,72711.24866189368,703.2633159771235,7596.995400038217,0.35924139267215377,4.454435846051789,0
27.8587078747998,66464.58887944081,731.9372003640856,11073.942553724824,0.3706384910733081,11.685166018140732,0
48.132614607247916,52411.81109804844,693.3593348443969,15852.035794831816,0.1503269219719981,5.853554788891983,0
44.07516006608869,66079.53549541508,675.982293647255,24232.832952616387,0.48538867301937483,3.8883789854293402,0
39.28989136082592,50099.960442393414,656.2500750319698,15638.764642008453,0.4815692134038021,12.769457062885216,0
28.476251303697495,65462.77096997188,622.9305230628403,27392.61239242765,0.4613086642581887,10.552711291106425,0
25.89168069915033,30802.77892245055,843.91556075209,17523.41365550291,0.5195108643477415,0.0,0
34.52436422352629,65303.39286673816,698.7207218543768,29548.450239723927,0.3243563100614484,11.426902298799197,0
39.27960382849415,58283.97826557424,528.8240020640857,18916.970070315157,0.13184820898583652,12.131344805458244,0
56.41049198722794,27656.098381125958,627.8938438991021,28198.948549547975,0.33717636752968044,0.0,0
26.010750133469273,75327.30238191508,731.5152030625335,21526.357987982097,0.28030500475674675,12.761315790001161,0
50.182231587385395,47760.168762606976,644.7603715416541,11912.207893934738,0.38536978932399424,11.064069489601886,0
42.12908786788541,80545.4500006768,740.4688661073099,14006.75879790377,0.43257667180262366,8.496780654460174,0
48.15925507981433,72658.23906698306,756.9214043682911,7017.413714453944,0.2458310984293068,8.303902646124337,0
60.22575774207162,53352.4203952902,731.0069280611399,10207.569634471693,0.17084220112452664,5.535165789557489,0
35.56428119079328,65490.47507180141,748.5577334549755,12690.917581040214,0.3863833264283378,0.07229099819830509,0
41.37907689146762,57069.1617199472,533.7375975418325,31321.726215177732,0.35493872596395426,5.123233517090696,0
23.183008242311463,41630.4124234629,753.2880642633125,15563.072278656211,0.4704723291297456,11.089266657742069,0
33.30164649022549,47939.55743473418,652.9188699084098,10676.897656827343,0.2968013650023218,9.926836031091277,0
55.61720071243357,71459.81403333125,681.6616277016897,23849.59226735204,0.28601149555520927,7.337240244604182,0
60.246659034374524,65888.61117582102,730.2507358916212,18449.285831154306,0.41103544052513763,20.367350648189245,0
41.67179114915751,58237.20716558857,723.8707424539076,15505.272867652495,0.3269386551854794,11.565512829188073,0
39.47800130145709,60588.61056982096,658.0874639039912,19728.410408767028,0.33697608609971824,1.268051129557895,0
44.60828984409745,49855.95345105216,614.2563061395705,9834.490018488887,0.39677356990782203,1.7934630756823644,0
42.97026599169518,46149.21076184226,723.3151124423954,31727.482919766153,0.28916812957371185,17.5212806075043,0
62.52553060760863,65485.739012633174,619.3763758013903,12127.878883207257,0.3177281652514667,5.1446597696812475,0
29.89590051299698,57065.78063172941,698.1108114230448,11094.155802117753,0.2420362538258089,6.735152192854475,0
23.15045884513964,67568.94358038163,586.2712408995386,10461.104049404277,0.4079822407141481,10.808553701925554,0
32.55013499973414,73254.98659051003,585.7037035475441,13549.387885095268,0.24380920233320863,15.38120438633861,0
26.222449031847734,50609.710954507376,657.5789335685149,19177.66995988551,0.29304941805672724,19.901742001988396,0
41.135550046481455,57119.03068388286,697.0203124346334,20687.195885073892,0.24885772663525735,3.4380802054145247,0
40.563437278124226,65759.59577737888,708.0905246419325,12238.528509996167,0.40478636242616045,10.997890886836348,0
25.067256890050057,50678.37093649951,649.9929522101178,15816.5046549844,0.3930874829884897,11.857114847303805,0
39.67058111514719,52326.65637733439,684.5844319645912,18167.434057865376,0.32800669336611915,9.328160541028602,0
37.06223053666276,65277.981164114695,779.0100578438773,6491.422919236667,0.3026112931702858,2.302381270068195,0
42.39871498961477,53565.1564609481,675.874688323502,25016.806851466667,0.406729368040028,11.182433794568036,0
33.590625447222486,50818.69655345463,600.7233391173473,13970.708816278,0.292094484005444,14.269615008218494,0
35.99492635776146,50779.08484475033,690.4583622009787,26210.34259030068,0.42070076470454293,10.570669319055597,0
37.12121872715717,69657.18787587175,751.3704858239902,26867.384301656202,0.29828811158984847,12.06672689297314,0
53.289123198663376,59691.99019139146,743.3452879920546,20964.71365337278,0.277080416944076,3.5562553624550253,0
28.64941798370956,64222.39674188093,618.5362342209361,17930.704653972167,0.4369244522448691,10.042393049282307,0
34.17506434333492,41141.583852922595,652.2322183814824,4663.754063666065,0.3833649590964419,13.774688113925627,0
40.648412476431275,73990.91657884131,750.8356548517088,37977.7012830133,0.3195407358101331,13.55230327427169,0
39.27379909973216,31762.283531342655,641.9918134974888,17549.59924545687,0.28561485351480825,2.198815172682295,0
51.56329143421648,24384.967022528792,765.6808385357538,24488.216282316676,0.36350480552740694,11.654186218156346,0
36.96666280125325,75185.52933529913,643.6240607602595,29904.67282622747,0.1567048087017662,6.959281582870544,0
43.464819893828206,51431.186615166436,668.8199598864576,18428.93006297083,0.40713690624434945,6.684211351364723,0
40.32758303914771,60220.98455567613,613.050385641516,12334.375377411172,0.14034612820145018,9.165703197718148,0
31.46118925897242,70966.56164044443,642.8786704315075,37954.11960989295,0.3989538487998161,7.7351514838984885,0
36.92606596048505,84195.50922118452,695.369586420272,30490.0993439883,0.3757530922503207,5.307595844532546,0
39.71255894315567,16699.589010007505,608.1624421071156,16370.244130872055,0.4902795874727791,13.313311410427456,0
32.00964133924206,63781.16557514218,619.7290311039385,23783.158475600427,0.26443358569774716,8.554403582709384,0
65.96253592278404,83915.45448595093,587.2477126305392,17682.767213330986,0.40806070447719106,17.885914274640708,0
42.23446461209746,41469.191999190545,704.2559693827164,18766.738949420236,0.40043232531557876,12.910495175472537,0
50.455673786706704,58340.67234643935,631.0019190966002,17706.235516519424,0.32690306411814,6.952845153258392,0
56.65770094275735,70367.50754131035,699.0043649071229,15893.264875117671,0.2277673543604295,3.342382348127214,0
60.0437660378159,54100.86477028769,602.4342491958514,11753.688850292478,0.24447712857475476,8.711359021532502,0
21.968956011357886,59887.645853046415,635.9751079373012,13120.983055528231,0.17909707948021858,0.0,0
33.589856286653514,54257.57456147679,679.712717103925,20545.171484944385,0.2341000411027507,5.017866122328631,0
25.987260851720652,52222.6887356431,709.8162407927045,33112.59346836384,0.3525324818880818,3.6639099861871216,0
35.09355982077977,60514.74681652553,756.1469497792435,37169.387036357584,0.2356571834766933,11.27411729139145,1
36.43439395930982,74236.55772012204,657.4523754261669,27232.474992079693,0.25711261159092597,6.759747207696363,0
25.282133021669402,76295.63858876697,616.2775662511143,22847.05854061595,0.26896285055372327,9.09651588083987,0
51.10337876617874,71505.33047410498,850.0,19843.464951784306,0.49024151696502194,8.975568865894742,0
52.747583805838445,64317.170429171274,721.2699262219677,22899.6359788463,0.32253865524814307,5.09885463497813,0
32.92782242334069,75875.92368224118,620.6274398564175,16112.20815598803,0.38459191833698475,9.683758599353913,0
46.805080548537774,62760.754839523586,672.6040101516763,16484.565030898528,0.4021665635502668,2.1408404372110823,1
48.54050840594559,67541.15611831071,698.53966385982,5382.191397623752,0.3507937076051649,15.680119875661015,0
46.61555776307863,54271.76901599725,559.4744130933545,33112.7078903221,0.4857217116347453,9.12472898150068,0
26.418985390381565,80102.8600786457,682.9903777081653,33719.41218833932,0.5954878040917212,9.886594795573556,0
64.45378042881389,48791.01431314077,608.459743943904,24499.658623332067,0.06946587105969454,0.0,0
60.87213742421698,70584.17453606137,666.9012940132849,27650.977448041238,0.43924562446066756,5.951160636481788,0
35.107646112607576,59244.665650959905,710.4708494306129,21739.21292494009,0.3550789170064957,9.658195760076975,0
35.36815864624912,77368.96803584158,706.6487961555614,19262.024940915388,0.40350660137706923,11.721171911867415,0
26.692307845000116,58751.33249535133,610.0779945074758,12637.437708470887,0.2815324514956939,7.641652800148375,0
46.14835772398877,73320.98765340488,670.9918218538505,24808.121817005496,0.5133045593584102,10.068020198698235,0
39.968074291712206,43223.22048254972,728.0222341228975,10645.226947096831,0.3156978633295741,3.041872658767473,0
44.82006189882346,62456.00688978166,707.0987996055943,30350.98661149659,0.39241701927460904,15.23060662272905,0
35.78898771223811,62299.44337388911,766.9326112928934,6941.398844901994,0.278609945730817,2.487435171994573,0
27.376531163028872,50092.81970709286,513.2212392109011,28313.92800836736,0.31613138397987456,14.545365851950885,0
30.39079632129299,32355.452133632654,728.2751774488695,19020.08632629387,0.3978021706807735,8.188777504635281,0
33.82725128526731,96357.48152967113,617.4253131329834,29445.738597807467,0.3462778559599311,0.7475531771348276,0
41.492273820395795,62901.459835220696,677.3396699516791,16258.679246358679,0.36125217657833597,20.05137137591113,0
37.724397057241724,45440.1378308143,812.8699157393175,18470.23455581626,0.21924044192735057,0.0,0
47.789258285024374,43997.894071592775,722.8162649021331,15636.914247022847,0.44276443266460724,14.035002346805015,0
46.78163231870987,30139.973963739834,675.8012462906379,15695.756785456173,0.30941752316271537,5.285550781169881,0
49.34021942486743,63766.23088908099,571.3689546247,27322.039369472324,0.2852066974167049,3.1581853671227833,0
42.96614116467486,40374.34636300866,728.0457445471939,19640.165923744367,0.4679513796095082,17.144727889292422,0
58.55970927084158,62604.97866286671,720.406324053407,9523.336593541775,0.43479153125474285,12.189906593167116,0
61.43985913349917,59438.56528610076,718.6986834025148,17630.05663269844,0.4050648978538305,0.0,0
35.086089937730854,54179.29231118612,705.6008520341414,17333.17508968034,0.4043406884770317,9.302734323305598,0
29.42390729932974,58572.54786849662,717.7586922381258,22779.512120740204,0.31331104054169606,4.385346817175343,1
47.66948467267629,50246.874992805664,643.3481239511236,25111.379394504154,0.32228114268238145,1.4870188280782894,1
45.87343045779241,46515.034177812624,696.7731463022128,29941.25374505441,0.42294189485360484,3.577569578701766,0
48.02526680762102,50521.32500766624,582.7936353354808,12980.289283778788,0.522903810619343,6.991256429390712,0
35.02236351238257,39549.69494709973,653.4155374960854,22748.792850404134,0.3930214908994581,12.686075439683618,0
29.756995876187837,54435.22660194845,710.3848871037063,10381.402603857186,0.3372860932292443,11.578183084991844,0
38.43351515920681,43639.42066470976,743.1793004075643,23275.060072983524,0.22046648245232284,14.386153840941585,0
57.365566244552056,63314.64224816945,711.7580061614793,35910.401233894656,0.3712871567679346,7.720688031374347,0
37.97812359518433,38515.30099758058,654.0815616413375,15594.536563748723,0.4686342017932858,8.946502930088137,0
46.96082369481692,50886.044354574464,694.0570977713575,14419.503961507326,0.44630825849368977,9.197450227615002,1
34.370959397088605,69176.95712873043,664.2169858408009,28383.835524138172,0.35376579535191244,6.329085605348048,0
31.202537957317414,73401.7297741954,638.5168698887477,9736.734109558773,0.34164354851303325,6.633526126793232,0
31.994761597166985,37169.62265585625,651.386493784886,28524.1673837839,0.46626496670919443,11.574769370595863,0
18.0,77804.17577385055,762.2352285713091,19082.048680720665,0.2091777476915388,12.417292700727659,0
33.44518366026963,63242.570193097126,734.3050936103828,21994.76129428005,0.2286521604718531,0.877204975525828,0
48.834421787202935,92439.57799782211,674.5086297864602,18545.83930539212,0.23531725153233973,11.6337911847693,0
40.433204468073825,54704.543351157736,726.330479116443,11970.363385865014,0.24740984153003062,9.037282550823438,0
31.539924451948565,73346.14074415035,717.7928415922952,17098.951621381806,0.3002785377197393,4.679523774949202,0
39.46411333076742,66259.74909641941,771.7049001272048,23648.41868996889,0.41657555361904286,2.0235467882905684,0
42.59813548007716,40722.363421905175,694.510042063436,28786.7397066712,0.36854247843726373,8.89596788046499,0
48.32332345478339,63480.68785818279,606.4735037850113,10878.222080189438,0.40095988558728785,8.005724404894723,0
32.68666786412325,71504.73956301631,690.7717305021841,12994.60606566838,0.33790083383273295,8.553196887340512,0
39.92412915257574,67932.45465237011,738.2296760665533,24299.206372158613,0.32233783096688035,6.18504725818825,0
43.3288725589561,67508.96967852127,687.3894645425374,19335.305984902596,0.28910675485648163,3.0921630137942673,0
50.53475953118783,52943.19026963603,620.6840370743247,22101.15834271165,0.39884980960397054,0.8965568914785678,0
27.493219369387447,53339.54166081606,655.2349330453055,1000.0,0.3106607300866094,13.926509170414322,0
36.94185704978219,59700.479934065166,587.4340942435327,24741.86821597068,0.34397742788280733,10.180630078756307,0
22.01161539585766,79115.05951619761,669.1085428562078,20261.24154238202,0.1327514201721196,5.636889975446376,0
31.603503045774254,70173.31856303367,660.0921641914018,25580.470463939513,0.27793991567486115,6.8077006732068,0
43.37134242378855,74231.83653465181,643.5774053603394,22973.0213115326,0.3768343385692092,5.859526503483023,0
57.09207697299452,51943.98106905084,778.2599977578338,13941.462317685915,0.5130743560135723,10.53743028479276,0
37.6181498045162,70093.09478812471,635.7980499600117,12818.82244337293,0.3955016632876037,9.094370070674847,0
35.984055546906085,85807.51040218605,700.581748305329,14578.704692010262,0.45809662192192985,13.409475177063438,0
30.005377147743644,86275.76932950714,668.1190245754605,9963.40275473624,0.3493359720664194,11.149769400061274,0
26.332102987955018,72186.08990401195,681.4004431997029,30088.99417964935,0.27668455356611954,7.521829010253786,0
31.38284083079806,83747.83680747976,697.2753731180604,10642.620950135537,0.41286820354940446,12.09142538397121,0
46.20717508056053,63336.98991663735,724.0101967873102,26306.60053308188,0.26073008998806363,9.381691954250229,0
19.041332962191007,58215.83026007341,718.4392491053369,19397.245578913287,0.22020268228196171,9.529418167410396,0
37.93941605720551,50367.068511477104,702.0180057560358,14878.776559182123,0.3242089122052965,3.4267969281700505,0
33.16841956417968,38888.4865543402,786.4473591255068,15701.122152069234,0.3461208114035919,5.56026705122629,0
29.544909198227458,80668.4161126476,753.1198538887124,27117.08116078079,0.2089357109207505,12.162570111574244,0
42.37883678391368,62294.081642360354,728.9089474871721,23744.119482531707,0.2900616632930807,13.301142553800382,0
32.077336935883096,80407.81956858489,638.2143120171271,10256.186575457703,0.3540579300473312,0.6415341554918772,0
29.123972146460627,66749.57170396535,653.3926689173701,27702.21121438688,0.34922790013438254,15.938650785247829,0
34.16423854449916,59241.37979522487,727.1247961656602,17239.747070511254,0.37498011930016023,1.8274569494265887,0
24.555128688473115,57224.422082085766,689.6906089800162,22253.43011048267,0.16251876009619165,20.89375914985574,0
23.55381190439142,34430.23406667155,651.3598032365124,8841.457389062909,0.3895088441500546,10.685082841734133,0
32.03337583666094,58787.15138570209,671.3696311028257,17743.990726843633,0.21543508937697078,8.64961299348015,0
28.54829889392329,24205.01813569921,746.1852009544059,29572.376650887352,0.3645737462626161,14.628225084283395,0
48.91121190677919,64532.23361465626,704.4342844845014,19661.947318001134,0.25802132299964226,6.4775514480030845,0
39.180871856007535,60710.328350440286,696.6093677309282,28794.68401845858,0.27479083852328146,5.79177913336933,0
28.359434354038555,71105.89506771401,722.252926598549,15570.451614994901,0.2726171027536285,7.988936702442504,0
38.939711261715786,92364.73821701738,605.600999231773,25949.03296117955,0.4706798385024067,5.522910663077772,0
47.01132927177545,40682.91489066476,628.2309345423329,27523.7226601132,0.4717147604588567,14.413851883644849,0
45.76401890867843,78360.87634265298,708.5687436799413,25197.36473001267,0.34406172064299284,0.0,0
57.14655093273326,66846.33367085694,723.0927715673962,5891.578472765606,0.19978798750168714,14.50801861888222,0
31.973482808376005,97502.30872713694,743.602288110715,24917.038097262674,0.16925550078598472,13.084233998026676,0
52.829324548372774,81051.02512508104,688.8495392709684,6437.474839337852,0.2584465361862325,12.405549938284565,0
36.308966940533374,72028.75598802819,596.1729620832172,23100.887150404444,0.27089408577438145,6.225367184227896,0
40.7634063765323,59272.09156273585,623.5885752552513,16954.347963516,0.37777409265184375,7.648870016053905,0
31.415511188905,73042.7507869786,716.5108610728081,17327.32765147907,0.22822629264525396,7.937408959899897,0
29.618296903666934,65040.78068499805,732.6691771852592,39278.3996772172,0.5162013885934891,0.0,0
58.16777919467221,51484.80596463457,714.9485898198624,16193.295521190248,0.42142241838802913,9.138771128506995,0
58.91287341595606,87155.7826124799,669.6732923228486,28067.79278231355,0.27536215342445314,15.74198824283943,0
42.95873652510397,44701.669739967365,622.565720477457,17518.985636138666,0.43230845306902,2.9980649806971478,0
48.34356342255387,66014.51579652702,701.5562035088818,28119.399045442005,0.3188926724719099,10.467645455565087,0
42.14781982131955,69070.57980199435,742.6687542208642,19843.295082824872,0.449338531419642,5.156731127686254,0
55.81979815125559,45272.42753101608,602.6855435108857,4314.546631467725,0.396755370106098,11.793653733010661,0
22.19212080868679,42916.47993961534,625.5501916858466,12226.778866215029,0.12263251106324713,12.152720043401121,0
56.3015213504611,74141.26224311651,738.6421670757695,21653.64763384831,0.4502522141891168,9.335384700121626,0
23.198789862354822,56396.42279929341,705.9477540296277,11844.578856395958,0.3711981241849067,1.6105747592938506,0
55.99050762411864,55082.63324108752,607.3097157965515,17136.246976484115,0.36466124827323665,10.939751052401807,0
61.39918438166299,73739.3688935133,779.2026856167085,19368.28621129947,0.2750083755539773,6.346571060815515,0
27.468807528521424,66786.72894309372,617.2229784108582,20532.35605349152,0.3866581049569276,11.617054052902173,0
32.911725030146535,77447.17003915203,642.7457652135084,24540.40413238499,0.434607542202097,1.2435594658607814,0
39.8769230399119,30354.62283317618,578.5947230321611,17150.49818513291,0.49206489449141105,13.575187984040628,0
48.346459051794206,42435.805552479964,733.8134965920425,22006.36491299662,0.14683951995896308,6.978687183128509,0
18.308215630286014,67966.33166425215,734.496305711507,24335.125782725267,0.2836555414205558,4.558251256578692,0
38.42964522676367,65705.61693710244,699.0444038907726,18438.945526714815,0.2828092481157959,11.158696859147815,0
46.662111447038725,83319.39627350625,659.7821622176353,9226.081729127543,0.34923418991622046,9.960712792253345,0
47.85648912271168,32971.7996665015,552.1970638652457,15437.382229389872,0.29475695165157956,9.827896620999908,0
46.50194709772543,51611.94256747822,690.8879446614775,27346.282008184848,0.43999886844109026,12.765769360810104,0
35.47475190895042,26380.909786177916,697.6644180898635,23009.47449619974,0.33598282135875795,8.780530933041907,0
35.89043152502956,66358.62525111185,729.9142764809827,10329.78662911529,0.39482526648795335,5.038864974531719,0
34.36064725890194,44760.855664080154,624.1228196223009,24246.34319969536,0.3598631488754102,3.932443446595162,0
65.29127892253223,93309.29262006399,628.8573104036484,26724.322118242693,0.418749393000561,3.2832297111140383,0
29.692759881361717,45801.455020435,704.9190886380362,27431.13798938044,0.3527238180526511,11.656779124066565,0
42.42574183348247,72622.60407989944,679.7222276094279,28101.298184263604,0.42126995957387303,12.65767276002413,0
36.82988547335998,63824.35101199632,561.4496852491881,19073.783724999917,0.3118473609746247,4.301601523405541,0
38.36264539026522,72050.32626219868,673.3785581416836,25367.559745104732,0.3312555735788339,0.6852294895197613,0
43.21072871914034,71579.2439311725,622.7385454184198,13715.137375649778,0.5332693772884944,4.572408349715506,0
34.18324387828963,61180.66611942823,703.5040802821474,20509.4288002372,0.4336468940787114,6.076498675284071,0
40.375921257168585,65150.58834055686,716.2616716401878,32615.475348397016,0.3289432287887374,0.0,0
35.5098581084633,68271.50263242192,698.5890906196802,19990.657607542533,0.450037387328445,0.0,0
47.3329445042853,69638.80018479336,757.2969751430142,18664.191485875344,0.4373766752311395,7.888992597258026,0
35.99347641628653,37767.747214490664,680.1911578316332,19396.19494685822,0.4821492795980523,12.236731042372352,0
40.575987942140074,67317.87333729558,725.4235020708606,16664.356397961437,0.32694405462071885,4.446902535444217,0
40.052139420116305,59962.75344346369,650.0734103633256,22749.5075928017,0.2536001797702644,9.515435947132612,0
58.849653319779854,61865.333464706055,703.1248372564005,28142.00472713969,0.27408982601334503,10.855146606905802,0
58.53945106099201,56698.3157005955,759.1239410565686,24748.78839230635,0.2745552776099085,6.343898893316416,0
28.00604200158684,63171.60703127905,717.1409773398925,23702.41159303652,0.4136196904051752,0.0,0
32.01484683063973,68914.15943443385,756.4710263481297,10265.507159014185,0.28625635986921705,0.1614472382442571,0
25.388805115521805,58823.75606119812,772.9073980375551,23610.011298635796,0.41166956457451126,3.904149731552484,0
36.11026418223314,71343.042960736,629.7011485305128,21336.735269332275,0.214945707115499,10.86305092119112,0
38.72246977762477,42022.739937233644,701.5275663920767,8677.732142615636,0.5298336099521966,8.380767272037586,0
32.68541840680461,57614.000486124176,702.9262544181535,27311.72105778163,0.15853167517295813,11.812901353354054,0
43.118748970392524,73333.01006418593,632.2155183844088,13581.076550172977,0.302941049987971,7.552503501751009,0
34.49855770877532,42625.36192474453,667.4948467816413,11408.995262749047,0.3048786936410328,16.274983465798467,0
39.090352641408984,53633.850360044264,647.7220555636026,27405.861786163103,0.20360615704306947,7.394233852169241,0
20.972831979890334,75599.73532956661,660.7131181332112,17472.67270383113,0.1596335173270313,3.5981912417467345,0
46.00032238949944,50610.30094121074,775.8495281431519,23911.912847328298,0.39748093499994264,3.650111665858443,0
29.898613548047674,30139.97017126609,760.8644091740268,24921.54084323212,0.40860612536790253,9.949449865203992,0
35.109156240563436,48169.73450217014,711.0910914847707,21917.249752546904,0.39228056990432625,8.107395801350348,0
45.78704673197329,52554.43083257852,655.0609016956006,15951.448833673703,0.21107528137314666,1.6913324077338157,0
25.31681340055166,63197.09333840739,753.9098002285194,31919.319571129297,0.32203025847418504,0.0,0
49.9063125713097,76002.45821089664,719.2715985327945,17101.978087109273,0.32879443028592953,11.284637027399091,0
42.32233481245088,72344.38002251563,613.4860141702512,22368.132312081947,0.2924905026096253,9.239424853597852,0
42.21348582956788,34287.98462603779,706.1188910310624,24392.206108053368,0.2280576373341515,2.7707392292407445,0
25.59734883852302,35469.43335351565,671.7142338422294,29284.148343113768,0.28869121757463095,6.737444436600879,0
26.28248643682462,64607.4990293068,598.7747491988562,16297.085359423994,0.36762366952148817,0.0,0
40.34474483092445,59449.660247855834,717.089012730452,20022.200480434647,0.2941781390809356,13.33241031425895,0
36.645194174050474,65429.9641934496,697.3780784265703,14899.68409188441,0.4350121424316655,2.839135520691044,0
33.83957540343083,75197.37680071901,686.0062714422772,39078.969540713624,0.36869861037519636,2.9636822572533106,0
38.40881966984204,43383.633646801616,701.9619082270426,22959.018829530956,0.42126153915711306,2.9497046952191726,0
30.693313478212175,61696.652748925335,695.8501747362601,8115.710800483032,0.2722876905923607,5.41888326050805,0
38.16545524004568,83765.61975670014,691.9421508029553,20948.436605649364,0.3365632305332975,4.245898753387565,0
45.020189727827116,67786.39462687256,621.0574556590834,12846.819298034137,0.31085873198645264,7.025015792453321,0
30.72362643423471,53664.13701063166,798.3888286409942,9886.176909163425,0.28743065274833507,17.57660287726649,0
31.21620927109825,65654.83395963626,720.2321480763017,26503.21188785295,0.39723910502587373,10.370533544324655,0
38.41474899112258,72643.22044903203,748.3655726221864,20572.909947457156,0.35436531465114196,4.826669393498841,0
34.985438537065626,54900.68560267608,629.8876863145784,12468.971510716616,0.4094750297806651,15.278038680462464,0
38.810475305726115,56470.91095541793,747.6391496647964,23409.21706960635,0.35183807604946765,4.1601396791268055,0
40.23769135688093,68089.8357691214,709.1680332718595,18556.515201558068,0.3856984249547072,9.127467901155109,0
22.327778994985458,47450.754185502105,628.0229106644739,11511.850746978735,0.3134616542633206,11.186565502144628,0
55.41429505453823,71684.50556751307,537.6793614989808,1000.0,0.38561363023480283,6.5561715286342706,0
37.560154883393736,80449.0061928185,649.6264745756382,27143.054101935122,0.27427049139314646,1.957542893332291,0
40.36712328575576,62401.11898124275,614.9439524044072,17750.47937691439,0.23565242727076047,4.801801624489645,0
27.5812006109213,48841.29929255067,706.235287505399,16353.688846979403,0.25160491416220643,7.384921818174958,0
36.99346562570608,50067.69025859168,797.6550270656126,21937.047367186187,0.41966778213545897,8.650558069762504,0
36.53040632682491,71411.38739399976,668.1260672023533,13290.796613268354,0.29069137484500024,1.7118710546856217,0
29.146465546544682,49679.08999462535,647.8131649865584,22205.69011589965,0.21390885427476247,6.742932261515298,0
37.23858998589617,54013.59778058533,687.7114448834,18854.17344561188,0.20517013785035002,16.90949383043171,0
24.02689503640874,41884.68155553128,638.7474042495592,28818.72148037838,0.1555579028062816,3.297722099043126,0
62.238208153845406,37964.36438512077,647.3391107416575,23959.83285513002,0.5332278462688509,9.520414343032883,0
41.67005808917753,71403.59525609405,698.6032401015749,14038.149814883442,0.3610776046134641,8.785376865698945,0
44.34323075862904,56820.86136283638,598.7584329077806,13214.78030166382,0.38075439530120647,7.683671549355164,0
42.30640502662766,32266.440775090643,734.6700784212607,25762.664906890666,0.2963496231666009,14.0039833696916,0
31.454190884659866,63772.86807364257,765.9086199948079,20931.33266911856,0.18765365381979507,0.0,0
40.21499684091739,46524.24815986134,687.5891708767766,16724.220481183613,0.3531087795932227,7.087258127770307,0
18.0,74819.90374029751,766.0011796733805,12916.957194097775,0.398627272288712,3.5078224220847645,0
29.33199113146999,48478.156071403435,708.0011763802416,16669.083503385584,0.40004104588441325,8.411018512815286,0
45.288675207058304,63196.41998827578,624.4703127999009,22714.456728747544,0.3341836677217253,4.370729034643909,0
36.894363404275595,57823.62800423996,667.9595647688087,13144.226129783421,0.49650336604865897,9.683765717617966,0
18.0,69165.21985676169,610.3663344659565,33680.41808692261,0.26188203089946954,8.48254349727606,0
25.03173255609526,60051.4447277613,521.5628430528843,14692.971990745558,0.35725644002174795,12.13979633421664,0
48.01193452955912,53292.58648968996,756.6257284211921,22082.30386473945,0.37365298952600756,5.293650068544538,1
21.953531145659596,55889.302264756734,703.8739675092162,2565.0531350708807,0.5078296109504765,3.6293991049046337,0
40.22601128873798,67617.11226657184,810.5827669868876,11358.517294421756,0.41069269403906844,9.938095729824513,0
21.301394602417407,72851.55562636498,716.8826348446311,23106.004335633603,0.2696702301488699,2.790213578686485,0
48.582741761445625,93883.75055051605,668.9688305559744,21519.55261845125,0.36918565022013644,13.012145040157472,0
44.87140023448367,44620.77135815948,666.1834797761448,27821.490613425067,0.32724543006722867,9.392658120438595,0
48.88690139785197,59785.13056586759,686.5336868437084,14100.379516344849,0.5065923466500923,3.7260641554663048,0
36.2341097191519,70529.47868161635,698.5317010094413,13872.377591354969,0.29385397152484993,6.4401367429132215,0
43.443207923466545,72195.91431519025,763.4954685794378,2138.6276478958644,0.20912632026874603,0.0,0
41.80605169949792,87900.08932859906,543.3135368061685,9727.02126337059,0.4048132013938789,4.897799476535417,0
26.651967066604676,47797.27927608453,673.8214272589029,18112.836332382678,0.3810289203181457,10.759887987497772,0
40.61679136482328,50201.73638798221,574.2163682079713,15079.440121300238,0.44143931802365194,11.667537191118713,1
32.89184713249762,74112.66122314408,677.3066520901294,28466.83962100459,0.41639384489357656,7.294976805689801,0
27.48789420527867,69449.53509216737,686.3712088733238,14368.990877240918,0.4544099558719025,3.3169014192973716,0
28.31060406566751,66636.14609359295,596.5559710368867,22834.52787760017,0.2188658701238944,8.121809840212988,1
50.94731756595195,26320.407605092696,666.4253202080007,16016.735454209549,0.14878047010963133,13.352978175990453,0
48.101676027615305,35672.7528756518,629.2361228475783,9446.936464378221,0.17129737380999874,5.214188513682496,0
36.129493332442195,61036.751513975825,647.5745543013759,21545.141586696667,0.4806286596985896,20.274633909884685,0
19.271519082321294,34982.58270245677,795.5337618574317,8954.002744309762,0.5707541629647173,0.0,0
45.68697428864682,59924.22657541597,816.6407284368721,30965.63451357573,0.28633239628855317,3.3161367319935264,0
51.46830729222215,50760.89121871289,705.169243343405,10853.87192618766,0.2429227385505901,7.299955974115665,0
46.203914145092085,62459.264989960706,622.9800500575977,28718.40193391558,0.4470442385556913,11.235750966697424,0
37.35936839632253,86134.66027804386,691.7634441611516,19392.107101224414,0.3391605888007188,3.1917854722756642,0
25.677949086089765,61763.45733609079,801.3197157715568,15703.509143773274,0.47481603032193814,6.647894616099109,0
38.99891163301956,87879.44481379936,728.3447080900913,34256.9722934134,0.29653929516413513,14.028428402545902,0
30.880362091338753,45603.33754738087,748.3830707763916,21022.996506324263,0.32458133273797274,2.7033217913646777,0
31.953076739915723,38481.633074087775,615.8416259289822,8391.013039272608,0.5009594345983608,6.24664973648468,0
39.07978900285002,50323.561651436336,623.9558498209628,21127.425465752884,0.364283292286952,9.185067074589714,0
33.49444712077041,45346.098160752415,690.8060991699359,16523.158016155932,0.33532111946813925,2.8530900929534173,0
40.581937685251944,58159.450550551686,745.6098476458164,24186.514907000084,0.3063442378020832,15.350700934865905,0
49.14073013630178,64147.048120658466,696.3189989526802,25041.623233326183,0.4082100975983797,9.726468477148494,0
24.827582657671265,41812.31844520637,697.0865730301751,19825.563156320986,0.3535545353847315,11.664116826413645,0
42.526313527431874,53522.991191615445,652.3747735301924,26940.396839196568,0.410382539656678,6.371753843450918,0
43.978660166011615,77279.38565690398,669.1706024783581,1139.8639248065265,0.41507765264063984,2.905310381311696,0
36.964547280278396,41862.473130704915,733.5198101450145,33655.10603794741,0.3208792336262998,11.440065629371823,0
19.44356709719258,34483.31372632124,639.7859029324829,12776.922797864092,0.2724785416666319,6.2316445406407945,0
31.090818314373905,42258.31381625634,675.0224315254014,36443.64086857302,0.41808593878278727,10.136654414442164,0
62.663333207675024,24987.01468928132,644.9015284426548,27731.306867610972,0.40673295560323924,14.853688982583268,0
47.09205200719423,59986.793192781166,734.9157381193851,23973.276183105805,0.3129245808045125,0.8355463601194186,0
27.8788501852437,59182.36999939051,643.4211969655621,27194.672550410152,0.2884767292154018,2.6734906161142824,0
36.01246700405915,26248.640885632565,584.9450500304148,20114.982967622578,0.3283719676988409,8.225989526550915,0
35.49229158502484,36768.954990455786,673.7857522346995,26327.373344331652,0.3908768260075126,8.458447797718422,0
40.823631400978634,77192.0296504887,657.2843030828045,35987.71681850646,0.4041690781219014,1.2844232743236574,0
42.881717622219725,67571.89957382795,696.6431568528143,28528.12005971781,0.15814963968112,19.99142224759634,0
47.861824742316976,65924.90317417162,610.022010090512,16862.047737882178,0.08705266360370806,12.569202875594002,0
41.128911533604764,54582.539629034174,684.0742500650555,12259.22218881236,0.37870397775682507,4.557735483465596,0
31.09053461881269,74257.74167790965,676.773588818057,11548.574480350317,0.10657589813852197,4.247726939929211,0
48.83382433525756,42898.94964816602,659.9856608945315,1000.0,0.3080550430101932,12.767234877614356,0
32.12234909980783,87060.60068435321,706.9942920127183,18642.448289099306,0.44597095455365354,7.90446830789781,0
45.34903052844083,84255.13178449597,684.9320338723417,21589.402005605127,0.3567208380666401,8.328885794507572,0
58.016167145980134,76128.99311827347,719.3010024796597,18007.717182599612,0.18642389196902037,6.505250817263816,0
41.228371249176014,49816.30400087492,708.3423600829857,12679.326038341005,0.2297995506001832,12.586683846735202,0
23.173288696914845,70333.9468709305,791.5093171225574,14517.824475466368,0.541469641558577,13.33605534610526,0
46.06601643722463,49135.99497649627,598.3710150006835,12101.9827275644,0.5511458318869334,8.271240526031008,0
43.81722533167678,68522.20807886736,724.8964167088714,23176.59910413271,0.4900533857112137,7.073842340213249,0
29.273348950798436,79585.31826528368,687.097909208219,25126.349832598175,0.2580489872230325,14.135749972634166,0
46.13456309355828,80553.92205936283,700.029476478469,24213.956830659157,0.2970407427705599,7.665501479619628,0
40.442253373643716,58479.488462410685,728.1198079721997,1000.0,0.37530846138010726,8.558995491611824,0
29.090488705767086,48425.29230331714,663.698576579633,22242.89520406277,0.37103268677476753,16.362337592249602,0
41.603467896239245,64520.15647011674,667.301241351256,20574.56534552954,0.21762506406788085,7.961066384922328,0
38.17995406364563,65148.91815782847,768.7942353989743,13561.236117222743,0.277626107344131,7.6165135517942275,0
21.486149310337904,72028.83385561993,747.9444459282079,20617.736860845085,0.33103762069898074,14.003078988266326,0
42.09875833392042,43046.370748193396,698.3346996663976,16453.877435192513,0.4755759566500546,6.958460729898748,0
23.932641204708936,85427.88424504333,686.7203638435141,16361.414083683016,0.3248988745415604,5.306706602397552,0
44.57304767100829,30198.43470405667,715.5517526558598,6989.915433995087,0.36784927060630174,12.543489417704576,0
25.515183011581925,66046.48709341703,727.0640302629006,17913.835383722584,0.26502671365876146,5.016568121835096,0
44.567517329816255,32274.85673914885,630.7854308732943,15403.470920211697,0.30859782259000346,11.666864237390381,0
40.996180467674435,82545.68379056861,655.4357634458044,19901.747708170893,0.3350483896652924,4.539113757189435,0
24.87660088926058,57164.05496750981,585.1248318148434,13170.79676956933,0.46972669496346936,9.185072570731421,0
44.43989232243785,71335.30669105661,652.6853101032408,35314.23981547888,0.5482250392606673,9.409503563078827,0
50.286675660340734,66542.65370169326,722.2894695562666,25177.82390437538,0.4578280702021433,2.9932118159601133,0
24.13377279613158,86768.51471769468,645.0592399674088,13702.956194544571,0.38146241443778184,5.813347441988043,0
30.353796612056556,52180.41129532495,641.3945198738971,33463.64341228897,0.23535914167878108,14.692609031502071,0
28.36371487647243,52826.29263267865,712.2247135307261,24703.274987431425,0.39220532965144456,3.0199827963086063,0
35.985604806939605,87381.37694606319,781.9669468820458,21863.20805213007,0.22553392258688387,6.520171384469451,0
53.56019770935238,59710.79370223111,727.5332835911529,21702.058840065136,0.3030733524071736,7.018051639588879,0
39.03841769683778,63926.14056953685,653.9197554076798,12874.140992878682,0.18522782227309342,22.968085587955688,0
52.952510135813284,60443.168520676394,604.3145939760849,12200.246015564298,0.28590419089638813,14.865958494788957,0
37.03384465206118,56480.54260810635,848.3707741782703,19404.271696021002,0.2029315843406367,2.2448389407543647,0
51.68288087562281,37578.186336389736,643.3941891831938,24673.969794550394,0.373893986028957,0.0,0
32.83937462499769,89282.86559829672,682.6400302434361,19186.552096851872,0.490898043193857,12.50032720251982,0
34.986179813453624,47720.05878558346,729.8652446942286,28632.62695977472,0.349073178303525,11.87110489624599,0
22.465865315375193,34546.65095025429,642.3724595453899,18320.728782484835,0.2167412722534478,6.744202191078937,0
47.001289123882344,57226.7391738975,757.6812323782503,15262.960482253808,0.3409648438171139,20.045002660388512,0
37.2996421455416,42365.301234455445,720.110530282653,21690.96459513457,0.336090472889128,9.828259327697022,0
34.20809898711924,77521.80078957704,702.4089762560745,38669.72225534129,0.3591405553360421,7.061482427557805,0
28.59511999054681,46631.91411690662,727.2885959578947,15785.661540716974,0.2928271269593663,18.974703156871744,0
45.01016282718134,74209.35164240938,664.0810333995265,29344.675458078185,0.289748523345967,0.0,0
42.25767203125885,55653.75835030355,724.0190087384336,34022.544387256385,0.34820256338152417,8.308658624769931,0
29.109128536095017,66141.96721839569,639.516334252459,11824.022796459736,0.4244547219323897,9.916547086610082,0
52.80058096502952,69368.8473395949,706.6603410572844,17300.63690155806,0.3822585646333484,0.0,0
39.0118116386416,60672.826052776676,762.0478189181748,10950.366791168084,0.4417300948580486,15.249632667407436,0
37.29851032435521,65448.76352159532,583.3262488241213,24268.36671284367,0.2616604134628847,10.382801982167392,0
57.45068442392767,65128.43218449697,668.2301539801997,13904.128937132931,0.044913585267765455,2.048078870667201,0
38.19442022739631,100653.19286423779,707.5753161412376,39346.50719802677,0.3098519391327733,2.86096913336612,0
37.976222248623515,35417.53843288545,630.5805250882419,28376.428117725518,0.39030526575553715,9.943477643510356,0
36.074435071997286,62610.78124516603,585.7558056768715,21256.288691974347,0.3476442620494156,9.244928499349173,0
61.46402181016167,89122.39898689277,819.477009812414,10042.798324536217,0.40109951992231263,8.023467889848556,0
61.36405485437918,88595.37554427066,817.089797076208,23640.615860944035,0.29692983328855976,6.3452697442511505,0
49.742296316263754,63017.47085649995,598.2852414035294,22218.357023688048,0.3554463846589234,6.9733130477697305,0
38.10210032691268,48425.736907797625,625.171020840568,16043.712010818996,0.2919062871923921,3.917574535580502,0
33.37152154562467,41528.88712426316,699.1169630851755,16615.210241365083,0.3668991958115992,9.45555060010825,0
44.13966535489815,59148.1146175284,691.1810129427328,15373.374493194904,0.37409907641554185,16.44908089414887,0
40.31924826026237,55109.931225722,626.7520606706642,30401.22621168936,0.3167041769068577,8.550951272704934,0
24.063406785779108,57393.641665858486,600.7225646941322,7807.084678444973,0.40494697302158994,0.0,0
51.438144591111254,72102.29453649875,697.0570876531294,24029.47574115417,0.3589034410301071,22.14358277753696,0
34.90463213387928,97740.92707250018,639.2544900335123,37819.44624086087,0.22933713926020943,7.602636966394739,0
46.48794693318745,68304.66523509976,785.987211344039,22508.498322204214,0.376250096806278,7.679753203544598,0
38.81370993213221,86587.7317878062,737.8037740254023,32603.19741447372,0.3948125576074111,4.151721939756654,0
39.271790765781,80794.28369078942,748.9649217545773,20134.733763099306,0.3367482915473172,13.213546557407408,0
26.565705283779003,60617.684775479,797.2605687723576,9930.564511348073,0.6647355279545611,14.314431298192645,0
31.199545279969552,99618.60439948062,739.2649630661299,26725.007730289944,0.49769697377345284,0.0,0
33.46337559071141,74458.23621767375,758.2723043601779,9295.743567046415,0.4904124772826389,8.090678678063732,0
39.77987195797273,61082.44769506089,626.0685617857199,27205.502029208135,0.27547319137024046,17.761720612046318,0
43.38299814821592,66502.10015178475,694.9301691496536,22132.114628884352,0.4442539997969249,9.114479173319518,0
37.112449360842554,46510.351876540706,562.6373734258581,15166.330540966941,0.4549787567238658,0.0,0
32.37912887145469,86776.29462076246,665.5476960082104,25481.62699572391,0.29547075146251045,7.018169506494971,0
50.531661578449,45336.441470472404,717.6075061055928,9087.700542004644,0.3021931827890284,7.982397519276144,0
39.90814947748699,31756.798335381256,676.8476289531048,14140.352023770065,0.37974353656048365,0.0,0
44.75760379536334,58925.260302181225,620.4688590828309,19845.628161076314,0.22372957524920642,8.941300425948974,0
43.739433727999426,71298.30963402851,750.4651296869235,22892.171534509693,0.39255345666314845,3.566427795959088,0
31.207364415633307,68111.41120306842,692.9850982296738,18686.88014032715,0.24888043158483591,1.1342139745492172,0
33.61152263372882,70809.92464221126,545.3377732098423,22734.78400956564,0.17058399243871386,0.0,0
48.5558681917719,59743.1157381494,649.5495000055582,1671.6937675392473,0.266691397269031,1.2715938630074053,0
59.557535985239056,43794.38896277988,674.6478654947049,13628.112010831053,0.24438957302115533,17.837924430088194,0
44.73291573481178,78952.93850253988,633.0307115058382,30504.516103014776,0.36246470553157023,2.7610501479335676,0
33.24917336165671,74645.74056076223,571.7987691360686,19045.86383357563,0.24543651966436858,2.429471520788688,0
52.28505264265429,98000.16413358002,687.9617954012032,21489.900252969575,0.15785636348776805,5.47070409662973,0
23.579796721593898,61023.0014643009,705.7293129925886,6642.444568689314,0.17391666482386905,6.541618105791173,0
31.596679407652815,60312.30914391679,779.3104233597971,10897.997617560712,0.4287158028922281,10.322443882784011,0
52.7104823406135,74476.58488345236,716.3542298656682,11538.265141864518,0.20586591115353806,7.653400479949024,0
35.73692429686638,69234.17187270532,689.0668092605601,16829.60073068041,0.21783225742891982,10.245125386935767,0
55.138224070777255,71531.55607827482,641.0883913735306,37091.56436795815,0.5277024124714366,15.991305803546158,0
22.83305428839967,80008.98599562004,630.2033985935619,26727.58039555085,0.3880492996007024,5.7644990301398895,0
33.429166399109675,51807.91951989928,607.9547486561494,22788.256326759987,0.3696872505758253,12.939198215293949,0
43.340344072861065,52350.557141547695,772.3533146064356,25409.451113506053,0.4073307488499629,2.1532898873024617,0
41.93058967240588,40068.553250899306,738.632130882263,26214.646061545656,0.3044602683910294,4.7496091791577815,0
42.7807978698847,49391.45868996096,660.0449195352782,26126.962365994277,0.3597683234672818,18.411211312591128,0
39.67509457570203,75677.05182652436,639.5837814149963,11746.160022789549,0.3422929078484892,8.014355618880094,0
33.73365028522634,79433.93242359851,710.6257837798029,11574.620408934914,0.43346731977650454,7.090935403123638,0
49.94197744171892,57776.084191065915,654.9704282670207,15370.792291729907,0.3094551039275276,4.262887416760736,1
33.36142606898892,81415.11424847534,678.7167328331316,23801.240597445194,0.2982612045777963,5.579604373341279,0
27.43974181567446,62152.60586085715,706.1989048532658,23500.14885215644,0.36838882855878025,12.658937310000141,0
38.89354428501056,59389.54619390306,588.3025952740884,20067.010261363394,0.3446163785573551,0.0,0
18.0,44584.07188765556,537.8524630879014,19290.537563071473,0.17650104868691927,10.483942774328579,0
48.30995272617595,42065.6876344058,768.1079112206819,20883.44699370021,0.5273948092244308,5.84023276607271,0
44.911272873889615,51799.167952091186,765.138461931451,26712.08701002417,0.2852292759177272,4.345528898105677,0
39.26646575822396,55055.240969399805,657.6368394361477,15565.986007292102,0.4143455111445472,11.634383805687623,0
33.107859148205286,56435.32757591746,702.7858010210618,21170.190775776362,0.22622904336496424,3.1752742337395885,0
21.91694784512915,72925.48857132597,654.5760911334166,21860.383734807354,0.44172362404752713,12.095299352078214,0
22.755663325231115,99878.05225298896,792.689906150287,11587.65330069695,0.2796084551666332,3.655199766407865,0
46.796757272452446,69856.17306412765,678.8441137690123,27480.29417808639,0.4848007706434102,9.043385443774834,0
40.9840744284686,59075.759683071214,657.3358862761523,32449.87567175288,0.3168691864359011,9.423585588370964,1
43.78364453513325,92051.37687582834,654.2981269349341,19469.46521733629,0.1913546345503663,6.081170680976577,0
38.570046766226085,65383.84996821168,711.2262409810847,1906.4772995721905,0.43387365199786165,6.7388329472354584,0
43.038025049216316,74030.15458258268,776.7486066152312,27782.215557607087,0.12237283649049568,6.387598999114758,0
24.051037129182962,42144.77729518777,747.9672563847361,27270.507432875675,0.41138944723621396,15.678385455030021,0
46.436617033372386,68514.51688924638,608.9808689717263,28754.467703267932,0.5098042374292061,7.999985927204541,0
43.60877866533146,60162.85514029263,692.8393154925766,14399.959634100633,0.36620768426152295,9.30903359511658,0
48.913238138317595,42680.08380913369,696.8574582008266,21655.550510848265,0.2983983766760597,16.32413188089366,0
41.124373558201434,41136.46237713145,581.1740909829707,7264.357954916166,0.24126132764915398,6.8817387405608414,0
29.850956686577277,73932.34677913295,719.0693695535807,23483.230760407787,0.49634772235648195,13.548580379144667,0
44.743039653551385,40684.953200321324,675.6125421878879,23887.049613737676,0.5086272051877005,9.831342283778579,0
28.201751115123,37450.21419450785,637.9650497357364,28565.95180101353,0.2358875892447353,6.41314591110827,0
49.89957068895511,52964.711853049455,587.6092085088536,36420.67541435025,0.36565864016491345,12.60948104981253,0
43.17621900314572,69368.50400655503,652.3544040091581,8026.7263361113255,0.3666359432896396,7.8711824895444025,0
33.39503822306266,73636.8100559135,620.5470753431442,31255.432941024555,0.22210551355204747,13.837302001433724,0
43.72110544761049,69969.66112561653,599.1492043858627,22408.797840539217,0.3135906044365116,3.459522470143149,0
55.92668333196352,57582.58078280822,607.3204784665497,11229.399529906948,0.26403501781806543,8.235414349189393,0
30.15051092513996,71392.6144231218,640.3285352743223,15107.12764548543,0.3933694977030687,2.4638699818090375,0
56.96393853861598,40415.929632200394,711.2276456055388,28813.302791079714,0.20978949174624764,9.013184290379876,0
40.978298305397544,22099.35058030633,623.7554935056133,11312.567162888223,0.36139917738485683,9.54806736953734,0
51.0533528515402,35842.5606888445,695.658771253436,8468.999455476669,0.34840336185376336,10.55801575946236,0
42.92173652816117,36828.48511741789,659.5608251763547,19909.727338415494,0.47794769173366064,10.120032599099948,0
44.81255792241535,88799.62652760318,658.9168079586595,1000.0,0.39190317486764836,7.7641726487989065,0
57.98162549113428,48324.42750854494,715.1397653152738,27667.285876798458,0.3519501993204979,6.630548924394214,0
41.874799108014045,81911.8092316227,676.9081260096518,26678.05022031023,0.367485296988216,12.580333966445638,0
38.51163591909809,73588.82789148246,676.8870230723693,33443.941434149034,0.4261292890081115,3.4433313500849394,0
41.884255768595686,72770.03922221779,612.8503775261455,30509.24831345259,0.363179793816021,8.009469413124132,0
50.9568751850124,58293.75032644418,705.5001217974229,18328.701287954864,0.4605707142077662,14.965629368177952,0
37.859704668448856,66940.34084354233,741.391885880566,22640.197451754902,0.2948156417219516,12.141043921741806,0
30.772223632928284,71469.38306113156,687.0834056916258,9644.403499879287,0.4809643498079192,16.644129725259862,0
37.746786796382445,59483.718081573286,765.7143629344095,21919.546221932007,0.3449681156705421,0.0,0
45.74357645705274,30705.355479592446,655.4502970248327,13674.858890520763,0.45554036198160863,9.2952047180677,0
39.8635640799267,68109.91353754669,703.6985791629928,20044.242113825236,0.4048875678980378,6.116084403952854,0
44.14233865868112,49981.222980262755,768.6334873759243,25671.20034936533,0.42576569764517486,15.536472349624963,0
32.47285030955053,48456.7793628639,575.7395945756937,21811.33422163532,0.38667415165924873,2.239924975058324,0
53.60376795154866,80651.74801739561,619.531104957019,22115.770064804994,0.2716002209880815,0.0,0
43.863749070565724,72716.88986537002,667.0797568359516,1000.0,0.24994821895893765,5.155532714413807,0
43.885154813089855,58633.473907216365,711.0529786497453,28186.508642855464,0.4941225038135233,1.8716280219866999,0
40.30521965823339,42527.57390689176,656.9097847148445,23988.56817029936,0.5259165276391875,11.206005124704554,0
46.13718506539628,56340.91045351499,500.98007335690477,29953.289935416353,0.3651240457027549,8.17661715547612,0
39.17747104715545,60779.70806767871,578.9893833416975,15140.008624850507,0.4078534799606224,9.78094679642375,0
38.55780373110137,66295.66202577316,750.4137792652048,24463.3782182956,0.3147883154546568,6.471181774893872,0
47.92377685809283,56225.55072427115,778.3169298630553,28153.228531096353,0.23189620662037413,17.83613955164949,0
36.97728164487317,78439.00954061147,695.7930023263139,25410.375236329557,0.2940289319650914,13.893757631112521,0
39.436589056123026,50489.6012313227,646.6971158716934,12956.267574155037,0.29161498654630275,10.798295434057616,0
26.139402451193188,42659.84673420618,654.7727977251209,21659.158071010785,0.4328184131439735,3.968372879807724,0
37.624996175301824,67991.9612108831,727.0492943213646,13819.242228248022,0.5196576117579793,8.548095758421438,0
27.5586018903691,88321.94863919297,739.0518694962976,20746.769780548588,0.5120360661476863,9.240933285107095,0
30.6139644319526,66260.84824244726,775.1193879739336,23870.136264188943,0.21814752807961027,6.1623143676104215,0
33.30359394748221,70902.20276609035,644.8079281695257,31868.49617815909,0.39369614472491554,9.097131927641318,0
59.05035587825175,66570.4950149448,649.1788853368682,7802.317556516258,0.34038469244604713,10.322847213574207,0
51.104042299079396,55085.29666151821,711.7736186671399,19315.844104674183,0.4334008547173147,10.526556653296167,0
43.24049385907083,72438.23168577568,633.9450200628659,15584.743968007957,0.19245539957876368,13.463891970052302,0
43.050287838581205,50858.0496431238,690.5177589648803,19071.723407720227,0.24892953722500008,17.679272636313378,0
51.863977626475666,42215.87109403848,632.5590901854812,10905.15296995602,0.21995478886375155,10.450962398880264,0
19.243360705294876,38287.456063598496,696.7153237555742,26569.81465422841,0.3825439891796886,12.526794287170913,0
27.606519631266206,40840.53988864743,614.6983440846617,24754.200168146304,0.40117569253979646,7.6176706294635235,0
39.411472550977436,50453.104854915335,653.6959206510166,35886.11512936457,0.31208544948747347,15.424872321708268,0
32.26183998374502,91826.87281515606,605.4177811152883,14856.819178459442,0.3594084909868505,6.575516952288581,0
27.018167741829586,82783.3871780712,689.3338660503575,32698.514666535666,0.2569789137759701,2.4178642071949215,0
35.78287657965268,58168.65173110439,773.8605703962703,25478.00438485193,0.3724490138839858,12.078495939210551,0
46.22981126132452,65698.60947348858,619.0155198500998,20699.03892379305,0.4636183445256546,1.900585283721263,0
49.517732137235306,77814.54399348678,714.1831886758441,6146.252850269233,0.4552260712269135,3.7535220150987847,0
39.30157352178357,68042.39514555756,778.9259397665509,22834.21256955305,0.3532531419562412,7.071192586487481,0
42.90029258301773,41619.54753471235,756.9162387678966,13210.73185413366,0.29940071040931215,11.977883324984411,0
46.145536946190845,114199.15510624723,616.746694147525,21071.798816258335,0.21123432001494996,13.88034648096045,0
18.0,73484.23024736764,720.109132941158,16000.865901150693,0.4610194171829036,10.560128934155433,0
46.404643932509046,73345.67378911022,630.097591178993,15521.306658465453,0.23503151764422286,17.179847861565282,0
19.233087178773253,43941.10399864256,660.9239020676179,28946.04372363005,0.3661300461491696,4.156318749950609,0
43.205355904645046,62438.785623072574,666.72999511313,27035.08387087583,0.42356057435873395,2.0771887381537297,0
45.41948175827055,57891.23405860177,696.9969034526423,18341.473251979314,0.4145278649417599,3.9483771390249354,0
45.97945640674767,39365.59600730779,672.940591855445,33551.251286583414,0.2804955149416176,6.327865072085164,0
34.15331612146703,59757.367991671315,721.2380644957934,24295.2567996248,0.3163931716439225,0.0,0
45.92992910345784,61083.57967912215,752.637620363468,19732.08582128745,0.2672577234769327,6.723930095749277,0
45.85492746135919,37026.98053519014,547.4544622287438,28512.6959105454,0.32829358659950403,11.111832686877285,0
49.63700696852653,55875.987314559716,614.5582883550012,25104.10410910803,0.49637285115767005,10.885427288900132,0
24.36962965141133,62924.822939150596,744.1641918227295,17962.829802464807,0.3933957662572921,9.652113723888043,0
31.688518112513606,54459.14939641381,780.7981835694158,24635.069219471,0.3327657771172361,6.876747546361201,0
43.33293068557159,82793.98560963385,742.4624070146266,11851.976286799356,0.24419685496475613,0.0,0
37.8318730450801,37246.49122154448,769.2211917127017,23035.87875578343,0.3014323018090954,11.32903513823199,0
46.88390783954833,60382.86791865866,670.7578103424879,17450.637989878178,0.37827784033625106,15.666418924435193,0
44.71355967220376,71185.04886950803,671.5749700729164,5936.247591454361,0.40044294233994654,0.0,0
42.072952064267795,61205.50702762312,651.5309104023216,31632.139923511328,0.4723875958815045,6.929528955858117,0
44.45453047133521,47081.960827252384,752.8544511929285,18664.744194916275,0.37526689687039083,4.265476882171864,0
41.776541634359134,59308.963722321656,711.2325007032806,22813.532342989947,0.39220531503055944,7.931564254274024,0
31.237491578959055,82965.33814571226,556.0651704147484,30650.559988356537,0.38658076415001696,10.350180654820385,0
45.30069685056923,80548.74308497616,541.5063163901359,7042.270320004511,0.4396239702583834,2.2219103879847797,0
33.61399326354145,49090.66112078609,683.0920218429336,27974.750546454034,0.5177545535376267,0.09882284178445033,0
55.50481975687363,78927.68825053386,685.8164578851288,29419.554098434062,0.3040956568071326,8.591921117176843,0
50.661425598962026,50002.716618694365,723.960790231656,28080.20956508971,0.37767106891930835,11.847195058301102,0
33.107810316853325,59233.5059945236,603.7637394492453,23509.017654262574,0.1306224370623794,7.822899929009974,0
41.57076283039899,50190.76550083881,738.4719941442811,10643.461033608806,0.44905135453592965,0.7259058386322401,0
25.72677015871664,27756.62758738713,720.0621979666188,11477.9224582407,0.359728193016145,0.1530858029069586,0
40.93412677708088,50751.83494037727,641.6841264748709,27468.78705364675,0.3711164288481733,6.358207251510943,0
55.54828526589398,63797.08999436653,685.9413618893461,18633.296459691264,0.33760782233163583,6.298026135633432,0
41.868181304825846,75854.18522420821,697.5488349844201,27855.027303874733,0.36987242364223033,10.972360094625184,1
49.4281642503492,45950.607162389744,767.9125355084611,9350.855259953136,0.43531384102677567,4.097585298570076,1
52.24442640196794,74939.44766900413,663.0570436035782,13878.171550208348,0.3413362088131783,0.0,0
41.37031263632435,37331.240861463215,764.1653139889604,14458.543634896047,0.19995491525978115,8.529905941812764,0
51.1724591870106,41129.57314919031,732.2516848939492,19073.98973731189,0.27006272899882655,3.0393725950871424,0
37.88911357570623,48254.85021488611,612.0853366722349,33731.50906916181,0.5120323032329775,12.55889927202,0
42.24259261180471,63791.532196830216,668.9617918448599,10368.248867534609,0.43283945924742184,4.936671383374426,0
24.812063437558283,80668.56976079379,715.4426348310991,26937.71012976692,0.4722562649757197,13.910880642265914,0
32.63876210645405,77077.17012968486,660.2820426144053,11929.597598323955,0.4001491140843475,11.67850261764921,0
36.42259173155533,87548.03017826095,654.510745154908,16956.90009233691,0.3425515755064967,13.80571580063421,0
45.48157899515258,77499.90728447569,639.5381891631035,2930.655185998785,0.29717627219876247,2.7890483090866907,0
28.847163901675835,82431.18994761509,706.2371601657421,16922.989286920696,0.29916056319940065,3.485951304539742,0
41.561725892883054,49562.74083617237,661.6219541071492,13255.031107159717,0.21684524282946835,10.851774965959876,0
24.003609058064914,44795.21481929646,690.3714407948906,21140.125343955242,0.3275081153615882,3.5887601015959847,0
36.01181970650962,74763.45600342492,639.8719234048655,29111.86397341571,0.40494811324827673,9.650566305712314,0
33.00057108097869,78155.56487421771,646.8679763976515,23513.0887362168,0.22754345560956143,1.8675332468811945,0
55.90844343727601,58730.76879949381,661.5042336786904,26733.681734441416,0.27032521999070835,2.7059028414695074,0
32.3431910554103,79409.56389281759,625.6800277958764,3494.020260318088,0.37055584814260023,0.0,0
38.41292078352805,71114.03542184275,717.6952260745179,23666.845295673258,0.3920070650125588,8.197937738444248,0
48.91212823613204,72729.29594197425,650.0327530670986,24676.330719256555,0.27715862979599376,15.50973128336092,0
32.79052547802326,77124.67891762787,593.655057535809,14605.398314825658,0.38864159223162587,9.147130004118154,0
44.27122805384732,60522.93214083811,776.5254016699815,19751.378762458866,0.2920009403564942,0.0,0
38.801909627930655,50702.22839917042,698.452224930891,29497.391745867964,0.5443908871713314,6.121330490392644,0
30.77773405369969,53403.71117010903,692.1520039905284,27938.765413007517,0.39251605484458413,9.083490395107969,0
32.26779491810467,50595.98040870084,684.3785291127947,24341.34405336704,0.38259978047392434,9.552822226829548,0
47.505224786839136,74305.32218545342,603.2004961816212,29919.879267669934,0.3731196076497976,4.001854994574851,0
33.964448326055404,57153.38348171021,754.4798158357924,19143.174478871995,0.17999533905538756,13.85209989159991,0
47.53572465500265,42403.166713616716,693.5606279757103,28873.102471004255,0.3950219413478245,12.5394391933533,0
40.267089252356946,66573.90492109003,736.1099156401981,32157.587612985168,0.1874407772318952,18.660347905994776,0
31.449463934626113,81008.09065484784,725.4364501749114,19813.759519049785,0.4498919454630134,15.484974012801558,0
39.25051479723516,93022.92664123935,737.6369532778307,24997.89484206655,0.3776112936582994,2.6153648302776293,0
61.14536800226496,32128.515622091934,706.2264278629387,18277.71910573921,0.3087863536468691,9.872617758342162,0
40.63345232518132,52322.478321098446,641.8430605670401,16749.047717212074,0.3970414634497816,17.073246389413292,0
32.12453455104108,55400.419572607614,684.3046134107049,26630.510426895184,0.4702856683506795,9.424951093329872,0
43.27779885509561,54333.59493734365,654.5220339983421,25177.481033423468,0.598326767361978,10.654947366900249,0
36.11755438567573,46037.01534428836,705.897662345101,19537.363620899465,0.5193237449013832,7.133097193813325,0
26.048711237222122,50373.2835751453,677.9230721807985,18488.682149219494,0.31071124164158387,8.228735872294475,0
43.700547857538325,56739.86460436076,727.976518776575,38371.99388325872,0.2986246617840204,6.682688509205892,0
30.025644478655295,61541.908031377185,730.749657584222,33708.799612883566,0.3752859512923309,8.472884022957972,0
52.36734611731866,38446.45657421949,648.244491742993,18170.94130816441,0.4350638512389688,6.450798794648318,0
51.16299142704651,54448.95744646093,748.7801379362419,26701.009202393434,0.5478826364574172,1.3432241180067468,0
46.752404031223236,50646.37046192561,740.5713352814466,29548.788675965625,0.38907229510074365,11.867129568641106,0
40.224519642224394,58920.60915128852,772.5068127151914,15218.248795852127,0.23755810640496372,0.8322525886299292,0
31.289625304725277,61407.27452054031,625.8598123959192,21777.235233000098,0.2934826827139259,3.1020088211058736,0
42.87433567609801,42275.57649981385,634.289893748509,27616.00475488357,0.3894598081138546,0.0,0
32.37815172037612,58858.42326105233,639.3077258962954,25498.028968456078,0.41685582492458184,2.7255395055064406,0
50.70725592142009,47467.20125118374,763.1208757918452,25015.267585456462,0.3854758173938146,10.22264283388904,0
26.233484306345773,60968.68238561145,620.5504762885233,20593.6018744602,0.5344145041114985,18.23240937462814,0
54.517197731056925,77556.38348664941,670.9394331627286,21331.19330439844,0.5007617318273874,0.0,0
38.91990131306083,54909.7323323325,772.7848089637766,17982.206327018263,0.24128153513852066,10.47000653525862,0
33.07825095172737,49244.26653377588,712.5406811777747,19187.365373668985,0.39436802298966434,11.70041759230381,0
28.534247446247747,71089.29353194118,624.7728538360144,10409.521117260567,0.2047363363907775,0.4681655198571484,0
45.67930596573052,44979.78280456459,657.6076575597622,21722.035720993954,0.25212595226941414,12.868654223098527,0
44.23871352093005,64490.67960253458,642.8961293499201,23981.796848073867,0.27853588801282475,6.2818813866800784,0
47.391154349682736,53355.376454252924,752.1373146789527,23682.025791358385,0.3472180773748006,9.327642879460567,0
38.92007365602811,78203.53386052535,655.1722055517017,39006.178517887165,0.20786490113526954,6.75894774497355,0
34.157179935540135,44067.05928673738,703.3121435445885,5719.222147568904,0.37029217515864776,8.853976027518717,0
41.031646538942695,23995.897921685362,737.400453088775,20745.026348695043,0.3929112325985258,13.746178428427424,0
27.83175066889287,58548.86742430846,639.7575325382568,17785.399303197006,0.33513527531770854,10.8335997952369,0
38.31096857730511,55722.953024543065,610.5940869887196,28374.80609061458,0.278305991041802,1.690806802522001,0
31.60884101741448,56422.40728476979,714.2115305491403,12808.749608041377,0.4104647644368939,9.611519268273398,0
52.7985659668331,72646.33099688432,653.4920209950479,14098.973073250956,0.3923664096305376,9.152722908766403,0
44.64322117233878,73937.82744095115,766.102538036121,12605.264874377597,0.3033364007000306,6.341830854945825,0
35.952314047741005,36774.428561439796,582.3555018758517,21041.511225667626,0.5163966065669732,5.363721785505184,0
34.815468569068315,54345.90992212751,671.6168568384867,12989.932566090007,0.5267699295886116,16.373109452612592,0
50.537833064612954,63967.0270934283,614.029599369343,32371.296807868624,0.22248182467416652,5.936286859840286,0
33.64856813284103,48478.02736102304,521.6225440948709,24191.464351368402,0.3475168117860178,11.137169926354977,0
38.60688891548509,71953.04348728298,566.8312359774005,18853.554199020502,0.1768203669770085,0.0,0
45.64171902092868,56446.97082258263,669.7456292973716,16060.093544033123,0.42544459523525924,3.8078755238015525,0
32.32090930785318,58010.205799176874,676.8989490746033,20901.945216676777,0.4536723312937433,8.63582339134108,0
52.63359054185359,55393.464480504925,674.3755004280339,21432.263746517096,0.41703536836069,6.643614884203248,0
42.584678803794674,49051.15893893855,618.9129957083578,17281.656217567033,0.3329166638939561,19.26597229330514,0
55.80017596074477,69062.25479441104,621.1445962400969,17421.51727660938,0.2691387655204377,16.682176744238078,0
40.06783987480244,58774.82373956702,658.6821805516244,10068.843226440395,0.24302986945659388,1.0300700403815108,0
67.87361447950661,73941.8098610769,765.7163348044025,17677.04529671665,0.5128006457547574,8.024427846828253,0
44.061325970975666,32162.92274070351,763.9140962390817,26865.978630764934,0.39417083848150575,0.17593139610164332,0
41.872480637961004,57083.90555921357,691.8504814531282,20861.805018079045,0.3572576043732858,11.388678375087945,0
26.699704300945225,51124.03142476643,710.2961222488018,24970.06602815189,0.2779364540202038,2.0484710376923383,1
42.60543473646021,85471.60465485869,782.8675821104515,7987.346257069114,0.3763409115396127,7.816265224445119,1
26.144608852420333,57351.29623054388,676.2443915663824,18046.063275744746,0.4638563032454552,8.898707093467102,0
37.11579383897467,65714.62956721864,767.9610935098508,24488.848719421516,0.3702812908753643,8.879941524279063,0
36.70640034343195,49343.13798195326,703.0349386876987,11035.826249630743,0.2737793230657441,2.18780014930097,0
48.93680486915837,47747.70764079206,721.6073864775943,20420.74257745025,0.3322974685573709,12.327882793135263,0
36.909271272904576,61185.88139323582,688.0384130005765,22563.024074404166,0.4288635270847898,15.408165488530244,0
37.19904513662601,68905.28728043454,658.6364902343669,15752.502653520092,0.533293370455707,2.468006626015459,0
32.13164087276841,58564.22673275952,659.7583633076348,27174.862575207993,0.3135812349398741,8.92037912255206,0
36.33062308496483,58561.94881355507,657.9995095046871,19861.322803322553,0.16088826158389424,5.735379699891357,0
34.41227261757023,84006.19086966035,627.6323652935431,33104.929063067364,0.3118957303468048,0.0,0
58.13974594717145,38154.90493417796,655.0061681220278,5116.906466825265,0.413721276194007,12.279678773081573,0
31.427852708477282,47291.70332805118,664.9953426797189,31448.510287914185,0.37406741759710016,9.66884186543282,0
28.495799038755745,48114.99761162408,600.3682115230397,8645.576571590991,0.21421328135458498,16.141271221438323,0
33.76421741151835,57509.25817179357,777.2818091755862,14306.271045567884,0.3847919195125806,0.0,0
50.88110528414725,68024.40949677334,657.960645828333,19451.62090127846,0.40896049668474066,2.976769215126902,0
20.602361897666512,61030.255164327435,687.4955938585848,15276.94484863383,0.3017765702632853,9.23668954537988,0
53.92366519342026,50588.626688808065,615.425110349428,37653.93723790551,0.20110455202946587,5.8455539681392406,0
30.696864018928544,76904.91268315636,642.7841217800744,7568.485154960605,0.29985114124720075,0.0,0
30.06018879078991,66474.78026321843,718.7595114308426,11410.519472154487,0.4952103368945189,13.113739089297846,0
26.702921782199194,17891.513464633754,616.4165357218038,16868.515392913185,0.3614133314629858,4.542277492258436,1
44.47175270763384,53612.56867384864,719.9273612973277,14084.4066604158,0.3652986959541636,1.9877669371597673,0
33.03872153755417,63844.0628932773,631.2741762194648,26220.468473728746,0.39727597935373127,9.681869051813118,0
41.58319023770061,43936.28362835597,643.1128582816289,28224.70382358868,0.5814428015366508,8.650288005326658,0
40.127047720655675,57964.02778359639,633.3568848185971,10316.069601721723,0.44200761303475933,9.995470448432968,0
18.0,37231.415657293976,777.6375951285331,22356.380125947042,0.3879841687572382,0.0,0
39.088990113387084,84325.42807631192,706.0899743201504,21535.668203257985,0.3436367966711894,15.996933340702146,0
43.79855283411174,45294.687682145755,691.3188229734296,17626.283689224772,0.270203615666978,5.527651465319391,0
27.124517226130145,55415.44429541884,612.5741411738328,12825.221350721884,0.3641758334218794,4.27464169782808,0
26.569413141758098,27970.24515487968,768.1436658338281,7827.154678714178,0.3878209066257112,0.0,0
39.06638918048678,62187.49080314883,776.5096446448216,11436.895907792701,0.3331050937763767,2.6779210877854176,0
55.593455991881505,42332.57330041402,630.6884331412732,7433.429680466223,0.33385787568484987,7.373983370064625,0
54.30589699333724,45232.28205424873,684.4375064738864,23538.441784865445,0.4278308997524444,5.297751686432338,0
57.10529751936602,78244.48415773318,681.4667717468968,21798.953119326055,0.2412263304336038,12.88930372104618,0
31.276768323851208,64502.370143145796,808.594378959688,20979.553853073397,0.45829235136287017,0.0,0
45.54015173875747,52698.50580241258,742.3915536669897,26037.098743374256,0.3588817553531424,16.470427950033056,1
34.60801108305771,62978.51726502088,717.0850988152142,11237.454606230749,0.2923071188176536,5.132911640773866,0
46.91636014708449,42482.58780417338,686.9393368772153,23831.703769321444,0.3350141060175069,2.4844946708227598,0
39.07662726899838,64525.248802934366,625.0935780545141,23806.404146030567,0.19653933160929676,9.37887840762818,0
21.459397377711667,46913.88672442833,714.1190894586192,12980.95263222087,0.415421793256577,11.909213235928155,0
45.68733547550708,56054.69896998865,652.2933166402172,21814.0106156733,0.36519596984142544,4.464060409291658,0
19.221399543320153,72093.9011986118,688.5569832026772,16315.445263711164,0.49738432362050267,11.317494891812167,0
63.47615911956728,60055.288207224396,622.9102419397262,23043.94610218748,0.45860196053729163,8.877603763000792,0
67.06124922130618,38926.864042977395,648.7469897193677,24808.796450094436,0.2683694157334485,5.106590923542534,0
33.48638466484537,54394.04224426327,660.9235432877405,24665.39635139334,0.29084895873191613,4.482744464044288,0
39.502905768443554,49999.60098279534,768.8711292159794,17444.840008400246,0.4385152140419724,5.289256299245636,0
40.79789508820042,30053.83945207726,627.8157199987297,10004.762769035438,0.6103887456562869,8.43869007958377,0
43.67922688650507,85206.47152908865,626.1040896014279,32010.93335185426,0.4242109389121905,5.980608686656972,0
45.91734185347526,47144.78224367674,688.0940250192376,19058.567189514288,0.18693055122319863,7.36793070291231,0
23.463301105995434,86119.56748008514,573.4497887953054,16187.196800782309,0.4547729997424725,7.649895710638055,0
29.69554019209814,59090.2303791855,604.3972668799715,24438.32491199229,0.4990942029788529,6.5785016478945835,0
48.408610590325644,53915.84744851677,579.7997920806658,29792.15688240935,0.45480998865091954,1.2814143753717984,0
44.500258590472654,82385.28065305352,657.5311328368133,17536.652443746105,0.3285048065810665,7.764052416230663,0
33.40160627394667,38446.30136252061,576.2594307642842,10733.753317244986,0.34142334323670404,0.0,0
26.76077391600438,69812.84478739531,751.627336776062,22915.561501046657,0.4898155985014715,6.849577196428362,0
43.638469368228925,60862.64994926082,558.1358062096535,14248.289484644323,0.34049123190629244,6.3918707260840115,0
35.809148963295485,74560.44166155723,740.7308470303888,21598.51419155993,0.48097314255134527,4.206415733221005,0
49.84351723155352,50227.324926042944,755.8601705846509,27159.102861295443,0.40009988743829494,9.335858319205935,0
50.65590620561569,29355.476842290132,668.9776038942248,26155.75158523251,0.36198666938634233,4.905296557263388,0
47.016544321704046,78069.1871327731,572.1061138906491,15884.274392313571,0.3746461238353147,11.015949334613786,0
43.201011828870065,82126.7530172962,746.6477706799495,32382.652810970103,0.2820048043462646,6.272976869419075,0
42.88878406078954,59356.0859348299,694.7279917509649,28597.895865925217,0.15335610648428064,17.646929690122636,0
48.82597762545198,56266.51717442308,626.2743965046398,22539.440957233513,0.33847342549173526,12.225843552732767,0
32.70034794609264,66608.28315596511,620.094681821394,8827.279566432844,0.46087462754539554,4.277057645041452,0
24.087836177882004,62835.67746803312,637.0336210495518,14959.828755694034,0.37525763160497044,3.017212257333309,0
45.95189264124598,71043.73361083567,696.4962173669244,23873.29703140213,0.37350120383546753,0.0,0
42.733337915248,49737.54977844239,587.8976501494506,13477.954571910925,0.4955121399514541,8.447318840864542,0
42.98112282369597,55522.60732578927,631.0554642024117,27723.04368344196,0.4844877548009373,2.7804439296258625,0
38.67363429628527,77799.15788867362,733.891455046249,17345.601564064014,0.1365571684637021,7.776004122409626,0
18.0,77570.46143247321,632.3502445437299,28168.571190629977,0.42341862477442516,10.629016893325488,0
68.9359255182897,43783.0709921058,723.8861991259005,27731.0345662388,0.4445694403295096,10.921890150355464,0
67.42155211682268,64568.49706427625,669.7340274031517,18545.89956136911,0.2591468145974854,0.9487769061483391,0
34.897820373848,58628.86760762716,678.6709153965468,18422.64083214186,0.22797743474128912,12.67413581308045,0
48.33351155307909,71149.38998728177,653.3081966572998,18108.76181931305,0.29737756788517955,8.220272103445918,0
40.88922126556916,26529.990533177435,653.0148754332872,14017.722378925948,0.4126525012003858,9.79018034344237,0
42.53388613193349,61750.43067358814,632.2451278292273,15019.699561503774,0.3247466516033264,5.712345450800763,0
43.43292406089989,56622.77835248826,613.3981355749253,19986.503060609713,0.22151338658079048,10.405412923937408,0
50.73502839795853,61668.57613501546,641.4124168485467,25127.811845119544,0.21398721893199596,12.590285845691815,0
33.309505218656895,81072.80902764572,628.403533799632,6486.978850455282,0.34605283323994823,6.241925951105511,0
47.15353657205698,32982.60135262582,647.8171217691227,18532.785865472306,0.530533039228469,10.639504194987278,0
47.07661668417465,41609.821707521034,692.4861132148537,24701.477673023677,0.42641504877525194,6.440892531701152,0
18.0,57649.14805292169,714.3365748247915,7763.365264681463,0.3496162591476894,5.957379627984524,0
54.683404716216224,46034.666470023534,724.7226556084215,21748.108643016447,0.3920290840272168,0.0,0
46.57419413731352,60144.89248897805,620.5907792219123,31917.220390174614,0.3334941458216191,9.840056501791787,0
34.17782735686512,69339.68245936144,816.56521494206,15194.588522602367,0.20526170514060324,8.88847060843712,0
40.47880106884196,56308.50663163885,798.338777533212,9157.561958205208,0.32911966384036545,10.758918920169453,0
45.124678211491,63663.41938772662,617.1036342605847,5562.898661759062,0.39844469777079883,10.34001893211366,0
37.15680791597281,81309.82556798746,645.2975503853766,27655.859975455976,0.2900315336526318,0.0,0
45.25410236707439,80006.61340352127,620.6005035397824,4314.784787473451,0.3575965573060854,7.195324750542976,0
19.491238744709044,36994.22958144505,646.7117483894071,32325.524628982777,0.5300287259767695,12.729899413869518,0
42.11908576681285,50947.399110472674,764.7744672071875,14940.654024581227,0.48674376717635903,12.790072716964758,0
51.105078797088424,90953.83187212449,754.7412353010095,22406.12296671177,0.13590579020946933,15.608654074265363,0
47.51354335190253,54078.568905625914,658.7004945512525,17690.78813722308,0.1826117706838052,15.057519830021274,0
42.178671491411414,55509.4783153035,678.1493265748528,26572.246487751097,0.28011567649440355,21.24071029131382,0
32.19482964959539,65376.609275314346,706.6352166655677,12812.708120425923,0.26084053066126933,2.7612639051980157,0
40.70357907534637,50554.8052782178,712.654641898995,34333.31745562484,0.22680377869603568,4.983926380577218,0
28.136971539540447,57196.387295538574,574.6317988130108,16345.69993857594,0.493495691390358,2.382378810853007,0
41.20607091362889,87393.28761802142,685.8343373552435,14022.230228707536,0.3213869328625507,13.235312381891067,0
38.255853886604825,77539.68953945697,842.2959547666127,15409.47997291679,0.10687099947567638,10.758900712944659,0
44.99441864138808,80436.3881613299,593.2284034330041,14973.100084428454,0.41058043953290746,9.670688850088323,0
53.888424999782295,60632.41538287805,650.1926730847657,36654.22940532444,0.19863871073827888,7.800614575476722,0
48.505419991095444,42813.70558227385,706.5893795297952,33033.3151503038,0.49608472906391077,4.394312901137186,0
31.684641160713422,57834.52822422078,701.0667414248838,19502.126704481474,0.3249566062392033,3.9452758818164204,0
30.325019873557828,38375.427403097376,618.3183456468886,9609.700362567473,0.2863273548394704,12.57244569549724,0
31.34271502194909,62511.505446991236,661.3322814762299,23687.91549616265,0.30521270101076514,5.403646743672196,0
31.29550453259655,59890.44221094293,555.9709375218254,19813.83160540043,0.21881546189558065,0.0,0
29.614658181499763,26987.49009659601,676.9488871283869,18683.01570197085,0.3779248673557234,8.156409401597793,0
59.91515249965899,73721.15840232214,741.498835398831,24785.318471426508,0.29866440996405935,9.111308272523564,0
52.9962918287395,71141.72428967865,651.5157069925857,24593.53213083471,0.42064254205894797,12.233618931215748,0
34.07927391558385,51208.252750011365,607.310698067475,13888.00073994654,0.5069281944533461,10.732469153906875,0
40.496593699361085,65007.26878442007,694.793871933559,31212.591293934966,0.40774667250956886,7.1593388841210315,0
64.78005442783838,62307.64295198623,705.1435941699692,21681.811868864625,0.40064632440704195,4.481368331925857,0
22.21305272214247,62594.47817202809,607.1393765076018,26352.07455175504,0.24188251849068115,5.03120593191326,0
43.957531260111715,49158.96530883671,676.3813367389088,10084.139297701035,0.1970864459317686,14.574490125811046,0
60.03271757473718,67258.34222846352,690.6811517548456,26028.48654848102,0.3526596468544076,12.09306337412476,0
41.48823232930396,42234.70422566272,574.4381463501152,12298.577544385284,0.49427660087765546,9.313548223847732,0
34.4865833233115,47056.12470858207,698.7719696295928,18199.06099763784,0.1621871974685147,9.355565798272517,0
52.69867927874298,49447.97980437035,749.8650777781787,9092.478232770256,0.45228451721782587,11.472533151868024,0
62.60747651957939,59868.58431505105,783.309592710501,18884.245490835572,0.31191201738311536,3.199506799081332,0
38.17084221895373,54816.586007321515,796.9193640098172,29171.374226562533,0.4059832516352485,6.067072158483837,0
51.93455528029742,43354.30392991724,782.3269097772522,7327.177994476653,0.4375149777965716,7.644753197273592,0
30.40668322400682,42745.726581970055,761.6078837143773,18050.30800606598,0.3787685343170668,4.491143188334804,0
42.63966564629735,70912.57335818492,635.8468824832369,17836.832130538252,0.29934779400233813,1.6459101965454241,0
46.39033564829532,68050.06949493919,658.1043045892475,19640.718174156114,0.3857132122735438,9.507344033726243,0
35.483487513820315,110971.7348475364,658.2887050241428,23042.624018695806,0.4259363425616037,7.348735261413614,0
34.70269409677948,75318.87649082691,646.0992999750817,19991.541618488296,0.23936921461731261,3.23966586477688,0
46.32917483737759,48532.43708713193,682.4230906610064,22918.949551933983,0.2936723490748759,6.652022511831753,0
48.74996057361953,52439.33128851683,603.1133490822154,19523.004089725968,0.2707573727982997,0.6684714931421958,0
29.506308678298765,61364.72578719927,750.59503668289,22464.150466417952,0.35097586210386905,8.245334201452579,0
33.92648194008988,60477.76237230733,679.1511130369926,24467.689533863035,0.38392014165139027,11.633758826207675,0
44.181377914967534,72920.3558660066,572.4319422858085,3889.076742604291,0.3632698419078083,5.18111410807305,0
24.58220294542157,66204.47602332867,724.9496531483662,40007.1944856927,0.45202446390634815,13.37331738207094,0
29.748056562359096,64967.45539640037,741.8338042061263,36030.82845594413,0.4079778646542551,7.5440091455431455,0
43.25974887869294,40529.54172235863,716.3360484654195,18872.932366055982,0.2932808004975317,5.285729707934875,0
48.05144274304986,75545.04709954272,714.227551197112,19875.111998060536,0.24911254526694093,8.793471789642082,0
42.73738927240004,90699.30985003317,704.1531711738315,29946.91845716832,0.3300923617738819,18.35519817318277,0
39.24059938777345,47926.95902492048,669.6749190587301,8825.043494262069,0.34013837741522485,0.0,0
56.82478116152467,48159.96864348618,571.4835168414622,7852.012024905858,0.523413028471685,2.7612643824600447,0
42.021871707301365,84342.75786895675,673.0632912506524,38078.9595253423,0.23437073822098958,8.29966531780065,0
34.72038077230298,52819.11130462254,523.6819787095584,8453.59298453097,0.4092847426925414,5.430394426581389,0
19.28735650645974,50373.34761380557,734.1954999881664,19199.158866447433,0.3732484411143109,10.079347041496252,0
45.26165268370694,75154.60848967083,710.0420058490399,19418.50063852874,0.4123560786100614,13.504038357983118,0
35.49716875147523,67667.3804561703,591.3848468126429,19444.43651472763,0.4358969943222906,4.666486817028374,0
36.512464559744416,56389.50404733478,701.895750361641,10340.963950933168,0.45189561118585037,3.3973119297159027,0
38.94381283770406,99179.27125823643,679.7911803396968,33313.270768098475,0.2983514171437902,18.022885691349146,0
31.382652277348043,56916.147184968446,648.1199471833758,1517.6843612031662,0.41386036575733887,9.41869796645772,0
44.731356690084375,58407.49733956518,610.1958636715447,20497.252005709106,0.48039685121038106,1.0969373774981364,0
38.61118634561503,45118.48412453731,717.3089895651873,31695.804548155073,0.37591545928221,6.221484053301471,0
66.5213967944411,46457.0867511306,775.2889707339091,19558.6540713299,0.3604305729658569,4.355546622301369,1
33.43752997032962,70156.89585585541,548.0244832261114,16795.255939147384,0.36738133750624885,5.399519835322069,0
42.79561959947213,41210.59171790794,777.0851953497265,9430.264642360533,0.5708944362784293,11.66903028914681,0
33.922848966572744,52894.391412409226,667.3601322228592,19363.5387526021,0.30591229422346,9.25880720628193,0
47.29813611517398,57117.67684375673,692.6426114167001,12966.24527800424,0.2728409728683491,13.427097951774696,0
31.128124504112847,74038.38086580463,740.0494390593897,14575.896586471565,0.36098198742568377,3.1526731638241348,0
40.77327247017794,88307.65532905843,693.8888776274545,24469.916430723,0.345466423800794,5.564103987192879,0
40.7341632589248,70125.66254163085,781.8722927288,6851.890505816937,0.5011911415951165,0.7648564080971951,0
44.1602616347574,64630.10893798935,580.5742968964826,17168.69636131802,0.4571246468570261,7.566658700646662,0
21.207999647871013,68977.46135809849,767.2559835335619,18488.650997282733,0.4156401669657523,10.100358792059879,0
45.75458845578179,82742.32197313671,684.0680596122925,14922.36787116656,0.30429960332070705,9.440257441802363,0
41.02062414362837,55661.10243627531,717.1842770480082,23798.05932372982,0.40395581619030463,3.6754157747584566,0
51.843037165523945,63507.789502300526,720.5169545562178,25632.107240892477,0.4692466289423737,3.4197751985152047,0
32.05156953326194,73764.9834606328,613.5389780580929,29730.65066392391,0.33043886568475894,6.118238999205047,0
38.7409694904895,79565.68868718966,582.8974579283425,9083.108881150883,0.31625628169047015,16.248707601982915,0
30.39653599717358,52314.13457572187,601.7623688473994,20395.202209351795,0.48823519731987547,15.070958480347336,0
31.56086734252704,74867.36499151675,721.4921293464831,19034.465126504103,0.3532158630306091,7.303719769499997,0
46.283417156058974,54409.827000571415,731.1294317369728,11398.96732483564,0.5552163383684023,14.402220136071929,0
45.3721448786125,65406.10320455662,649.5307361149453,16837.781816524166,0.30340674155481817,16.693594473505094,0
38.596290051283276,69510.38130384193,692.6043423914614,23587.159028185826,0.4196139351974997,2.323915821646179,0
41.41641672830812,70695.01994089838,677.4201103457892,23678.79467414995,0.5811543076803837,13.50340899142324,0
43.11968612695531,52750.21206526755,751.1810462774768,20222.14864457419,0.4535614725645622,1.5639449802258003,0
47.69085180994094,31167.74072354764,575.5534574318744,20908.84530619198,0.35905268669051055,10.094288269149875,0
45.84285767963483,48579.94134764714,602.3076974363157,15450.750611503243,0.23895714387680173,2.051509377252419,0
57.88592651929044,67766.21336785679,725.3971703184208,4921.933583783266,0.3992133308105454,2.9860568587465695,0
39.75368956749922,80495.45806144044,631.9882616763426,21253.57011775968,0.3044717002355518,0.0,0
54.902897985704335,70111.86748270372,644.8492268772086,19733.64929700069,0.3196613703692318,11.981053116042341,1
36.789228521496135,50954.36559334077,615.4614066157513,22160.928119781664,0.4658769934859375,3.816514934412372,0
45.60806026384644,74504.63010216504,694.333394346822,24441.411365158165,0.14306303022494116,9.006099991988044,0
42.70785683004965,87103.07594756498,671.2346178165363,21271.304911837015,0.3550555528887334,5.707446147754385,0
47.66668711440741,33196.88169928667,680.1508913599142,18210.222554356264,0.545712528756586,6.308044275293854,0
40.33348412324406,49424.96585859329,735.0718415253641,16396.940557467606,0.3166424173075901,12.135879243750269,0
57.605723198321215,53726.569142209344,724.904881772236,18767.231423740577,0.3881062326292254,6.291982787574597,0
19.66414287242921,64740.10096826864,668.0572306102869,38555.80773491304,0.3199343264758947,5.727611733206828,0
48.60236139584213,86014.83474025094,698.0695177193443,18425.919311748778,0.24076857106130856,13.362621386767412,0
46.98168434491862,53570.93208037645,717.4919031960648,16774.182827291777,0.2148364477950713,0.2340971851086202,0
47.68213244720891,43081.643966505,728.654588747044,22292.990320240337,0.304801653890138,3.8141992327584804,0
57.51795883538764,50595.00749411197,725.6616395758346,20503.831143544223,0.2529687499114246,15.955635083402976,0
53.26070088606792,63584.42352346636,751.6485070060866,16020.992034572748,0.24486748755507226,15.862689338711547,0
25.950999809171186,83063.28519277982,633.8621406146456,20774.11002389921,0.5055553237424476,3.63385136680162,0
51.25136369569135,64613.44522052269,627.9412262088942,28261.3129544146,0.45993917064104767,8.542012360814585,0
35.58930741265137,61889.67821416145,571.6089767703911,12675.885344252063,0.21740910199649466,7.330668034868468,0
42.202241774916224,76405.00721114819,642.5218362350869,19434.954906796112,0.34921730993710587,12.301673818194697,0
44.481111019616115,63387.66497432048,606.796080054154,32247.42017014575,0.47787101041185653,7.784326303293353,0
31.54909444265242,58066.53654936596,667.9797965536915,21458.072183193523,0.2141172382394108,9.859114863647797,0
26.29570110413451,73706.18583555879,646.8605032211954,21507.197412888,0.40997917949657986,1.3246354241734686,0
41.55500372337659,87301.01964419917,735.6092145465584,29447.156546245897,0.5589202493994476,12.611566646353364,0
41.44509897002984,62949.1399872811,694.5259782654582,23401.776537140166,0.4710663029896458,17.068851912911363,0
34.24039039216437,55679.73633414342,817.7179948718381,15623.513599745595,0.31255126979570996,2.8078634548589747,0
30.871996992364462,42375.89714459254,638.2917809395778,10011.473684943801,0.4532300616341971,9.75548214497518,0
40.05986878106304,81080.34220082911,681.5905054801688,12534.937379537398,0.3821191082228265,4.286094349993791,0
36.996603545310364,51405.562854969656,629.0704768500108,27073.566851534524,0.35306225643751066,7.223956901512286,0
39.42988107749846,91780.900695742,621.4852073855618,20103.09280176256,0.2903700505996991,4.6674268005331845,0
58.48032254870556,61804.830920882945,640.2970518986544,25641.665604613387,0.19645391426540348,1.86919061503784,0
45.83376532800976,79121.51805472143,630.9417775292063,25293.864780403128,0.2736188283828232,9.394531817457738,0
53.381854337915925,59088.69622350037,648.9352130844782,26416.13253216947,0.42165026843315295,18.006917101212593,0
33.783625083708955,74449.2446365535,712.4172483673319,26061.159940732137,0.23136396100770806,9.994477840945226,0
56.04658730650001,76225.89806862995,688.8745849781287,25038.20741969088,0.28001514143293127,6.7839775792137615,0
39.78528890376299,62519.25848508561,737.7721858285144,26694.47504101593,0.34339282275223404,9.782817215060575,0
41.328801139448395,43774.2367287855,593.4589934526867,23105.944830864813,0.45822628924081,9.820626335942054,0
40.615269052915046,47606.7430368339,730.808816837869,41338.38149015307,0.20529721150843946,5.003811170123355,0
43.67316770041564,77716.9373705289,704.3187270413928,23184.49053757488,0.4449831297568363,8.156317016417782,0
24.523667728139735,89822.54886724854,700.0728610518246,30310.27467016597,0.5037448229960604,10.718727569045605,0
40.01386301195757,57894.75457059243,783.0462159537259,18173.000699328342,0.38758775051114835,3.517545769826622,0
46.81042873060827,86685.69960100813,775.4141168028452,9057.131772390767,0.4079781738119046,5.126067507257768,0
54.28401712230156,29360.99197083723,694.6472718056478,17371.620285568933,0.3517379335633421,4.942083229597041,0
44.5234050102091,53740.44664640518,685.557059553962,12226.92702078931,0.3059677903897567,9.615170609513157,0
33.34559042845573,52433.33648881941,716.8209636337358,23611.27756070292,0.24493450590622123,3.7995213509838113,0
26.21552327345327,58503.98449507173,750.2962774848949,13125.983022616325,0.29126951758723063,8.244987939871736,0
43.31793637376184,57564.43783688321,768.0337026283282,20354.61344967772,0.3572159335857511,0.0,0
21.924703372544215,59093.629361790474,644.8351601189746,16429.106688695047,0.5176391477607639,13.520909268917151,0
38.635252838934576,59703.22563250668,790.2336153863905,14687.402535945144,0.3336106991853744,3.705461866286462,0
45.346564493276986,72474.9439310472,734.5603112755914,19325.177749468152,0.4559706673045718,6.819348060128062,0
41.0458039099243,71392.67873552647,706.8000565155419,23333.422212485308,0.33818050981520675,4.0357366185418755,0
37.392975397494105,47945.71602872554,634.2382826955826,26299.92307874413,0.46436732747001014,14.46429188023956,0
21.045661985656285,23218.55234922711,697.0324900963781,23024.094742063287,0.34224057567818794,9.357675966495812,0
39.53711989368056,49692.42100221314,696.0710323463281,18519.052631642087,0.23470256814467277,13.576678728504449,0
50.58772189826837,60471.0662672957,703.057387502439,29641.0218137631,0.41490170463952286,0.0,0
37.543385530565516,64281.163748174964,654.9005643664234,22984.67808375939,0.5109781721713966,10.101276016160837,0
35.85353043842755,61537.46276996654,607.1879047841878,13475.500383782939,0.29093842392738883,1.4563886679529876,0
44.043978056833595,57527.97767154726,748.7403517315045,17316.43168676532,0.236849393925593,10.646972528458424,0
47.034277723282806,39953.66218366432,490.08739251938675,10538.353584841827,0.40312953820505143,12.149068412064096,0
48.88822336956915,82897.06424472677,730.2007924147726,27463.997084741648,0.2770279319927848,11.209835284213383,0
31.291301816452922,53360.94758197188,763.050579524062,24422.15964646016,0.3375526473782034,14.919051577143513,0
35.14144861522865,46232.18591692005,585.5899806670295,21579.010254094374,0.3459457520319247,9.914693292264575,0
43.027423924351694,61750.1420900925,718.5281246251529,6014.462861874266,0.305337200810879,2.666354261392229,0
49.99542731131472,60709.48223402006,705.7917093419735,29863.312882239912,0.3355631474735202,12.59529034714928,0
54.06715271002638,69166.01382802908,734.1201864712814,25847.16072470571,0.33335858901729404,9.86183364587409,0
33.95081692140742,54164.16713151467,664.5343493057931,11154.09175248817,0.32061469999767095,10.919311614412711,0
48.941734924302686,68519.70312207192,676.1174826133179,31878.187655328824,0.36063882246168183,4.620701710146506,0
53.26865628382029,56243.75001940221,688.9404110943731,23195.057288502037,0.44566083407495183,4.508641469228156,0
42.86593064887778,48208.71712423863,540.5612273042083,23788.96824618008,0.3551624784392432,8.825645848203413,0
37.823858965757324,89845.29844439233,623.2898207181056,26200.320108208034,0.39965332817615895,5.07620318431535,0
30.2686648454509,39892.92641651398,628.4621512516387,13059.590728987661,0.5108331820979253,5.87160392531112,0
50.79812790727792,59348.865828086695,620.9197968347737,19128.73689224515,0.5250363442201416,2.6730352167880307,0
39.92971955293332,54001.64495032762,671.2371135413625,17612.99745650804,0.3238225876143303,4.17868849535645,0
54.58100822348017,68608.33339799606,793.9074476629689,15932.175076624848,0.337208253831193,1.049454353707639,0
57.890766838114885,61024.7128471481,674.1157986288887,23676.573198008045,0.3499540958671067,5.980918035623782,0
26.674356926599884,53254.748840693996,678.7773439481873,27379.72143268567,0.5748639402571118,1.3698748305441386,0
35.32123311235213,51111.95670342473,660.9621164656635,19911.903462079666,0.2632165259117384,3.9641083210534926,0
38.97019646209119,59032.53573283307,766.5874266674934,27798.98936694088,0.3924984113487113,14.116590514144647,0
29.53591665620322,49482.01259679139,691.2659425714353,32074.473295919142,0.3268575498707061,0.0,0
31.83269706243599,48530.29420473403,621.9432507800055,3204.0586973476675,0.4235096377873887,9.10849774809134,1
55.1798682898162,49408.57365070401,662.4235697611049,16976.524748272717,0.4131561445178229,6.179082852140686,0
33.8220430109222,57179.05945904952,643.8446832432711,2902.537318013048,0.3267467907047085,0.0,0
42.628581282256846,67645.0083121753,634.9083693742589,21121.250908364418,0.4200390577231534,11.08246184310807,0
20.995727840171853,52288.28630962765,700.7747794096131,16827.967532796654,0.42354983730894535,20.00128128534733,0
33.33967925283497,54940.259418645044,677.5465203450224,12692.243189178807,0.3255515597441908,9.097256933804818,0
32.06265888079533,65735.22205309439,695.5827714640739,27950.3229819442,0.6046684581485284,11.05099586844565,0
31.907292559633035,77350.48347945351,675.837744101966,29146.272392745657,0.35232848130841105,0.0,0
38.72134802089534,59443.5320399108,570.3926343229901,6080.951705746191,0.2142915145346335,8.64897038312242,0
38.64545674669548,62323.69097602102,766.4963464365212,9672.593147706477,0.32666958820240566,15.510798089446883,0
25.21166058572465,45340.07585442312,644.9649772163567,34500.905590076276,0.3326455899257414,7.695416732581673,0
35.070954269329945,36952.86295851794,630.7662533646164,17974.20877539368,0.5238743655641901,4.552688363779092,0
47.94947253108105,91225.44735060324,730.4556603234621,29861.55151517022,0.2499734570583639,4.572406860558229,0
29.077864858576127,59067.000144552134,620.3263788782173,15663.561277083902,0.35468793505560237,6.532246441809935,0
60.8651464184385,83716.19345169682,720.5019980338377,15750.319158938215,0.27721175381443053,10.661259661323612,0
53.16652995439186,57544.605505777305,627.8749955505156,27792.521522685878,0.5408771679719968,2.1539931010961286,0
35.335861243993975,47810.0512317689,707.4929769846573,15287.81030074587,0.5370604805780214,0.0,0
18.626878208142813,74670.05075296236,682.6242378778717,34735.63607826003,0.34186514824677644,11.011471892038852,0
18.450838276735546,57733.36308157494,736.7371252595833,11026.587075468897,0.36678909337250687,1.9921856567605696,0
32.496289918339755,61378.05665672275,622.0755926177752,16477.31134404648,0.4688528873193396,9.226418246244723,0
32.71963509360701,60588.69425073261,700.0254636726153,21037.665026764298,0.42067536879189593,7.5677534656666205,0
30.51061175601681,83141.33657067613,691.0731905269173,21674.583960456406,0.38075380940741915,2.8031717725454603,0
57.53800921170158,43375.78027500992,707.2803589001387,27893.022434405393,0.37160578893746027,5.253715179514787,0
49.75203070660957,59209.605418818115,718.9859320209355,30385.17770641909,0.4641624088188223,12.445740402210722,0
49.13799720892939,37849.13166515113,688.2716065097532,11919.257247648231,0.24423614335533395,2.635077798597881,0
32.93695298846039,72860.01892357727,707.38992571843,17753.637874588047,0.3389659617563397,12.100817994847262,0
48.45393917086708,67311.85889694882,698.1015275810474,28944.28669049002,0.4332659309019949,13.929223131791641,0
39.98567961224199,64860.00341839333,763.1816519247561,17677.855840493932,0.19189646220274512,5.606610135492126,0
41.132885348633955,66547.72585999845,658.458524137137,1090.360815650598,0.34656330087051546,9.448613880433907,0
44.6810072513016,72450.74015943633,812.1392316213293,10946.500648508267,0.39345881406760885,8.601327732410098,0
68.47782117518827,76739.43170008251,768.3747399525387,15187.978530407101,0.3526171390027683,5.315693598614841,0
25.597913084919,43548.00697944718,704.4012831189664,17722.5932170323,0.452518542550286,11.145618768200134,0
38.302484313965216,58306.51526369556,703.238640590436,28064.60496204801,0.15668026025756354,16.07821772929273,0
21.946811561780738,71920.67024217913,601.2579460416135,22833.240484083475,0.42881680809315714,6.831526169158297,0
46.08022031838889,57699.44311144391,639.7968979552202,22404.38789735808,0.4633382243138541,11.998637071157486,0
42.182035524743355,63682.95840935377,787.6059386168778,19193.436458152595,0.1533139162620564,0.7339919949120528,0
61.754704258404146,63376.882135669366,714.2442570361316,21684.24825845881,0.19869678542509192,4.262784361302338,0
45.770494926892056,65301.421811466076,749.7607363994158,27745.644928135356,0.27103968164105685,7.708771879098112,0
25.268194405132004,78397.13361458457,692.5382412565923,22730.00456885899,0.3484184497144258,13.502425109868053,0
27.53242562446598,71625.6959036937,758.5383991540704,18504.009870265538,0.42820992514721906,0.0,0
57.860628827371755,50924.88538247061,678.645599646677,14161.629456962808,0.4024345654185902,8.63369372155743,0
18.0,81082.30088883592,651.3716128356219,24557.426964002334,0.4663223464059937,4.176137323232474,0
49.92134261133589,60964.96816859559,695.4802063683804,21710.32774050321,0.5058082967982334,5.931976490258689,0
30.843671439527185,48929.374620901675,712.0407180200596,20151.001001600558,0.32413900549046804,6.356481217020047,0
37.56102721839904,93586.35427242033,602.7510837868048,24289.085112123743,0.3858619483750085,2.416660964070319,0
40.3481206721129,44300.89556615087,690.9054834916445,22056.202455737828,0.4245494960677637,13.975361310148251,0
27.932909862439143,58290.77232284434,750.0830607030872,11331.78268378569,0.5289380057805988,4.954781620776156,0
32.17721391428293,79905.5457696364,785.6150427133315,22742.66117098365,0.43127037798341356,5.040530324241345,0
39.1744149086547,71870.73720758418,635.5147777545515,23344.370109970438,0.3783961928267139,21.245689520127662,0
57.29338011112556,90894.39549093989,751.5102920294725,30885.640329008045,0.362839130276934,12.153381323613717,0
46.58276151629935,86021.16913858047,677.2740651593014,28116.315487862295,0.23588015520420846,11.009562722028086,0
32.06896531819588,65329.72453832903,610.8662204143918,25746.522623798235,0.4720645790325122,0.0,0
39.824497309796705,56455.61114903443,728.036276622963,29454.67815985342,0.4481942487208955,14.202668377426455,0
31.994393628026614,59611.142865267946,701.2219850749284,12207.824937395439,0.3860416496737326,11.25746944250362,0
41.6103853300219,63880.735885818794,770.0689093462777,30760.69129969489,0.2225288157071581,0.027257282599150834,0
29.63970731777945,45901.48786195379,732.9715594564311,27317.519185156467,0.4548180487957845,3.4357271549951394,0
36.59558675790418,65270.036057594116,695.2944669463694,16169.58750315864,0.39993485479978796,11.159304159737733,0
57.75565980513942,64272.83522074975,785.6420467655887,22294.501320482377,0.4583476821404384,14.696683465538925,0
27.45463340383563,93402.15201479892,657.1191798270747,16878.155571449322,0.26474686135732656,11.929738376241218,0
47.86215852174774,44914.87402404557,720.6595914532793,24798.586507726068,0.34985183900533046,9.7654166780171,0
37.211199250694754,63319.93471235337,666.5590524453767,19212.93859419402,0.2993995466505821,15.852222947261742,0
46.93456049054019,43758.956327387685,647.0756105225767,47085.72124744918,0.44388101514275413,10.316471613946758,0
38.68043211947924,56691.073042339514,604.4621643328232,30387.854818389133,0.48368134625055975,10.38672315745217,0
39.597113951098706,51873.81687602742,629.9484114055682,31297.23987551763,0.38306697189988725,6.253769767160184,0
40.336781158729394,47482.01722421698,691.7035191534923,18125.562914931354,0.31488558694324675,10.421647924106956,0
54.06867861704888,48004.637771619615,535.6458930185147,23621.96830160603,0.386329949493138,9.058005333671371,0
50.55335840469793,76827.18548528501,644.438783850247,15162.318579060428,0.22361047927028913,0.6464714812014769,0
42.110956503316935,60337.498739555056,643.2848721032695,25070.12286639463,0.43801923417261235,14.87168922540297,0
54.463938015922714,47656.761669935804,585.5954358310744,18671.645288320604,0.46777672976054196,10.679543128410812,0
51.92293949706504,57985.44473830376,626.0684924962557,22520.112174580045,0.5105313241168165,1.9350475826847653,0
51.195515685122615,60000.79512364733,659.171399199318,14469.408927090397,0.3163853686031593,11.383059805197867,0
52.31123080530493,83964.8387376537,745.2277676582922,6431.831799338095,0.48264499633251545,7.624118623799442,0
26.76828182501071,46034.51791489996,648.2258971667155,17268.400747469153,0.2096623642899676,4.679449763060827,0
57.15187299142576,41284.42275673672,692.8329373040184,22910.045178191715,0.3503887005693131,9.074867771495603,0
28.264268463610428,51370.73283214769,649.1353613818301,18258.892699311633,0.2962344173406676,10.51927278834055,0
38.864772922239794,74880.21415048144,685.3386115135369,17023.232593797966,0.2575826343479102,16.822028670963064,0
47.04551646159507,49986.92261059068,721.5418250974554,19245.926779590725,0.3230580459813589,11.371453850410763,0
19.13004730105957,72391.0504264403,709.2134474093428,37112.15991156858,0.306935693260625,8.873935539972697,0
40.766464555744264,59557.71896435494,634.5424718162337,1000.0,0.1103139033734547,0.0,0
50.63673806578974,63450.30019226426,602.5571707046176,12343.98518041548,0.4019583652995583,12.19306222752196,1
42.3040257377455,66778.68105054402,767.4269943216932,20320.394435922473,0.11351371115028108,0.0,0
48.00850913120248,69708.67259110445,729.1186442570306,24680.482753144683,0.26266541994105,17.71388466654654,0
34.818492064799884,40262.91350309777,678.0678219607157,2798.835362306734,0.36109614493860603,2.9321595069506934,0
24.556912374307295,54984.005958966845,635.9717731537046,34178.4992036569,0.37989762784753955,7.350114299563853,0
41.098072694618395,61795.35133208463,690.4402449046135,23171.431254274576,0.3681143442706007,14.060810159316498,0
28.04809312114123,26756.405838205435,647.6188639470365,13300.898376678826,0.4670890642507449,5.434454790752403,0
37.10887740055398,26416.59979518113,623.2155247380788,11645.059034779611,0.23786652870938893,8.42932439972705,0
31.35491331215833,56380.0877418873,626.9573095509928,27750.873023450447,0.47499479265020017,15.264885087591843,0
42.27022466776323,64704.30520224817,726.3993979456866,21196.930553052574,0.2848189879770614,4.401481191264418,0
31.759986526255084,55295.365215543745,792.105629567352,8863.008500173473,0.360411802982573,2.634268099962016,0
35.69554037508962,53224.313085985115,678.4308202634378,19376.727193259478,0.40065586557768773,5.592326474606086,0
62.814129292598516,84993.38853263485,672.9597215864226,30879.35622133484,0.6360084227938732,0.8938693224830772,0
39.91794281355821,73546.68064162417,705.502943675921,6806.01313457152,0.17343137256334965,4.628747097164322,0
38.08630425828778,50426.90219093403,689.185558131873,38305.95928779004,0.2832508908281068,5.922986459897478,0
52.60515678061314,67278.61075496479,728.5559531945962,21583.588091516485,0.2504054246477677,2.41263897695978,0
44.988945090574234,56123.67631138581,700.1624517073483,20615.16170802593,0.4101186600678284,18.340981583574333,0
54.10003857206651,90730.34326799779,687.0550060005407,13962.4347654007,0.35023155243803694,7.451378618380263,0
44.15301055143351,94546.59667578556,623.5901197124933,1101.9682194607121,0.5153278517709138,13.331963782341267,0
43.91957736177328,56212.50773456928,714.4375658871703,19748.670297177538,0.46295465458194224,7.388445095826647,0
37.77603495756354,32418.368925067123,574.3896289623045,17865.663036533042,0.4490185494889548,14.217036745655752,0
54.35403706350496,73566.69548701805,668.4456113109655,19388.506322768895,0.2095279994666811,7.660599892734874,0
43.34722118914231,68804.47472969837,576.7061035550715,9380.730143973562,0.4399303198559905,7.522325695195445,0
40.18763656168077,53071.34156655975,763.4188449094479,21825.96555989279,0.4352197815011225,16.79676169251738,0
61.007330458627266,59830.76653734673,640.7146935586136,20189.83107722073,0.06538713252729894,7.322348880611893,0
19.25210233107784,57374.18267056015,637.3673698978722,12083.605885031113,0.5006259308846875,7.61150105439694,0
33.735399858620674,71184.71798856577,682.8057745156991,22393.891722620137,0.2970327420255575,1.7368653829951164,0
48.55082321758011,69721.1063111346,789.0919722393052,20431.648306373023,0.29263407418651116,10.866576548357072,0
31.85660689608021,51539.24372057001,554.0986462742405,27671.200110614867,0.439156219557989,10.039275281425075,0
33.07102868624145,65880.9517603897,686.0604564519982,19944.938908969707,0.3755572381404222,0.0,0
46.15313586392999,63385.64624653467,733.1036201935694,13118.338516067804,0.37948936769329905,2.597717688384856,0
40.698009600323914,85597.66535300275,699.4209398916606,27987.278928042437,0.4125173876695428,0.0,0
47.14195476965946,53302.13142953366,676.0902068345737,15541.435435263505,0.3446817037186223,7.742548786194259,0
33.7895335777879,53526.0401852253,794.2181915614383,22074.354952748807,0.4477488504524197,7.5412906794572745,0
40.06630724848815,55036.372311610874,709.5420658829884,22361.45852717776,0.459680234907763,7.991252805272107,0
34.99402530564253,50045.18389392828,607.5225521189096,23908.045714999564,0.32142694183999454,3.103156194259549,0
30.072227126250016,38531.21027576028,677.0595781309277,24259.722145508247,0.4594538968129373,5.599370787390326,0
30.13179189982014,81310.33870041085,618.9541684503251,26252.981132175944,0.2841111564391366,4.810434191636372,0
47.59064298348084,61967.59399815725,710.5726112730058,26010.04258457581,0.49926919650904533,9.751073554398578,0
18.0,48857.937160385256,664.6389621062449,18331.57290556711,0.25753305101731233,8.922931365512843,0
36.76826473707393,69557.92286490637,736.3663708270042,33077.88072301971,0.40748863585494277,14.932483516629654,0
29.260882219410448,72041.78365750264,703.6432409853066,15309.804071465882,0.32287770844590474,3.8797782304475694,0
43.09866328384898,65672.77651603804,691.0533155936964,23235.412918103277,0.18182171407266687,14.392373086338505,0
36.89565208046922,47247.1692704149,753.4949998455216,7622.879391509616,0.2963349339910035,0.0,0
46.35883049507096,61427.037734028054,654.0312481521221,30670.401681991767,0.3905702044397925,3.1356454725475844,0
44.27389756219102,49836.97794284957,783.2681880546363,22038.084883901436,0.5691893817804868,5.982983008591777,0
21.87079311225167,51020.81927808175,689.8855092449539,14292.073767839633,0.319764597379283,8.6261213794123,0
45.20387172040135,37974.529143174426,850.0,10458.48731474762,0.29878289616900156,9.144330950855885,0
36.08554106150083,67296.11668944926,611.7860077938416,31210.917162107653,0.3104595283930328,2.7010455121523638,0
40.12355635981026,50485.89712233751,842.7898105302161,8072.718691558308,0.24224304494677884,4.738118127747734,0
37.13672435393611,60378.90183534009,696.4097655575755,20380.046093596186,0.24353396824886508,11.47754366305185,0
44.89334162378615,49824.57272528586,631.3778902670039,12806.093421343965,0.462219529630518,9.867693592082695,0
62.75657785333246,42971.8324540353,599.6403354726378,18820.746136533162,0.31896477535613277,3.8743237972666043,0
38.89458034332807,60754.7636746605,771.1977439320442,17153.39822851292,0.3338251403032155,16.486410208992112,0
62.547770806546076,49050.47587733183,685.6516459150719,10720.70448190234,0.46464375229182925,19.447008614916783,0
33.88035671638902,54410.92778907063,805.0813825418231,25246.424067846187,0.37716570916055703,0.0,0
36.690087514787855,74191.68750002331,634.0692533627393,26730.29659451239,0.29602456524598314,12.437759408290667,1
52.41963579131409,73896.1833375269,665.8961263366435,27718.935971191808,0.47878864635256724,11.20400155644105,0
41.621098641586975,37841.89546355811,715.2833454879848,5837.972078604669,0.5052391313153249,7.379827581013709,0
47.10566435814617,43975.63411392621,716.3225318273584,4894.719661518344,0.2732848459704321,3.3877132368538625,0
43.67004221518557,51473.480921173985,640.854601749101,27886.03371280743,0.3875862397409147,1.9150402648019273,0
56.6673009077951,63674.636450511825,656.0168829105701,19540.09786171917,0.3710210764925016,3.5343195845528923,0
26.367349868176387,70796.41415396798,702.1570487894743,31585.305196960537,0.3982528779756389,10.089443560791453,0
30.178672866200074,45270.413471989494,617.5442526336166,13366.649311918385,0.2970805572204823,20.26978171579105,0
44.08619769105855,53843.176150708714,797.8500845894773,27366.464249614382,0.23011526827193796,10.456242908365883,0
67.77052993144052,59546.577278293575,573.3642875931707,14685.145397332108,0.3500632968778171,2.5726923679237643,0
33.85432219394648,59413.460151528765,542.9178856972915,14742.7385409764,0.38768437363858893,10.484639163102509,0
45.54050439136785,71627.27528554034,665.3668785144979,28753.064708486596,0.25528733602447423,4.018283036542634,0
58.69021580239564,75688.16995872953,637.2345700486736,25155.8909247431,0.4220219590018387,4.939223648235068,0
49.90264018390818,67529.4848316891,588.7603919534465,30508.319850026386,0.5309575929591867,5.141413057106288,0
63.01561114781029,55476.437727606186,762.9979914974303,12295.138211651392,0.3136012075658357,10.026513042742181,0
24.068524838514698,48580.48111438782,527.083410383435,22617.82304435526,0.34380103922810573,12.531070204942182,0
28.937158814447237,68613.43915805651,704.8950302039094,19336.614672460706,0.2360972685680524,6.495134622752717,0
20.046152349710955,43007.60206848298,676.8724285335747,24940.468977203353,0.267778775110761,12.213659014096972,0
34.795381125071344,113413.09981058323,656.3984181443052,15002.718731516441,0.5314491473013453,15.524362590852286,0
42.726408397205645,56554.55589519697,682.3316267011817,27883.721695356653,0.3252095911596596,9.29384913051991,0
31.585549013531768,36415.914884585436,698.0022633712035,25729.90560578321,0.12481234466563262,4.567814966647454,0
43.00688728400931,62579.46424247108,610.4018057254563,24566.58697515652,0.5276130494874378,7.650074503409637,0
42.96138110540868,72769.84628918167,647.5761277754254,23646.235843072394,0.39285959512355934,7.033306886755016,0
32.925610593602975,42793.32144248689,708.9420091758199,21842.70507375303,0.18775998331535504,13.378707667567106,0
45.0065233769446,54522.90937776587,743.6302864820161,24211.839504817443,0.31334600018040276,0.0,0
33.70398200171091,56250.30777373066,682.1734848715364,6535.815923008213,0.18204634097887934,5.24838173513249,0
31.793442119727203,27780.497154808254,753.8355458666706,16247.013221217541,0.35559898785664296,7.927090047123125,0
50.93992810348867,89041.75536969578,739.7552907022276,5609.606911884695,0.30387993344386754,5.623946194712785,0
59.104747451119025,70570.58807101598,673.0485942581378,14889.33281832968,0.24681283038172058,5.956583808278294,0
49.32785078185766,54330.022679959446,618.145865545871,14424.661151324643,0.29145108940688846,8.111625925535543,0
34.68492384270586,42486.36963115028,707.255008578577,20684.155305847682,0.2542323328977105,7.427135070317055,0
45.545297660610686,73410.74923555399,687.8350939506684,19762.476101650747,0.18456819513264877,14.369956559624391,0
49.725459701230676,53227.24140638977,774.4166279326048,13287.007613576105,0.2599663489163713,7.728425539535471,0
45.30842806684995,60656.07924014713,609.3991138606634,15063.531213967419,0.1748893686280817,5.133831013738082,0
38.05069443386881,65605.48153381859,687.5127224244025,18026.157623990563,0.4254902624418382,1.6572088176595106,0
18.0,77356.10596682773,684.0880894904244,20516.860573340033,0.5006739585473317,7.628576544741749,0
47.174936112027126,54016.06302154707,668.8601510129863,17436.393542089216,0.23204447910895437,16.13106421633959,0
40.232715329989205,32191.64293762981,850.0,11900.811800246756,0.2634582212655591,8.570677711495783,0
40.978933837311594,67808.44993844761,707.5639026838969,8850.19804236931,0.37740402029761905,6.58651056541332,0
33.866010933985265,50283.26318456011,638.2314303233151,18776.54138665492,0.40855847978239873,11.500787905740403,0
18.491549229587903,67332.08982380318,638.8389974551793,17788.1205894331,0.4750866686054228,8.739448882688853,0
38.58972997115711,34762.392487211095,644.5973709220284,24236.348610579313,0.47485007668902307,8.415772544824646,0
51.35901042874081,36880.96726999436,654.4588891976181,24540.591088703917,0.3339480698821457,10.237319095254671,0
47.16332287869702,36074.44994865257,636.0017120264656,19460.0646934904,0.4778708338837152,10.156200149409003,0
34.25494847050953,59622.2296947217,699.5382196339881,12265.200756947917,0.4673467873309536,3.0042612656412206,0
40.502101739532144,48408.821377138695,673.4596561190276,28415.616199257493,0.4052509131968895,7.653746564531273,0
36.26444503314044,56129.20709929702,735.6748728172875,25846.38495896707,0.5853549706143595,0.0,0
19.860217136927115,63472.4877189019,692.7932649791344,17569.023754822665,0.37349165799820616,6.845131137197412,0
41.68239442847894,68246.60674824177,627.0093711370454,15292.66800272803,0.4159275784178331,2.2667899154588227,0
54.83463407948314,64292.959935591054,620.8295681341398,23492.946581415563,0.4532644193758688,25.738399542970523,0
59.06119259817255,44326.686449264496,797.3749212271207,12209.077039805696,0.36831636511345867,4.082430120011155,0
37.82632773263094,52865.18634978266,753.6249743653816,5067.177425396929,0.27907179937439414,1.862793046775499,0
45.84377686212509,52124.806543484985,656.8662054115864,27997.449963479936,0.33861754535355476,14.080558818286045,0
21.621532324685067,55381.979016711164,627.461971702735,24722.07449852786,0.3586760934038087,11.011036979997568,0
28.01695262322582,83005.42487902398,602.8688506131823,23468.870303696138,0.35211664327875597,0.07675996302943844,0
44.02655191357619,78172.9193839871,735.9623099172239,10470.962010924248,0.2786858421601197,7.844996705515693,0
44.84106124212797,68464.32882403253,680.416752441345,28915.211962274516,0.3793261148150981,4.220045569310833,0
24.661564791424265,37270.611576643496,801.3328282110544,23893.881539084075,0.31034319938633176,9.800197753248483,0
31.25828847556266,55601.51153795854,493.2421002688144,21703.435477351082,0.43655641893272334,15.475175040821075,0
32.036761725990544,50785.869351012545,654.0363033840995,39997.5375360186,0.3748875059203352,9.787872805909645,0
47.43140158488981,77726.63751604038,677.9645565056969,15878.04583282401,0.3964998350721153,17.13357945505887,0
37.40957923585505,56161.819531780755,640.181319902691,16371.426122693672,0.4146647739639343,4.392050153972469,0
40.41788411293535,72632.17900434749,660.2502398601844,42714.302414588994,0.3451858970420847,6.404759994485388,0
50.99241631618777,59793.59688535377,638.6410002113989,30027.165391274437,0.5542170694776435,10.71726004233373,0
45.34623054873558,37953.84712531963,659.3538472892088,16294.177489473968,0.2622623888437732,15.924498037144225,0
29.89911442351788,50762.1398393384,710.05248775164,11353.262348144035,0.33494081039908064,11.710506629570078,0
40.67229881805065,77957.86354357135,637.7324053700299,14515.745561339267,0.3225232863399442,8.356404931950914,0
29.238231202199433,60477.028213847945,582.086359721404,6357.345638257275,0.3109978795028918,8.368200781987426,0
41.260544920022895,72249.14910344759,625.8665078666482,20515.505403207153,0.3164099769181084,12.331146255152861,0
51.75138892211603,73879.87783713001,705.6000667234294,19008.607277002895,0.27801687275812687,0.2830550756318413,0
48.67448889429538,76108.75586521583,615.1957345387079,14622.036682588016,0.38250945096529765,3.8597895031179172,0
46.99060490119763,65252.23207436881,681.6169439613741,23207.67741780488,0.33643143304002315,7.5580266146998385,0
44.74507419496685,78636.33811558898,698.6212645805593,33645.313286031,0.35662478434790784,3.254544331221097,0
49.59074974743325,60265.36653027276,755.2482198788482,15973.070073094848,0.31300634078139467,6.023469186697356,0
42.822337239094004,83175.12090693667,671.2383395927258,20287.86547776088,0.3427814498270098,7.196728333408636,0
47.59553930339196,62529.29318539684,699.5373211171134,18603.430468114377,0.2868106177918145,4.831639071164224,0
41.5472490361748,78044.22582731079,748.8507911708239,5181.925251889255,0.49421166690745066,1.723875940388699,0
45.320753156730504,60473.550131292825,621.8842037190335,35648.53843123377,0.409975087211195,14.012892005042863,0
42.549699516514174,48024.72731021783,704.9524401074761,23960.502506786874,0.2890552122787706,17.995144664787286,0
49.92710787998266,55195.81954275669,658.8488449532103,16635.610394797706,0.505478855203786,0.0,0
50.69916741763099,80847.38935693835,599.2326866354911,11965.582449756112,0.25671592851552405,10.283181333482064,0
34.687202097480494,60101.25416578295,650.6244535729115,34863.14548073091,0.3817554285857686,4.545344253015983,0
29.666903611192872,51188.68650696411,694.2749176123982,14866.663673505202,0.5706852387164888,11.346169547014304,0
38.129052787727936,76608.2024184207,674.1904855897099,29525.576268947894,0.37150845002506167,8.801193170124352,0
58.96015714379058,77942.71818727895,754.4322496545587,19068.923862247168,0.2114696138102782,7.802162442377657,0
46.807764237164434,85504.03223547616,762.2794572779023,7215.515627222932,0.4598228636859128,2.243945432700146,0
18.0,63077.196777966405,568.8949757649508,26643.48871860736,0.48431036096153424,7.989699033127237,0
47.33671536416118,53097.006290517355,682.3001881815817,13302.894670591684,0.43362090831070593,3.9121650868405835,0
30.537191712421063,51958.41008931137,748.8539898313751,30465.076229570186,0.20688625533898275,3.0918637693721633,0
40.98171917429919,62266.59275491895,666.8215058399811,14746.999097118463,0.27418667708171474,6.613990221646571,0
24.749393993381222,42675.83958578168,546.0439835935806,26175.49037382206,0.28374197921358135,7.844415697990325,0
18.0,30012.852487715565,653.8548250169018,30065.29349621684,0.30691734661301295,9.846260878201289,0
57.005498521236376,61720.35985700377,611.8176550626072,21741.745284860626,0.5270484940871742,6.087052565141014,0
50.042699891658216,83772.46564723316,648.2039552518285,4243.536574404334,0.5678539640936118,18.174897321881318,0
55.65576786371523,69468.16421469329,632.8769355581993,21103.057861743906,0.44546390799279145,2.652971250211566,0
46.15284978029398,67923.95104154617,565.3073370670229,13628.197109342862,0.24625854757452287,15.257978029997687,0
25.35432466059232,43858.989197672956,531.9621038217048,25490.964838633638,0.20358849664095655,4.26220674827726,0
60.82492618352596,84828.46051249764,712.0277215532107,33082.95974830123,0.19502043223968313,10.602841734853627,0
18.0,85345.39071404102,645.4710989526062,26310.92095433792,0.13964492851617805,8.863918387055485,0
38.71302815213884,37113.874776800774,752.1146018742693,16682.20238347561,0.3579656912819903,13.718156640113818,0
33.461637023184984,76756.13670834542,529.7240185487999,10899.756917516772,0.2585304894622568,11.980895672387009,0
33.06130992120598,60745.239783670295,732.6975603696318,19672.547911236947,0.3250645622522442,3.891935907738695,0
18.0,39436.33778514758,719.6448492613265,25173.045764289316,0.42044513065063305,24.4376228525489,0
25.33138885368371,62913.59471222804,673.3769223493085,23878.415022338348,0.3014332103448515,9.855713193038671,0
35.97912427215876,74045.1808222088,656.2668815255504,30699.087330126895,0.1482933491286772,8.847260139004653,0
54.189313225358546,32277.569180677456,603.5635877716097,9759.18467736206,0.42722934783812805,11.047352244440436,0
30.535806994973427,46878.70823549576,594.7858993564151,25321.03807614323,0.524256208401949,16.443994282488518,0
44.913118020263454,100227.5754069917,683.8549484074949,26512.39926366536,0.26703424356094946,10.579897212410135,0
45.36785136319591,71307.90700575989,850.0,17795.010000754457,0.4538242669785373,8.11417879606939,0
49.38207598094702,59616.28725209847,626.8425406788573,22029.14155150846,0.3768090742713474,5.510273311083251,0
34.187134573071006,53289.62895973909,792.6847873497994,29975.459886078002,0.3204938295506667,4.936104116665316,0
51.95756017216682,62251.16933462567,660.5069494952919,18521.469055999816,0.3605408918486007,6.839872035594778,0
28.670260364905133,42688.89963403297,578.373799768719,11165.507200429007,0.37089670641688444,11.6637091521433,0
46.509635122691485,74982.60543239956,616.9918810791697,15857.790390644599,0.18936095150532226,15.661152257098237,0
32.88279642401035,49250.895922989526,630.4676865936714,21283.7479419128,0.2677826270630408,8.651689461706596,0
32.28999875072614,48760.96309522167,624.3775617281867,24514.525278271023,0.43449528037338897,13.134093027195853,0
34.00787478028954,60199.953836493456,686.7751855852455,14349.895207268843,0.31429218618604404,4.142003154371382,0
24.598248692917196,62043.865819674,551.9535481864178,26896.208700357558,0.3537875912996575,0.0,0
30.55739359417483,39314.32216859683,701.0847990666346,23787.99514643775,0.25673281722078495,4.813684539781097,0
43.424261543919116,70259.35751359377,587.4786295606883,21467.520331834414,0.43595327475305234,0.0,0
46.81438920300714,70774.85933759666,592.2324972242991,28761.58076638636,0.4578721393795537,4.845191232279387,0
38.75008249687847,82457.2722208017,655.8126828535435,15837.046724509946,0.25303258060765116,2.9019119693341064,0
50.1572972135077,53594.20056373023,614.588090980279,16807.38323991166,0.3428107058380901,8.349283284408749,0
24.71856083227964,58856.920703730015,584.8815098325881,28822.030598129328,0.14820438313110285,6.030267686491131,0
39.33897494426541,86665.34689823078,658.2537338423745,20220.596569539925,0.17648052500150557,0.0,0
47.3156493676263,55727.20401557307,720.4409311540876,23075.266918332665,0.27335782941554077,9.523706032789493,0
48.425386243610504,62388.86199478644,742.1636856013344,26431.124673227187,0.38695316919248646,3.7362593385573195,0
40.00803017811874,70605.01817742221,686.2801447450546,14488.874142465907,0.20470388077442095,15.767733896846341,0
62.428746564006275,52264.00882028279,705.4600871082063,13847.485762256914,0.4196741600296154,12.726695907702915,0
42.18727342607022,84077.34776393523,713.4234179418531,36697.13600706724,0.4224225512753718,9.114356403522699,0
28.57676709609266,70877.5900292345,661.5128568847857,19196.529933267146,0.41779071002291285,0.0,0
42.97722651447739,46817.911586340495,720.2678997338514,18810.870840508076,0.524753010197132,0.3273679215927965,0
24.99011021103386,71698.83705865324,651.0586374432784,3650.4398414569587,0.5365564841785758,6.402942950587889,1
50.24549508100794,73805.44557016465,647.9481846258278,5782.212935545296,0.39932157278932706,18.33458030355262,0
36.77973470239314,85119.36848902561,663.1344265904105,20014.59690984466,0.25430783981404037,1.5683801901495986,0
35.82757126524309,57798.62496901682,766.4449327285294,24452.33515322557,0.25623768394413005,3.3228775340368824,0
42.832834859572415,55267.00878471669,606.79104820487,23144.41058183627,0.3254249077493968,7.510587313932984,0
38.8307287622831,60798.045504982234,666.8592970096147,14487.568327649442,0.28411904729356724,14.459091173015238,0
19.796933888888304,46091.99222240279,630.3572065538971,36259.748561783796,0.3211025980460253,8.55017006868572,0
18.0,32007.351832047672,649.1587499045468,30260.442859859595,0.2634710557569877,14.726974409821473,1
36.712973421408364,63788.296075948434,651.3193675071738,18598.18747402624,0.4651865485986209,6.53188804063182,0
42.166800647560635,79891.56171727805,626.1566994388224,29569.678049986825,0.3810305844594649,16.796659431105255,0
45.4838808080756,50534.71862151513,740.3103314253731,17102.315591336795,0.2843808007743288,7.44820405893267,0
37.3078189730862,70440.4326440385,592.8302738571053,16852.78301564653,0.2575328079588186,3.931650490989389,0
31.60975682320033,74572.71484328236,745.063553839861,27408.741819497347,0.1134046126712196,11.141622249296432,0
41.06349723081702,63332.847602094414,757.244990475071,17766.814562566688,0.39591716615584915,5.924991247037866,0
31.491982505483417,58859.047195691346,739.2619041281249,33376.27939682601,0.3091267640520279,10.857472743327605,0
40.20955832647595,55555.52629390143,679.3071857722866,16962.690169226684,0.31139314727429745,11.269192748301903,0
24.646764537716713,74233.42204394256,705.0332818302929,15055.17708846317,0.44464182595853596,9.445708153881455,0
36.689691306251575,41222.72293723347,737.1804640821673,15559.440711711108,0.4001701843150829,11.420407686944813,0
20.995983742274444,62063.12980323397,576.1532699473929,17769.07556247905,0.2690772589937451,0.0,0
58.59564212862789,43195.3426544771,650.0472199742261,10928.143030750847,0.36885772076328016,1.6763615606870825,0
35.32541248028516,59840.23036173151,720.8328976361045,27258.454613800677,0.14547625753115018,3.3237255819557276,0
49.653177113275625,55573.459249345695,682.4754293362558,27604.178475817236,0.3753052625369782,10.84789475262814,1
35.303250063305875,53616.29314072396,579.9793323178662,22659.432283300703,0.3346026829013707,7.32163380768805,0
39.6651819333897,61664.42243865183,595.694691393211,23892.40259373362,0.6062087469688893,7.8423693733078155,0
41.062157232193584,80767.0262295103,624.027210390645,20602.075293303995,0.4062397404944743,9.679652006177806,0
31.96166135991229,49008.15629161509,716.2384724254877,8138.086202787243,0.36653803162899384,5.760315181100242,0
35.27804469610587,63757.9424885346,618.9007963584409,4495.9233806717675,0.41020156799412244,7.250458045602461,0
36.11750202747315,55764.114499746036,714.476094032935,24282.144356601726,0.3003960172587357,9.19110997359908,0
46.22519514170232,48846.3547187719,687.6157554797016,12374.356564340305,0.34477218727312353,10.773368167026765,0
32.25585898317421,63981.84978931,662.888899656874,4174.882606083258,0.4634072644024402,5.595808571056244,0
43.63965544607893,97282.8055790981,724.3201725695261,15848.302665944715,0.23669848079299804,3.5331104307925525,0
46.5226047636889,82584.29870711536,575.2620123597262,26041.772814524964,0.33941652566046954,11.57635414779061,0
32.70409562508234,67599.37892061786,728.253263150568,12043.623363769912,0.4636899631563615,3.846064195834929,0
40.95783201224009,60683.47015129609,672.8240549597257,22818.558805925633,0.2657991595607011,8.547481658615876,0
45.94511991986198,66491.48902463198,650.9529136057963,23243.574126312647,0.4858826842598606,4.923350494437996,0
45.47795120061797,49882.94724338036,828.1920594498755,19946.490146195203,0.2930506584024371,7.262392067767882,0
43.15049177600534,56261.457717461046,713.1388266720112,20401.475526695747,0.38784302421127526,0.0,0
55.88562173246588,58823.63482269649,587.7795257305854,8153.146727873833,0.324622856432377,15.683192385844393,0
30.378473965758793,67079.0615212205,638.0927983965363,30490.511931468624,0.21821478001219033,5.944852214676038,0
59.992055620883434,48887.64165518886,704.5771834701139,28062.679254449395,0.37553477828274506,3.6034573516934074,0
30.01091476888822,60627.736524276064,638.5733862032184,12802.658468727881,0.4277673796194444,6.137462969105558,0
33.43309404857584,71999.52869240913,689.1292073703164,11962.839360940447,0.5438778274421064,7.534860673335447,0
46.36490718185275,84465.20349611163,706.1736189570307,21922.766206110402,0.28517769173352747,9.208332530433445,0
62.583775509779414,54078.02110375986,712.5204563103838,23714.263839882562,0.19704231968239388,12.512602037765532,0
30.97309314953397,44280.6569078103,729.0930899776097,16212.786912285024,0.25171585112123473,8.689940715629554,0
24.844326127894625,61062.16202635838,634.0192584914115,24355.37191346157,0.27806630076095595,0.0,0
40.21373781826902,52681.10455655584,718.5120155571093,39860.36750546044,0.3429282257375017,11.71188784820415,1
34.972056387826065,81444.96262152233,656.295878111441,9656.32878677838,0.33782834089364633,13.712767928699218,0
59.82763642566801,67389.64562647755,763.5677402111204,22828.208177454202,0.450443671633918,12.190803843511922,0
43.94150982966463,65772.57925109963,633.5328625123475,19782.19792392743,0.43469359078127984,8.358831289888037,0
33.018723439707344,60318.1963437907,573.0889766288566,18828.36314434666,0.33856918819195964,13.615254361765306,0
48.33506625895549,62584.02459897287,731.6237727568925,1000.0,0.5603220621563807,5.577154811132317,0
47.116116776231245,69986.51684035253,653.1662314936086,24277.56677205563,0.23331229114344193,3.060321836302119,0
24.82848736616822,56765.68665930254,652.8441166040179,23202.0326239955,0.10438025648534272,6.716240777407788,0
68.19087094555914,75935.9433095839,598.6781816262081,12574.466038512002,0.40776934573740015,7.745554209865746,0
45.600134281440944,51502.348559540114,725.2561288911714,11152.116069560596,0.5584518719559463,11.16543113033879,0
39.81541269897669,77541.7922073463,621.2503849001413,19292.728010895855,0.31262769153062164,5.6128413477934735,0
38.72147655091767,79868.89603618823,699.3726004980343,21186.72521229107,0.4361861378286566,5.624825350322345,0
59.1798558787937,52284.67187518277,696.6535381689433,18699.743129739876,0.2957692298769605,13.007618263669608,0
43.39359548749994,48003.72729651737,719.8032898766378,37809.58471999531,0.1567237784212107,9.738398318341172,0
42.32295390977983,47728.01818253986,618.8849295538616,21396.68132037939,0.2821480699848741,4.815718530892498,0
21.961691112734268,69008.12756932514,637.1183160009916,21130.38565302704,0.2888590472617813,12.687021915870258,0
33.6309726468956,76395.5468722159,688.288438638296,13071.327499277148,0.24990923393206854,1.5146540174434566,0
23.272558301737988,65358.02730343327,585.9140933496544,17537.259202540037,0.3713779986772371,6.797851719538793,0
42.088567884662076,45256.244055312796,735.5341729569903,12847.674622564537,0.2487289126954789,11.998369281102285,0
45.33291990197904,71664.14503214307,774.9596611480107,32451.472780010605,0.46454953709101277,7.218516327211295,0
18.0,69951.7656622432,661.5105919485939,27955.148454876507,0.20356482445589333,1.1726787265635235,0
38.6920253410915,52118.75094698241,754.3785352794199,15024.148897863402,0.4425410316261506,7.880727701044128,0
22.396840897085923,58519.638574505145,743.046698131198,30707.55188748987,0.38204153274541325,3.313059791178106,0
44.97777801537641,80431.9110051586,693.6754526551937,27759.31931882346,0.3931465592830934,0.0,0
44.10435318866057,89497.38886131058,697.5289203085279,16914.75436936036,0.2885302154498966,2.343969162286876,0
28.750297590784808,69786.093281212,580.8372862287124,28631.86892462767,0.3945078940464022,11.454055928883855,0
40.10014745186443,60477.0436011477,662.9732401313747,12552.596079689694,0.3041119363910221,5.402750139225931,0
43.015891019370336,57117.68828711206,648.431616841369,28666.647054856112,0.35793047548953927,7.994500193363351,0
42.34380099159972,48345.03746871566,695.2289794262738,13066.413907943464,0.3290107099381406,10.21629514389135,0
60.52005147275989,53691.54329205571,672.0469862304902,22278.52905694003,0.2834036011314124,13.223766220113946,0
43.50756701426649,79222.34516560889,675.8370573287289,34337.982328102575,0.26558606016435593,6.8964739042532575,0
26.630024032046613,56498.89319980115,661.5570755325214,26670.91385108275,0.4226465940853048,2.628263028921385,0
40.63344182912348,56996.313396969126,655.826858675872,15713.639460685805,0.2740973018708711,8.175297571394728,0
41.5072955244331,65764.96589937262,721.9463603958958,16671.535330505492,0.48677649207735796,9.670233995004335,0
39.2972061282086,59307.87810946492,736.9525159896555,28910.115806749483,0.2495032344317452,17.37498316789251,0
37.5731895948741,52109.22820525246,635.2779223204668,23796.669013107443,0.38960942967595813,10.800819912055445,0
49.83634843523076,62489.96537427325,720.4727735193817,47575.64812631748,0.41440250919175436,1.192140107901725,0
59.634440975955,79971.349031837,724.0142328623377,18239.091997828968,0.32138911988073415,12.705174457468797,0
54.994471165291515,67381.56234393947,690.2575173325713,12507.75848727365,0.27959731634759466,7.562816022833279,0
33.05676020289981,53024.2831696452,680.2959124833174,30844.868113531105,0.2894873924269559,7.520642913809593,0
33.49156800293776,53082.08755489289,607.243787674395,15464.501206376242,0.377103328274645,6.910271113144682,0
46.47849798823388,60693.7174687204,605.1427790715005,20697.05169784142,0.30203709872463314,0.9206554700471612,0
43.00088221941687,74690.56110594248,562.6722537673409,21524.64791213039,0.31673450383374796,2.418014154162881,0
60.88476984063449,64884.53162953291,703.0216405428894,13756.481911704344,0.30074017173541645,5.286224392055902,0
45.63321655106564,61465.217125728006,710.5186509867558,16524.4431405209,0.3099600095991975,8.04709787697535,0
31.703835158698592,60683.159910894516,747.4067209390512,20577.332922599584,0.32677189410439156,9.386160196161986,0
25.32847276094145,61527.64633867726,744.1530384731691,18747.407136822887,0.2698913508060345,9.54837438994692,0
42.08221912482358,65104.40825274495,716.1812458690176,12325.451354498362,0.3610442078376643,11.194523659816952,0
57.509950701583605,41908.34475333367,656.5126380695924,20338.104194846997,0.22173781780065463,7.851085148262512,0
32.062836981758664,71436.07721668044,602.7986868907798,20929.75627992058,0.29123465742718596,14.446304076632094,0
40.17208197125228,65799.95021137924,658.4285718779932,21679.538179241357,0.44828166313489765,13.332398501151967,0
41.75415485933561,50705.85366421836,737.3726029950121,33289.1748974975,0.2302578515287963,8.401842140193619,0
33.77966716207709,48947.76449544003,636.2914780437534,16822.32038242426,0.24559275977035,13.870419715452918,0
50.79129226226203,58999.33704608983,671.2328587677073,21209.23214116089,0.42613296100897013,6.6424682359694245,0
52.6385500677729,74441.37094152736,636.4692380519222,17807.683453226746,0.27219121084550535,6.4194122525560635,0
40.43613093545942,64382.105778087156,663.2447756644302,17481.4380156121,0.2586494677729426,10.09681151891767,0
21.377404581191676,70197.6620176502,695.7089425105856,16389.87481609921,0.4258134937250162,14.7480289130445,0
35.19617513630965,65434.21541008171,653.8352343522586,25811.905327453336,0.3284981536792211,5.725964746731414,0
39.40516882797366,60416.31702029342,696.9650493490075,28518.14724943176,0.1744601990599717,18.725876321034043,0
40.87578141028232,84509.40450996408,651.2112997734641,21208.45049062414,0.2266725450748861,10.426158494675352,0
39.755539776236326,68180.68618904121,756.1412559483946,25864.862758443713,0.3016803493977729,4.100498461634456,0
41.21229948612772,67570.24207647706,614.3764653317032,29341.218624558664,0.3566189015270507,3.1385080831442407,0
32.83680915499498,31606.25254243769,745.869199187003,28895.23306026665,0.32034027670327997,0.0,0
39.625932222277264,59449.869391345586,637.5372407324967,17711.877124514795,0.394635670305606,12.672250416758846,0
47.806782102111164,50783.545419347596,716.7050550015126,19866.005643318327,0.251036005628939,11.118118568035852,0
33.43402878457566,33789.04304421645,644.3920923161206,6759.564780602606,0.4406557006929185,8.247241557968835,0
46.07064760845626,89275.712669248,604.6690341262835,5308.721790606714,0.28582809991434815,6.004028352953048,1
45.57284119451852,57714.35018597222,636.2605540744289,9935.41277429768,0.32334189884600656,13.844238853711357,0
49.976115078010906,78045.03618248008,744.0746599525093,19292.98898428,0.4848182727783914,14.384657539203362,0
37.03448296830062,43201.20963927235,719.7200231519432,9338.143506813432,0.25951108584144716,11.263454122356912,0
21.200837585036126,61420.23442903499,688.8026191611423,30699.65689147706,0.31986405970100756,8.058757577771347,0
44.64719972462756,51927.56326218855,646.9178644657488,27533.06295610481,0.354230970322448,6.953541152117403,0
56.946183361186414,54165.205323505805,728.0256487631295,23588.275123558848,0.42322418104956216,9.328144440457685,0
55.75886345870378,50873.79589917035,802.0347391769658,15959.61433530291,0.41707359663678617,13.63861357965095,0
49.55906845908997,54065.17163567162,647.729842782916,11156.504187345136,0.16882120734989237,6.947579589099941,0
57.32050856586902,62940.718570305464,658.4123212605433,22130.672351917918,0.29895338539177746,3.370247574263967,0
36.75451188413509,44273.232041357594,655.3437977887036,17709.88978378551,0.30709130964881703,1.9214291978594398,0
49.47864655711203,52880.853513087015,747.271590703548,22403.927201769282,0.5220289582704519,9.104576738645923,0
33.963539766052875,48312.18064137472,842.3812322376857,7977.758866779119,0.2562981347270934,6.582671916970042,0
35.23161216159407,72452.22896955465,643.4929359965932,20404.288016252438,0.2968683782069166,15.533613878680598,0
44.61682436122919,33398.20183536004,744.4319783273603,27099.909181542826,0.26499987288035837,6.549580148205734,0
36.82681275025184,81461.11653791872,702.595455713178,19162.479951308003,0.37220334234954194,7.805381347007689,0
30.979501481487556,46210.58517138438,656.1566647588619,14819.33398534978,0.2192049987057554,10.100205498004932,0
48.14128389041588,70902.29815800763,668.952512353053,23632.591360399503,0.38020379594830195,0.0,0
42.15341433532398,52804.16128151346,698.7866738698754,41189.45609072073,0.2845546066539415,3.5741067738068732,0
54.30315202037742,81134.88854022304,708.1472440279352,25580.267357599252,0.48687523181109077,3.431876863424325,0
26.76399885499045,56614.58109524626,654.3544887974059,19373.950288264332,0.40652005785560386,1.0212370688574808,0
35.79280184970874,59563.753744838636,635.5524541942597,16233.517436363793,0.3909588508841937,7.921770532769458,0
34.82745549568612,57220.14975441588,624.7523737989605,32906.570637690136,0.40125602150725637,9.021935163489111,0
37.673227163952326,66707.54012524705,712.0167711098496,41888.245283436,0.27573106143555476,10.64297918654924,0
47.213456998222746,68441.01651888769,640.6334091228256,14861.659541323254,0.39742341655573904,10.483478995244374,0
28.407365463630686,43933.722024008726,672.9113119252131,7939.0584122995115,0.23662513838962473,12.113756407761638,0
50.708331746652945,51786.76819248209,762.0833441931711,34844.89943295421,0.42597130945077033,10.341489319213094,0
35.010244466349874,54526.52007194307,694.934242085815,15066.664807221878,0.13837327177277167,11.325051097899632,0
51.58251394022803,52685.70348755984,565.6460419342217,15551.05003831448,0.31837346709068265,1.8658307398483158,1
55.010553537124395,66150.28815390717,668.4473186383254,22258.05286593551,0.3227019889661735,3.612307080511493,0
58.42961791397649,82369.9075720382,711.9075054328346,18883.20596438518,0.49511830130132284,4.594337263544233,0
29.86740813326111,60507.39145021122,754.4632502987637,19685.542720918056,0.4715256317353069,10.493776775558949,1
36.235723345713836,71354.74119132115,744.3574930507607,13198.66448993086,0.28771167083600374,4.5664564810562025,0
47.47621534134221,48153.396380932136,591.1801875747918,3344.6591298228377,0.40764523381742995,15.062584646852557,0
49.436337688517476,57788.91693734315,564.9622181273401,29716.90678683902,0.23254862046077296,0.8144110385920467,0
35.74438292584121,76764.65406206001,685.2606898757607,25867.266966698317,0.460449217633655,6.390954137267337,0
48.05777945241177,80965.92807220231,693.1101479181267,28990.363237490645,0.15771993948712446,9.024097773830917,0
40.56853184101133,69378.21060750778,763.7066719488937,23696.371775322546,0.23978928930594445,0.7791305598783271,0
34.486417077390584,80523.43023558015,614.9140873312377,21077.17052391067,0.3442426928882146,6.268119471295465,0
33.95811582039082,51002.94529793788,609.4982935120761,24861.922435615772,0.3070635705471083,7.6077002037448995,0
52.34968686197439,34657.98266761483,758.8623310425451,10006.583095877648,0.22447648669373313,7.655548363097008,0
38.96889475077497,72115.02650246119,713.7626582041598,28126.94859743781,0.4014705275107576,10.862867443832247,0
36.31145534235046,43264.62259885302,701.1859223674446,3866.4631715740834,0.3784964030343303,4.481033126394502,0
58.92569410343178,74793.36993763447,706.2510415635489,5898.2066047119315,0.28966057624888913,9.573804293317078,0
41.87349238108185,79279.57074404074,682.6793908757927,20558.890354991752,0.3661002217042313,8.558045574486387,0
27.65645848758686,56162.14332187728,651.5252579227765,7020.139353511553,0.4491189491306641,2.878534684511293,0
41.05134281536021,58879.96838155467,700.471123418927,22278.25037133941,0.4760953232926285,7.346491276324687,0
37.78160539098825,56789.52315841594,763.3734251514785,31126.518129945787,0.4949573472833566,3.747325498851305,0
36.60110408193432,34504.976594548774,750.9017143073868,20701.44199741939,0.16427935174202846,7.938020737152147,0
43.09657105511083,52555.59033051015,609.4533642703033,21251.92321733835,0.3326501421928654,6.673793960302838,0
18.0,57903.49789321024,677.441509763625,27553.857167838883,0.4065258714705641,9.334630559841584,0
42.349637623820406,68196.50619786503,756.3527203013324,12775.031242580528,0.16931471700356251,6.802263328975766,0
30.027897187865943,33133.48476305478,641.8193458317185,9820.736686394703,0.25383582993402537,3.2846083763243747,0
45.30446937510997,48687.427648619174,637.3695852275678,13609.154307313649,0.41728530793903207,15.984781480178768,0
45.70398842274914,61168.581146414996,673.6713711469152,23771.21937303511,0.26656178487623267,4.7134773950987,0
18.0,61606.54720959121,589.8429223992212,24378.50629510719,0.15067772430866702,9.436233347034529,0
44.895471018969474,83426.88403773957,684.5228211597599,24888.25150987254,0.39656226301298647,10.484200431342451,0
46.418601381709315,49336.82766652704,530.995615966223,15633.363644137331,0.22359771782276314,18.11992491850428,0
42.33037562820039,69543.96649008486,747.1387499055129,22500.621617101417,0.3268475344656455,13.147799428125726,0
32.393682454776915,73611.90180272321,625.1771121722317,10365.3021649002,0.33073902643359165,7.800763420291967,0
52.436517509506956,51192.26726996332,681.8939780775545,7498.610965270995,0.2988341215353196,4.147423523889964,0
48.50271094718792,90047.31674085328,720.9272854826644,25440.518638912235,0.3493456063801647,8.97156348845348,0
30.45864097764041,86901.21904603315,689.5350027474884,23127.715913702672,0.38353805778605427,10.425666462014336,0
41.33311252343038,76720.89639753246,605.4077338121928,17405.962768948,0.26255747700018406,9.944593428658079,0
53.95899554616589,75836.16622235128,740.9708999684199,28534.930442780205,0.3102902759619388,4.432573879391171,0
51.4883260748292,52106.64511251893,655.3842213526053,16974.82739925439,0.23039362823210396,7.6435235328809075,0
50.89597118579833,66411.69660492138,733.5815155879657,16120.438870122718,0.44368890205902084,8.104614480123535,0
38.59309551296771,83183.00093251292,823.8423994563987,15754.944581751875,0.32622108737128847,14.677256322926485,0
51.839188214837115,84089.29263035693,734.4422016583076,31734.432888546216,0.35151653628829344,3.726862311058335,0
55.55201585259092,50369.34058029951,623.898545774162,11679.355854551288,0.38053615901804766,3.867605065092955,0
60.48984741908683,54487.97905657741,743.1338967408186,18672.179372088867,0.4144102768018089,12.020202162742173,0
46.859347500610895,54103.779472976326,611.333379660412,19638.600027703756,0.4020042945558667,13.384264485967737,0
44.4069264325082,63062.39700373227,643.1260160775373,17813.03222205825,0.32801487707957366,9.460774494058874,0
45.48059290486372,68022.07055336024,663.8443037029352,25554.788104036525,0.3942795233900793,11.18882158848896,0
39.14703263313811,56121.16651895695,678.308881605395,12104.97325067583,0.21451822712711258,10.053170562197797,0
40.314523395987926,49579.017181925316,669.3937914676548,20147.8381660113,0.37161529527764264,1.5788441062218599,0
40.189989352329604,60603.528511515266,715.859739347849,23898.00071490344,0.34192466749409944,0.0,0
35.003512539141184,80647.55191112385,776.3194178764435,22388.712329157715,0.3916983357031587,1.0461430482779939,0
39.93803747135306,61018.68200676418,734.0108722071313,20719.695236602878,0.2677106289624458,15.61377597719424,0
38.403648505767826,45791.938532765496,736.3927663395037,24222.25219010041,0.33112970321087165,17.802833386390123,0
44.503910264097776,71284.60480519009,706.3192811256203,20583.171617125092,0.32916563322427517,1.7578272908259045,0
38.79500948506411,48970.28843227354,729.1319189332798,13288.117805349151,0.23116937547186484,5.441525689000512,0
43.85565248413117,22313.194430114054,681.4149345293744,25409.767275048085,0.40347779458919075,0.44245830974876554,0
44.56092971527771,48172.94452050797,578.2346368344927,27411.975641250843,0.25645532088504097,9.154925487878755,0
42.83732344093423,70027.8423868688,667.1029224267513,18469.381219014173,0.48969617421525513,4.083142656719924,0
63.65601466747711,52629.362962943094,781.0297950719827,23150.65758679403,0.328606382628093,7.859633995431072,0
49.82683848337411,44799.22635515929,534.58560761009,18788.967590329346,0.5028575329999749,8.411236870620224,0
24.17705902263235,60757.332792252964,674.2623540225103,16679.566888766956,0.36912394552307554,22.499533041911636,0
27.314102173829504,15000.0,772.5864581666281,13137.420413292895,0.5212316451514969,8.425939681788597,0
49.43203325059616,41354.865965792495,790.960352897886,23762.088267428848,0.11428682390242209,14.381394966233703,0
50.96016471807094,74824.11565008454,723.8774442323738,14311.660232867544,0.3539692563687157,0.6538450410085224,0
37.036531104268626,61251.41054974356,690.2083831064771,28893.38470664325,0.6051544006420656,3.660533642988245,0
42.28370262341161,44691.625810122016,655.5982875529032,29627.63298283906,0.45286239073052814,25.658384316959268,0
39.54807448938091,61051.4834947675,644.5381827254129,15552.001255132524,0.4784976165014997,12.103913957925846,0
38.30032032697889,38842.03610326118,589.2757850304586,10389.322213846648,0.49573275312550413,0.0,0
47.695510129674254,43746.36059810514,613.7142653164768,21572.823777670215,0.43994629113522904,11.97376011691519,0
30.11482032876176,49586.252281473666,667.8877972398624,32635.225425307217,0.25899720040161306,15.753478475768393,0
32.8415403280736,57442.55931792524,563.312801281505,26082.698602456407,0.2413017727885623,14.466173639129522,0
46.88356471791078,52280.75586026644,703.4182418492435,13196.898179679243,0.34997484182738775,8.983656854673052,0
32.76997498431586,64695.91870948462,575.5343741665299,8880.886920591485,0.31326664092134376,10.073691564650716,0
40.322483187930224,56185.342284283586,610.287944878533,8781.235596980996,0.4597087770766163,4.1083527340880455,0
43.36368159575203,74848.10997760741,712.0686483899512,18612.60311333412,0.47105222422363446,8.675635981008723,0
19.906532140058122,59625.48826745387,686.0604709135788,30697.398567732722,0.45548824323754333,11.00792419466325,0
47.1310710028136,72279.32341799534,774.271525726693,24850.057546956006,0.421939782740965,3.834045783107592,0
39.9780368666532,54310.64948894987,748.9266374786033,26991.82494827602,0.3256695161041981,11.695830556705406,0
58.94765059634834,36208.07209131966,633.3945755562762,17426.01245617295,0.3467825704883727,11.110529269704283,0
64.9894342906182,67344.32184376284,660.307594490393,37757.45161461046,0.46178210711320533,5.277003171190169,0
24.683492517816823,57334.9548013717,652.7525190585907,21100.628065593868,0.25652251038465246,5.821885100209228,0
40.292352679664326,57540.027705580076,750.3919089201056,3527.4237153749928,0.4571726927504731,0.0,0
35.559436939009395,58925.689598474055,650.5242430372351,11679.014951238833,0.4237795832607961,10.96722284359935,0
38.77588058184661,63950.84681507616,725.7628982564694,12685.74366060405,0.4623830923116923,9.332522777961703,0
29.060499160650284,59932.6336773169,673.0567974591186,26409.253543592167,0.4189858853630359,11.231929291517117,0
28.786863049429762,93317.77415519713,634.4009536598799,20917.21729861833,0.3011677957107842,9.244291161947887,1
20.426094114170578,54015.44839685043,669.5491979668755,1564.3822191930667,0.37076097239799943,14.454853846654956,0
33.206848618158816,76500.24326785593,760.2212487516902,33595.980525605475,0.3143660201140706,7.514899419931363,0
44.776980040825414,70364.01534600073,715.7773751789872,13840.578992808201,0.33045191660898027,11.92000539501183,0
44.00153672651408,70797.25592977543,689.2442414065789,20914.89693904707,0.41368027283095843,11.062983401970914,0
67.17386243135275,55238.13002048528,742.2183839746857,21037.5896113898,0.4626794944457109,7.095560629092276,0
54.48543478542967,54468.09916291917,616.5855966893173,13472.564868522975,0.5741999546166784,9.082695601033805,0
29.594596974642723,61146.767652659975,735.2921051621427,14289.40217582255,0.38550116599879924,18.29033254240398,0
38.421698710635106,83591.84269307974,701.2934612047953,15729.775514887313,0.2952823920616112,0.0,0
54.38281492394165,69199.60717237253,689.8182141641182,15547.881064470072,0.37890181213767077,12.668711056349922,0
47.321077792668454,62066.378983884235,722.5651727922956,27533.711896696106,0.39394546084287574,7.19865595691415,0
42.26002169130888,61693.37548749712,820.1432201072503,20507.399583596416,0.46681850338262654,0.1873031409175825,0
28.97922272458402,65697.73627113091,715.2952330546066,22928.375313709206,0.3325506091042275,5.046103304760283,0
38.700741265073525,50184.97195475981,647.2173825806609,24594.34204203278,0.553877257025518,10.77166227337121,0
18.0,59134.93908742519,662.3030740477361,9452.02935980116,0.41034417440186943,4.625195253500042,0
54.12296172820491,81012.92651384111,623.4855093846539,26206.230900123308,0.5005749636579712,1.3100426576314748,0
46.98800372122878,48426.84533909877,607.2052246374817,24916.38178037657,0.27510316612011554,6.588357386533166,0
46.298732687338905,40797.556647862715,566.6600566466655,39141.84655758025,0.3204626095332705,6.287067597957452,0
37.63902607602742,49293.483048309026,789.7759692497604,41248.36864939083,0.24338093583257003,6.6855198853962,0
27.51611626477688,56947.26613206598,589.7161880763289,32084.35765582134,0.3792387132424743,5.19621776347722,1
38.95423808009532,76206.33088360808,696.351844216003,18253.369565837653,0.31895295121755884,0.0,0
46.95895744958072,62227.897192039934,699.4719944348948,7899.578034374452,0.36678502903055515,6.880932596834858,1
55.76039318301551,40465.34145880146,689.6688979782367,19402.053327301415,0.4879628891960322,4.77315649616288,0
35.58864307197902,66563.94789711398,730.9623343492403,15912.704534261644,0.3489062623699955,10.479561058268995,0
24.946028296785272,62529.56380935478,755.4408500962247,15687.974649712041,0.5728638975787129,6.486997333172082,0
45.99686691393557,52446.49784991776,602.1855669663795,26889.29532029111,0.26022534862887814,10.459992379897392,0
49.93568188016074,47806.64035626,712.4567344195297,21535.72066754921,0.06795353631584095,12.581409578946955,0
39.571357889449345,62976.59222860924,710.3894343904745,19101.082602280534,0.41580733747542936,15.169899257101315,0
46.42214275534974,61639.97515357848,729.1373364366862,12425.10609039123,0.4145094311659051,4.465298730227097,0
58.47030602011141,74900.43860643821,634.1261964166486,17496.75589154226,0.24994933808336262,6.73556433314949,0
36.29001024649118,51129.60394464193,665.3616569539787,28422.68489431928,0.28274989829560654,22.568007374153034,0
46.24767834465434,41824.216600928645,567.1504673672455,20250.126084808962,0.30121580677410853,5.31535893335638,0
44.93603234736083,44480.944116093444,676.885428508826,26650.770963628314,0.3703021091497303,4.978714524832796,0
46.920930406534595,65235.05934665738,627.9460990381626,21549.731813142127,0.6061216585380562,5.726604726176209,0
42.45000451998798,53054.34339873817,704.3570088973103,9599.860396790127,0.39584494915508633,10.063284281164474,0
50.50352354746648,51149.33817358099,701.3117406484703,16483.221807711765,0.2321805084606584,13.196852823398963,0
39.02960691739617,66314.75513573775,635.166461208013,27413.090433646874,0.3137959084998064,5.985498269730262,0
24.24185145897944,51489.48512501267,640.5246280837753,10097.452070223277,0.37106195805709574,8.293264506172575,0
43.210170819735374,63244.231168426784,706.7856018042648,36634.52803306063,0.4159873763957799,4.353441965824818,0
43.9062079927073,81728.89275041597,637.0868947343172,2737.0259560195227,0.33480611227908147,4.04797371520864,0
39.13938432484377,52029.44723781012,680.6880126719449,26291.994991164982,0.3228301222658341,12.34898961565622,0
36.235409399416106,49852.20794151488,555.3291359106274,11675.148905676426,0.3644499393708329,14.067098573244284,0
42.753692140618305,78256.00515908272,603.8191596315676,25242.94757057546,0.29233176001268407,3.2424741649236557,0
25.301236928524393,49079.39134119019,703.9736498638202,14346.285757975485,0.3835695790420117,8.102703284854911,0
53.26875539879139,64520.46070061312,601.7225825474569,11554.232486361456,0.41443648063440147,14.055697803945698,0
37.1058384185217,55226.057937734135,631.3583466439923,16291.119849869847,0.06298033749452453,18.26403312853209,0
37.092164099760126,81166.66225872573,643.2568723779426,16272.44908428788,0.3125734915066003,6.759236260239754,0
36.6002003039424,50278.35178448782,725.4679937837086,25794.558453323334,0.34076648035274165,7.31864371196997,0
25.977899639791026,41227.10618037366,676.9018540291306,27032.74699352349,0.21015538221546884,15.76937386519199,0
43.263825577689076,68553.15639441765,626.247080679955,12845.21444320273,0.3178504123628665,9.519113860918667,0
42.03411480736195,63687.40447974862,627.2038870556783,17731.701403759045,0.3788893963955897,5.27620476008605,0
49.864952568209134,71502.11090564607,699.3764969371733,3284.677464850025,0.40175521913909007,10.440087820937046,0
41.588834554275515,66094.9108488273,746.8863440773957,29716.67605471301,0.31485612513509786,16.35400085859792,0
42.47486881496698,83498.57401173089,672.4527517970988,13943.849543569995,0.3532836488909798,17.8782497244789,1
59.29553712669484,49937.132594450544,748.3747514387533,5782.4472955556175,0.5039935150639312,4.093429120041435,0
37.48718951602019,62982.246249204814,760.2863098853362,16522.25805083394,0.23842908425106055,8.003812412523306,0
41.664168084096744,41219.90214677054,569.7045715053755,29349.537007042778,0.2462961200489675,7.3709880833011505,0
34.41892941857342,64907.13310025757,816.278603548466,25418.991912492358,0.4118362679623768,3.5416529045146694,0
36.399439184265496,67839.13924584808,529.7713496461936,14648.957497863285,0.2841324174843239,6.18972391722001,0
39.637799728507694,62386.26036063288,836.7744304338146,40018.15950004554,0.2924888048060973,1.9630412877114871,0
25.16345529974187,41527.51975320779,744.3782984659247,1000.0,0.2372486785527433,1.777469313302336,0
37.63714910776911,53889.554761004096,673.4148339704318,13652.810546547651,0.3514266956581982,7.464803955030268,0
45.32064007487898,91557.08892151939,651.7680656846793,14673.846102805852,0.15829117377389096,11.271116331005421,0
51.2236486252988,56509.93270638321,733.7256262379757,15891.093415041247,0.3195168843156628,4.410744134973712,0
45.912116907550384,40380.36634043636,710.6107875339402,27616.687560924907,0.25033595438079614,0.0,0
59.70292559597439,75256.57332515123,682.8154233717404,27529.0813568244,0.2871527139410548,10.783510283619407,0
47.31092351770252,69919.20645348032,640.4837127865932,28858.649769365955,0.34560023844529725,3.1736324202128676,0
34.22071861237788,60384.214640402184,661.5809750717442,32466.32977206252,0.33442079153418486,3.0546665086200404,0
38.362977198934836,35520.455432308205,731.0172183912616,15917.162001621526,0.22567511356266878,9.153632831170833,0
50.08812854269192,84833.61760154038,725.4370815156435,18298.702113921292,0.24325904870691428,12.230379441692424,0
57.9577571063545,49790.46402211984,598.3479345699831,24226.421325103398,0.4503955424584051,10.880020770014575,0
52.47212033643151,49984.35671483363,694.5223491705152,9672.743219914151,0.3066180869627091,17.495458103073346,0
46.26374141301259,65782.73712522544,718.2835066057502,13374.254084436867,0.2974239101105675,2.4800522792983077,0
55.68320760239777,45571.35212573685,699.8651451299133,12569.781747156212,0.34679999721270266,6.579090934863774,0
44.90524833254925,79874.39300250461,664.82536040481,23674.625470816332,0.3972656299787407,14.258198519047259,0
44.64052012055115,29439.05569739046,645.6373704266737,13876.244135072262,0.49347749336614277,5.4630582048889496,0
50.00892787058921,49372.42701935805,677.1767339488938,19487.852454707805,0.47375355269535196,7.318840615167687,0
41.47800732796739,99113.38369643697,792.5193045327061,15934.129018717384,0.4330121456236882,1.2584095684586023,0
36.13054494360905,34317.59304970442,617.3570982161267,18603.47302655367,0.38602687098789384,2.7985903980028795,0
26.69362337606318,71331.79493465662,655.1487383999071,13589.214614708537,0.5394202414875908,5.6615003448842955,0
31.965291478655097,61688.13192222658,676.5744234863951,14480.545615274377,0.39523655388641643,3.8837664973521004,0
42.63040487613699,54970.770779142265,665.1883155996553,15834.288780408073,0.2401138004211812,10.401911576232568,0
38.32141510702917,59194.197431904526,737.6853249839041,24866.60406750196,0.28612518735933956,15.73497297534051,0
58.06457550521277,61518.998358528515,686.9138580694538,14014.524519795199,0.2610928705104239,16.131876169668576,0
31.423081605115048,80633.12422623861,740.2559211033973,16841.958995277448,0.399570599194906,0.0,0
18.446749392586618,65746.29957673512,622.8849817993803,28408.640054079136,0.23131514311099008,3.0359468051639293,0
26.932753401278013,50319.34996836069,732.7203787582154,21415.56514357207,0.47255478962992964,5.947097951197917,0
33.35686336882225,57869.81487599986,716.5640842879034,10425.216211675153,0.41893161080659724,6.24476189129879,0
30.2030244587342,78695.95312765177,701.821562038177,21505.898345668855,0.3107175125454752,8.241853642207484,0
35.08417052092839,45684.52695705602,726.9736501349716,22154.60395682431,0.3921684989044115,4.5588776298799285,0
42.20540233079308,80157.9328507722,682.1250978154956,6501.878094172505,0.3765761937773785,10.388112511868776,0
37.13715077770359,71540.24687802965,701.9479029089063,28400.035788793168,0.535248717246177,10.450870781729398,0
35.53554608932292,70480.81625517507,713.105162231015,27205.045075950493,0.29759943828084096,8.990736212533436,0
42.12338760414889,54242.506922425004,683.9405292586906,25839.403193070575,0.4104384681363422,2.908609058794557,0
36.025887399723935,85078.64823339187,701.517525341379,17711.46410846243,0.2835405237776068,12.082016336844411,0
47.063352183116976,51467.74493280601,695.3161749344758,17277.885146884553,0.38801871090320295,8.1918667742029,0
40.65416595177363,65102.4347411178,692.6972239040495,8724.327382624497,0.23394538131090348,12.132186923325925,0
37.726686513933466,48848.87646955962,739.6345628540248,22024.662281577777,0.3751093312124453,11.75947017411368,0
44.89051046376596,40456.13963979621,724.3329007877884,12700.074307350123,0.2764895730097503,10.701064851379744,0
31.324968208877394,21117.63237757644,703.2610933470314,20914.599497881125,0.3962974552341455,9.467673533395686,0
35.34959388903836,68440.21390640139,712.7155331818665,29943.713743061347,0.5148758387079728,9.027286352125193,0
29.772572260738627,44333.508457370976,656.3611185074637,7587.183556133359,0.4405659492392519,1.2614398450473994,0
36.29922923357756,57245.83574144929,725.2328723547023,36392.90309768978,0.4123906718310878,11.067997268406424,0
33.43126114390034,63589.85079914032,660.924770331735,32599.939586116066,0.31518361282857066,9.549106427024832,0
38.93499931052304,57059.03872253466,747.672084934352,27979.118951664706,0.21591986137551586,9.518512340786625,0
29.21141062379565,77214.62424502755,607.8777528829496,20058.686537063753,0.23140488355960773,0.0,0
28.431704053811707,43017.43909304334,631.8353057784014,21423.056175457434,0.2621556680049027,16.004572453081472,0
56.38451188161321,56599.460645684405,684.7743630355332,15067.544127588928,0.468444131677983,10.391423692405557,0
62.3876296613863,65625.05853801097,661.0950965275745,13950.309942932448,0.34676849517801805,10.608017320393818,0
55.63937724439228,63849.882978941234,638.2951093814237,17657.740645544818,0.34913677576146007,8.053942116599188,0
41.408016031987714,56811.33632229682,706.316482541847,15229.738443895929,0.22843822189152396,10.12323183541896,0
19.824503856162636,33714.03827934156,634.7205445523746,23678.532102429097,0.3362574852735131,15.709026969708473,0
49.19058572264923,46841.48409461426,597.0844559034591,16675.644693709582,0.37361267362821377,0.40317712238035774,0
39.558656577902084,78581.16501512204,646.345046940802,20172.09682273178,0.5401258793450938,15.314985485955626,0
35.83188683554065,61426.27977759475,662.0149663473619,31031.249555379276,0.3456495538726824,4.871824061654586,0
45.22126381926748,45073.64787473455,711.7834093000405,6435.2934759820055,0.3472244659827385,10.724917575749839,0
45.61341286880272,45239.40778794445,649.7564141391385,23856.004282138056,0.28345690494233833,7.9723131813069275,0
55.62431794279141,78913.89468976136,660.982073901319,23318.42052971659,0.5489527868563961,0.0,0
60.88828277881524,46600.696200354956,749.9035001697376,31690.4951093233,0.3712849475151064,0.0,0
43.30395606294738,68936.16388923544,755.7953792727228,15774.889340702226,0.3873464554404005,11.311622729087738,0
33.696511153909256,61878.61864550449,674.5170280910264,11906.851589941027,0.3209009964011391,5.98609890946663,0
41.942418376732746,54134.91396220042,683.2750311922897,8126.695597745409,0.3488834589104949,5.733465321646098,0
26.761692964199945,69318.71544701693,733.4597591346437,23532.198874998307,0.16491838330464487,18.464796343495966,0
36.339016156750134,80970.36182665837,628.3691716803671,21222.40260544268,0.35363701980746814,3.9478528773440535,0
29.388701480379464,62913.743019308415,649.8552720395154,27624.825478783452,0.5790679988148705,7.11366557641421,0
49.389271195094814,63805.99119029813,664.9674836397635,15001.444796306161,0.48740542975215806,2.505009602835247,0
52.74643564400736,80695.5649977513,646.8879353832456,29688.115685130077,0.41809965096745877,6.915426803277256,0
37.480220888598254,62079.8291175409,738.8515605345478,28669.656501833277,0.3642573037767976,12.06183645576492,0
44.887700198416645,78382.88277365448,668.5149218635785,3927.7661133740876,0.4327650824370653,9.149383993284612,0
43.90650111357171,73519.06751735382,550.8438106566108,24687.25878874743,0.31443512693437,11.804079711606574,0
47.935333540463354,61303.02311331359,672.7830074469719,20959.65314310704,0.26334188118272284,4.701980960197382,0
39.61027719849112,62969.93888935676,681.679545122223,19226.942057673838,0.3656644414274377,13.315566638613415,0
50.85840532103436,70362.80591862733,586.6426739918649,19249.311855779255,0.34598202199397415,10.558879322214867,0
34.745752322818625,87361.22267765892,679.5632465746256,13310.72031442788,0.5061330290875787,5.757133914256872,0
50.50736703779542,59721.034083022336,724.2292686360979,32184.73471187507,0.3315690921857527,11.944190877157919,0
52.226002842243076,87847.58265016234,681.8530801168337,5676.553150529802,0.3981959677382869,0.2745506670992377,0
39.666235168821366,66638.62757107527,601.746732229248,15340.613635265294,0.1809556273059913,2.072140459383567,0
44.53017889586451,33208.342766345784,661.3879854353572,14694.37083004781,0.38573201018813624,9.698118820136408,0
40.92786334108576,76515.3692167239,704.682820457931,10705.680143480533,0.35694564025078346,7.349030838139175,0
45.98284996585891,51384.38731314351,738.4042186859767,17242.68958585079,0.3705833939214291,0.0,0
46.763896859457525,46621.26330480027,675.785903983559,16412.892186554396,0.2602550414926726,7.214958913796893,0
42.60471721221087,60123.0958983096,648.9104645426081,28220.02865429441,0.3675077776579342,9.622433783162666,0
37.75980624925455,66371.18821163943,797.6236569421953,31837.80268350303,0.3211736156621193,2.374262490750711,0
48.250045812786894,62212.07612064782,706.111335098971,23297.24282451437,0.4665268471632177,10.71280661593798,0
44.62313671117583,70685.72358400047,672.8558647730007,18144.064688105696,0.23979722232057943,0.0,0
63.827661195603405,43875.158755355355,680.9106205490644,21449.470725376865,0.236239087087518,9.795421964977525,0
29.229914197013727,53009.96616725165,729.8972900994223,9566.541312741261,0.16361550668952568,7.179808702406941,0
59.46349043622397,53093.15502762059,746.4245153129552,15449.54302510824,0.4716012325978718,9.180822412644519,0
44.191606128594664,50944.78078968893,643.1033764283598,6598.2729427487175,0.22447568281763378,19.423547842502977,0
48.05294991126498,64714.31833774911,666.9294856577177,24765.22149260793,0.5825772565220996,11.224943194928008,0
33.85092327638919,46870.67361788408,717.4462783967467,22704.14753129736,0.37703272168299956,5.467551076193695,0
35.98241191575948,59897.64167995074,821.4626908595446,23691.059602167727,0.34657957781475224,9.213393284468182,0
43.63118206011201,49833.28017446282,681.2540608598471,34864.2042513102,0.5150759912271836,5.175133549216321,0
40.31151556574783,61602.76844987442,774.4475333305554,19810.510789307347,0.34029581766746186,5.884644395283141,0
26.20431046452386,51821.825850944326,684.1137074821194,16344.541526982239,0.2902555320555396,12.071470579297277,0
40.80526382034232,59569.77282838878,670.7095786895765,12410.960978678722,0.4611667563927836,6.384864792065921,0
40.88641631461842,34907.52450620645,685.420047861363,28185.70210200664,0.2893772752528031,0.0,0
35.42355189957504,52489.27576406632,689.4077378253444,22303.896860394074,0.40495438852131527,4.319596737824231,0
50.31117935662034,52601.3131856732,635.8523916129269,16103.19701174299,0.2045428284106058,8.667607975641083,0
52.229964450456876,79577.3565822637,675.4575174415694,21011.225178056036,0.21993247834999322,10.482702433274763,0
31.857955178309517,42084.385593495725,693.0612397599812,4236.955521151951,0.4778293947647493,9.79500993772328,0
36.98537397121515,51733.93882594267,564.6889516315708,1000.0,0.3618778736872048,7.952429150878602,0
34.440719811350185,66906.06326304433,769.0405556187153,23399.110801457424,0.1012913686007039,20.540271375701224,0
41.79861197424392,38517.880436769905,652.6644244438914,25247.857841645873,0.3380023504818799,14.806144893952428,0
50.30307954939653,40867.38273578171,688.8830263801614,21062.899616195868,0.3583275730841567,0.0,0
44.436131421768565,59675.857975249324,539.4045210351792,24819.500561866804,0.5418348841132539,0.0,0
38.35005382876739,53285.25696935487,644.7051080994614,24305.14689515915,0.4011804162892824,9.345466999240955,0
34.93053360048911,67405.47368163992,598.9417643636123,15855.990315982515,0.42213159451988125,12.781741995199233,0
55.2492943607637,61381.56649785845,684.3352788161068,15975.337076279466,0.3867745737479406,0.2666853567928218,0
53.06188423715651,82971.27382941828,744.7297201908756,21540.646607486182,0.3330065640869694,6.706630370909296,0
44.94036849426914,93540.22968478824,638.4178627402626,24673.93761334071,0.2788469993146825,12.282680275998347,0
27.903214841654407,47131.57993838057,706.7083899358734,17482.208376097813,0.5475839359092713,6.471338049956598,0
49.86077968104381,57213.14816716943,664.3050481476159,9933.979882632566,0.5048757123140614,12.39245078180069,1
41.47101223736039,60311.445555957966,768.1657047519109,17503.01302385638,0.16086225507522137,11.418478667514327,0
30.258630995381623,49794.59476292638,663.5382144811497,21482.148754538608,0.30334712578378986,3.756531106574423,0
54.13983661680623,51968.51831211685,662.3168488049431,19984.43496653512,0.467117750066415,7.482799054190015,1
45.41875153997999,60825.81157112434,663.6836671350179,14774.314869056576,0.3569104736757578,0.0,0
26.581147779506367,61599.70569118794,737.4071809551806,25480.57724140086,0.324049451916099,7.200485048182626,0
37.48447941417843,30775.70975958771,758.6625260422545,12554.799545090615,0.5197347810102446,0.0,0
38.55044879198457,37930.008413096264,722.7152624810066,9139.665769181222,0.429404067507781,1.7699415238539489,0
34.69387264528747,59276.9375083262,702.4686322565642,6724.062853294843,0.3091607953102422,15.193390901221626,0
46.29411112447723,70935.76148273256,684.1401471463004,26887.22557191448,0.3190588063469638,10.694961072745603,0
50.513406941370896,95619.42714157928,745.4381100712676,19703.277451342496,0.27045441933875486,6.705374113705563,0
36.34529198167495,43203.23569848361,762.633606134183,20167.889417458806,0.2998376046657473,0.0,0
60.32605227494809,66372.69372064709,654.9180234988465,16274.746340660347,0.23669419284870175,4.373928710875436,0
42.67639248295343,45303.93703808029,699.5189672652883,19811.77026841764,0.4032406175824371,5.482457951274494,0
58.18011780033391,72148.12165448497,695.3941942987302,33393.949010570446,0.17517864198042274,3.2242183904803374,0
44.80225916786147,57374.20752104811,634.6563756189656,7061.39040350556,0.4236835475933566,7.061788982887988,1
50.39288252853999,56111.86589470822,703.7498662417574,3449.6976172296163,0.31791402590724127,0.055972634582738046,0
54.57875821482474,68783.19802478835,747.4140199627286,24075.461118932133,0.2959792665289829,1.915483277219197,0
34.23851558014056,45864.48106221321,738.1598587589535,21892.447760758718,0.30881206128372224,4.724364882740509,0
51.17409530901093,59188.59556079631,716.0756313098065,13004.86787857506,0.26018084474744696,2.694499698633966,0
31.786300969592755,40840.844016548814,755.0306545850008,22351.9739803822,0.30151730207413263,0.0,0
39.647444924821556,66566.58239700743,689.3052375725357,11897.234961154816,0.2011240964915542,14.855805326025383,0
41.23906332073532,56151.0214102361,653.095990175967,23142.647962367257,0.263740534689324,10.614958967081074,0
48.579835303800046,36677.29831171354,698.5860059496438,34914.34647115026,0.0899929954676213,0.3876753229690726,0
22.690600232405068,36907.71432976874,774.7138755740426,29965.233142593577,0.31261534899080884,8.632996965892087,0
41.85582090393253,57128.65351964219,720.8983947626642,16284.719642755586,0.2992139865477389,7.693637853587345,0
39.80280114774352,63416.761918896365,675.5868626208188,22408.941072710026,0.3808061478733234,12.128491413061575,0
23.785079943009293,45188.53757961004,674.9001588029683,21062.093986199594,0.2849200653541523,5.2850848563066615,0
22.707956522119858,48049.09227586589,589.6280980570272,7664.376413814818,0.4165965799215294,2.720204650637453,0
37.2511077041028,35371.81769305768,710.3422712216144,7672.6319907769885,0.3716779398437884,14.503729776654335,0
24.988885444938678,89458.26686797512,710.1715912733607,30703.075121015543,0.3808709704293222,9.62570451799128,0
43.033945542046894,63288.735120997546,666.1088546666745,20300.973381866243,0.3355326727250442,5.4150585456670886,0
29.21750172799326,74740.46469945477,616.2297285455742,33104.632377235655,0.24871516810192196,4.693024307572721,0
35.61221934472082,37983.36033257503,764.6312265549321,34379.86319198595,0.36151360877942373,5.348591925323858,0
33.921136348237376,54417.697878161656,725.4690290347029,3073.177943722025,0.09235261548781315,9.084097043267562,0
42.38707212616095,79031.67681217949,592.3078179298104,18886.77234796661,0.3558668683429692,6.861821117358637,0
44.14893158441624,60916.65717087872,850.0,30551.26383358404,0.281699381979512,4.276712247937394,0
19.04342153102691,62939.9348481492,639.2512540237459,29702.74111397402,0.47245064623775823,5.335060544635941,0
18.943836065464637,65669.61718653845,680.096046883547,29304.249919434056,0.4103039943744174,12.965452062958153,0
47.88022575524094,38818.14083449375,672.8089861310863,11097.475787624184,0.38697081767060765,6.069935283588496,0
29.688874799175483,59703.46406130274,625.9606160873541,10180.679131611572,0.2912433962488483,7.351454299319545,0
44.41733511528325,67779.58834847821,709.9224134715273,18842.22750485082,0.45834288994855343,9.041515238283655,0
43.50266819428434,54056.058914186804,640.76361217897,19811.578784639507,0.2706622381447864,13.128168638261803,0
41.847476029905195,33144.96992978736,687.8636472763515,16347.504887192681,0.3416910134528899,0.7289898294625461,0
40.51394551632059,45532.54382683835,769.0881389161814,22221.304852311725,0.3045489912683436,11.421456583392171,0
44.26512389129439,70128.20625643613,741.7237548347101,10808.254727397085,0.5195087072030579,7.933328339717914,0
28.405074562941596,53781.732394789826,645.7978455757816,25816.80048635423,0.36178853046268433,0.0,0
41.30235821539632,50253.205448572866,677.9963310854032,26032.038651885847,0.23954800285962258,7.441810056828913,0
44.25972642656245,57066.51856245072,693.8865352946124,19029.174607741763,0.2056748967814647,9.997804225751016,0
47.94729856735407,46352.91991718882,683.7735696550948,4920.628188548699,0.34842800587297085,13.76442967576718,0
46.80194615054745,51711.12996237139,775.1066291374294,36310.692024793236,0.3335660746670239,7.3926491423178975,0
38.18129324300647,87076.56991892177,630.7239194530281,14039.320247487465,0.32974779130495413,2.3237325689755215,0
41.990174869053725,65582.4515156683,729.0538299300613,12109.762450056554,0.40634599871514215,17.023538126175357,0
42.087833221807024,61879.10074838832,673.6287756096287,17150.924186333392,0.3565851260755419,11.294753853751187,0
32.86800924373864,71021.88071496019,793.3743322987715,30659.64320024856,0.25485370376223193,15.80411512928846,0
41.39409667916134,49327.13315872476,682.4233874411286,24835.570728751143,0.3250345887784805,3.099278946144775,0
42.29994233041217,58127.72887117177,744.1696128106558,7529.931432614403,0.2865231872528591,0.5303746912496496,0
36.17437575060546,88241.68667365628,576.6922841044009,18479.350928452463,0.3896008671797951,4.5630342155202275,0
41.34935036202041,45196.4511723274,683.7972944674156,33627.8167978963,0.539892735161033,0.0,0
51.70488747791721,53622.509196885025,715.3858353500386,16964.983321189833,0.377328001373136,8.438174610829835,0
34.301150990897284,81591.30739747021,699.4336667252692,25144.311702837775,0.34983738529533276,16.059787200388385,0
63.606125883689955,74973.79520698357,657.5262841267887,20819.99429194575,0.4274563562490389,8.746370399421282,0
41.63634354647128,58517.42272202114,579.1733514261847,27874.535393450587,0.3797578218651865,9.01145833593828,0
46.31239363094264,58568.79791016053,648.4530485910213,16736.081863025924,0.40482181697778696,8.319700658240972,0
50.040469837773855,75146.15330152938,699.3979537873066,38189.217410649864,0.49354566586138005,5.539277015200234,0
43.37558639083466,71912.60876486424,614.6323974256543,16493.26825132081,0.24596739681457735,1.7152859215969851,0
33.802475666544574,43815.589280566695,781.7011266398193,16462.452728603406,0.195460224815328,11.035196337763958,0
38.34697162351014,67514.1857247392,689.2651506891963,17274.372809652254,0.31780850719831766,3.8706393480856853,0
46.86348480651151,60375.500106839936,732.14133298467,14084.517419871176,0.3634487653210822,12.725174137245023,0
44.78877969992076,44591.26652553532,618.7156693361213,40029.955779261625,0.4580861324578385,12.719426082935911,0
18.0,69387.3932985244,752.8391965483574,8147.7041661915155,0.3673102467275232,1.1759783541722397,0
57.00912135300405,59111.3263394122,703.8840832521292,39810.1379922217,0.3567126671890243,6.297691470450242,0
37.05637976041556,52390.198597915194,588.9920862860898,18680.22438455475,0.4426381933042127,4.368686591446544,0
33.673093926542236,19899.151777690873,718.2008778397076,26871.013286964862,0.37494132869919905,2.651307715205496,0
45.90650916529091,70522.36599660724,608.289568218076,29662.433344936828,0.21770637978426668,11.352436145646411,0
32.53730671262554,35559.8152575409,649.4534499062325,15707.187336264773,0.34595843551116695,6.66069618162736,0
44.84516291203693,52562.71505210504,777.1789129713434,22232.168326728348,0.37157746385999546,9.48274672297698,0
31.087186679320332,75106.13108485952,711.8915533701185,21294.108581508353,0.389072592704684,3.565430011080432,0
39.24941040489134,61538.03222413346,632.782940115939,20971.81086088576,0.178540606681546,3.837574789282013,0
39.910172812752414,60394.213286369406,594.1907181666659,8917.238931090584,0.49974607573539553,3.0882876225476394,0
49.59093984892429,70522.17845891502,637.32788854614,19457.420520708827,0.34110319551660606,4.119839669719977,0
46.62567652288731,63273.82945498745,621.1039885303594,23681.533880186802,0.4269428191267761,7.759043678145518,1
37.05831992516486,50947.00080413811,757.8813502859175,32869.55630169499,0.3001865110465509,7.138290417671943,0
19.03666600832173,54044.74121226743,663.4198391626354,31567.36315522736,0.4946371515109682,7.596379564232004,0
32.13615610673972,92209.93349101645,654.6844621346662,21944.431657215704,0.24392018728718595,9.196780025680495,0
44.300625144282265,35151.46044762332,658.3657318848185,22833.442905206917,0.35242902594688824,3.3373894555691477,0
47.48611211456055,53442.953808532286,742.1460959262071,16832.437663290577,0.4141465379090695,1.3524199086704716,0
29.64602688492859,57917.67293908353,653.1646574800884,22928.082752156883,0.43545370751587686,4.263167287274522,0
41.41397014105609,82364.51736886622,596.0223789446093,5673.551614730486,0.44880789623646916,15.315879584202488,0
37.3387182583102,49625.98645966895,759.3298033165079,23178.321507536224,0.30590934792722435,10.09512456864466,0
54.73575998756556,65509.06187185502,627.0790670147733,30387.11838903997,0.5032997386275263,0.535913475082884,0
52.35114129782221,43530.1159430883,589.9395501022088,6552.797863190392,0.3580604193740167,3.6267186762965444,0
44.22511598005346,71729.03025780819,682.9246839768035,21317.172321489372,0.46844994091133146,5.344846649250222,0
20.378138908718142,74944.04787467868,735.968712127414,18231.441938339798,0.3841144162490361,10.478912699865356,0
37.85942474019326,51790.904361594774,665.423595464168,20873.148834602747,0.3851592111419122,0.0,0
35.81570614099076,69405.52211048082,668.835207475552,16869.55168563664,0.5169043323353035,8.011536853421166,0
40.55024731915484,69768.73368731298,668.7382415115806,36909.764616037435,0.24237548850611934,3.0529014036145927,0
25.59251244493842,28188.793017801705,707.856182902028,25713.1707833955,0.3781661451059989,3.614403793360692,0
51.838701384179664,53891.32307220478,709.7115272171335,23317.88398799331,0.23711195662733064,1.0687010195425746,0
55.65740231108081,65777.47899951309,723.3834277076212,2913.4133634496866,0.3539923561851805,3.1103791551322217,0
37.81050832236813,28592.04658345976,674.0685916911564,33555.6316939667,0.4214547589979289,0.02698540143513739,0
37.492068126053276,45607.09923785121,718.3652082441919,26705.810720894544,0.31050858952871857,16.059123431672255,0
35.9549367590746,67326.74932145441,672.6597870848987,17348.459880884973,0.2621247764792495,12.723001452684922,0
39.976879385454794,49663.63287177861,648.1029082093113,21934.123977463954,0.2918183686149214,3.1296569596405597,0
46.00634439511239,38807.4305270176,715.2385168818141,11053.496333424626,0.43136591828670257,5.33735813385775,0
55.3457969898655,65919.4520164392,664.6770549512146,19299.631615068418,0.2832288354171709,8.892209028583657,0
40.504470301027396,57299.18475524333,683.4088639773679,9778.137653761822,0.3966103956650341,11.422376241292682,0
40.04431519274968,77441.43778845831,650.0480599769909,36059.1103698142,0.30332041640598323,0.4164854402043021,0
54.060482383556256,63164.29515565441,561.32297665438,23423.253067691614,0.46953207068195835,11.205732516317914,0
28.306524325494706,54507.51066521638,781.5651198967342,14869.486664039196,0.20259753659767402,6.598353347973577,0
49.99194860015331,52861.387733094925,613.4422582892219,23723.410686827163,0.3102012758095729,9.118073806537872,0
50.06265628954833,85993.5994930432,606.4669663564702,14312.116388893282,0.31405291139129105,1.9191031670681369,0
46.5683086284354,48259.239446051695,642.8094561079184,15449.870503095539,0.08758234894483896,0.0,0
33.82382747845569,74706.19502317421,602.5247382379498,15524.925828524863,0.27141869489505166,8.359465332383342,0
46.20002160705233,80457.02709721858,611.2038605410273,19894.84263049284,0.3018656359709366,4.090952225222263,0
45.89806320825719,49908.76648628228,662.915386308169,15967.962951623469,0.2810923134057717,6.307947156913167,0
57.403100143689414,47093.9840454372,741.0901895795022,5127.378200660774,0.1984055940455599,9.425289542551447,0
38.30560423924857,66563.27796482012,725.4059170086284,17764.88885686863,0.198906564031618,7.392647463166226,0
46.68277949533142,73968.67216104985,767.7776220148139,21542.418842748102,0.4031976558950404,4.4262825762128895,0
28.91581574786978,59144.68056448582,667.1654464469203,30005.289242979845,0.32646682530915966,2.930663270891637,0
42.54954747478407,55345.873865297195,604.8648680818662,27942.59427595896,0.2990539560493267,10.494198090928586,0
39.70795402090307,60265.583498433894,565.8759003135299,20996.910107848766,0.3620042908208455,11.103266729939929,0
34.06888790825527,59967.79261389722,751.9883217604246,16877.77316061558,0.4243656289019334,17.603388360743583,0
36.761777194594835,61546.97756437813,686.3743704389791,18341.56422569192,0.28314828010092385,0.0,0
59.19382278821158,48515.69523700606,500.9455768168516,10342.344433803533,0.2558399762007144,5.087718542720314,0
44.96883706132592,49389.37464893101,679.4366718475713,25833.016305526377,0.3607303299862384,11.047492627155556,0
41.186060978036764,59168.642461206415,714.7675862718719,18124.93129991152,0.3680944101469097,12.640551163888347,0
28.960260039809995,62449.697183739416,651.8743701829636,17820.01493858043,0.2759709865540524,16.40204270233547,0
35.02968713981659,51971.45069526725,622.2859624016784,6914.732388841441,0.48152444791227256,9.350758064536626,1
43.12940757298196,52818.54955343182,670.9210477100328,6525.612344479083,0.329975705286786,14.200371872122087,0
42.26165065337383,49924.65827532179,608.9944391928344,17997.645600003492,0.23685310426859282,7.783776970820664,0
54.63108989962928,33639.83610050463,646.0579977729344,10896.123846370594,0.45128003535453515,1.2690875173945813,0
40.2526385763331,55741.35038635796,613.6743779272144,26188.249970869278,0.684205128913413,16.10352820331676,0
38.612084100084736,46862.96599437293,655.2762753851362,31507.830542618554,0.27718292834643243,0.0,0
39.83003662718712,52096.254197578164,706.0498361811133,23191.96085978546,0.32628324845949896,11.114681536617699,1
40.970424516969864,79580.02234107703,674.8337273362681,28925.69998706691,0.44974731081036873,7.974453264254136,0
39.38156960880871,76096.46371635312,664.5649821653291,10947.05399865675,0.2997307129844971,1.2135377000985592,0
41.67654171709991,45120.3480305949,718.9621615651713,26962.848626507614,0.28308571405158245,3.1373998645118952,0
46.53907337392816,60808.328201839126,714.3894543748942,17567.182733866717,0.301950666258488,8.098572522989922,0
53.024284110048896,61102.8069743932,795.1972647088924,22150.834579366547,0.38474319355270115,10.423828228019739,0
35.89830620977209,43935.7946933857,687.326748762619,29711.3419944547,0.3877988933735887,14.004415072736702,0
26.689158619073865,66148.27064354616,723.0714822193958,20310.418900329238,0.31398162627032716,8.112486324990053,0
46.1735016778904,68303.2632132478,752.2934953115694,16460.302496105523,0.40401266306017114,0.0,0
55.691872803387454,82374.54114724764,634.2929484181439,15076.18402321672,0.4033538373645565,3.0001922490188084,1
39.17912969129533,57614.71672269117,721.435328770361,20915.277194571558,0.2150238016627503,0.0,0
46.81880681219052,32713.077877860003,708.5199216220723,13756.457072997116,0.20143311058677793,3.931247077120555,0
32.74225672305898,49437.41324885177,732.3360756968319,25028.53780358268,0.45965129028612156,6.138401953374691,0
42.04399725575322,70702.39605441155,634.3984614417311,31874.283118253727,0.24737336244043984,12.249740078568394,0
35.56793341599277,63330.91139085331,767.2431263286754,16885.424363984424,0.36221929408129755,4.876427687267956,0
36.83919187154638,51830.984043206234,698.9799354930013,31725.29633155506,0.24200638735274005,7.342975430187568,0
33.886313137453755,37780.9866499466,761.6096884021841,18626.515480250575,0.5174479588503489,10.52280768747597,0
35.93053659995406,30700.298172218118,651.8827541191353,28863.330250002946,0.33918715522330306,8.82405372799525,0
36.30851863224439,48473.94612801558,720.2636433439914,19633.562204409864,0.4558521931186427,10.17258004766946,0
41.806571180524706,51982.42203827998,739.3670283301485,24553.452715416028,0.2810297314178711,2.1998440715655665,0
41.35074552580058,63273.9022351159,845.8859911830607,17637.84213445249,0.33396921586589157,8.747124097034758,0
49.68621992422307,47018.30800514061,621.4579438842817,3414.4704259276114,0.6487036933488612,3.124532575482805,0
39.05683138114053,73329.32261589727,696.1332826316288,24613.524675912253,0.25960210997482047,13.714763109044469,0
30.523719479645106,37511.574953359224,656.2198504791294,17113.41745396348,0.3121842047368939,10.474911093878294,0
37.65707641592686,67190.62763305905,626.0992472647488,32184.481943894814,0.4267557015062186,3.887460392868441,0
29.086099081467957,49554.97927949258,730.334245059198,15505.958722353254,0.35309820012159016,13.061240422451426,0
49.97176241231213,60463.33987173557,664.2161009914678,20524.639761562816,0.4006939379581525,1.5808522729056538,0
50.86480784625152,47224.01126062388,682.9395959952167,28876.73260642922,0.2995013988107732,5.8536716270830915,0
27.00973653520483,59479.334406250586,619.7285918418027,30173.96744237493,0.3216191305692849,6.832914528652417,0
26.95733772846576,45269.53809919576,732.7034323374507,19615.71298282545,0.33185905119976195,8.973292517469101,0
51.825557977623,43451.524727846496,678.4066386989575,21797.547842891556,0.29105751888728437,6.9153241457215575,0
35.70478919138132,47137.96642222772,734.7600862576041,21268.672789051783,0.013205271408645747,12.43704065942576,0
40.824187052113636,72916.21774709685,617.8400621628277,6779.1139801261215,0.5507643750835668,7.12328095912441,0
18.604872400588466,74572.51544423145,736.8331898455849,27348.852369501805,0.5765120233237646,6.527759046808713,0
52.46867874203564,59973.22406971943,765.9378340587288,24170.94322807126,0.409910619540785,10.18973684650155,0
58.05311860286426,82552.12281863566,650.5258840584562,15515.980953298853,0.48620323106972607,9.698871434151336,0
43.168822892937364,74968.307990207,613.5326889626244,29810.962725993057,0.33273033333475655,2.015032954773238,0
30.284361415100097,78141.30478361224,681.2845702360314,31816.091092906812,0.5393300496381735,2.1784382449884436,0
56.4676404607594,34977.60266531496,714.3366630372905,15132.916314555121,0.4996451329852102,13.151805582148535,1
41.46397275777642,53129.1131700141,785.5583869222056,25868.620584292185,0.2625551664801223,6.462842764370302,0
37.57572501707936,75942.25191016098,768.2196289405816,1000.0,0.41697086915660897,10.880744400770766,0
60.239958576372935,58178.55576588474,667.3163896940019,27053.990367663377,0.42323397737311463,13.097692590121662,0
30.843377811710837,40645.28046656279,727.0786350944837,5925.135098553341,0.4538868683913577,4.9131180146268845,0
46.46477351108949,79015.51387899522,772.3595147293677,22226.367617431915,0.2634447164565522,12.688266903852812,0
28.00078663271126,84909.50165829199,763.1019801005616,33370.72004890141,0.3250251971443993,10.328732783353296,0
47.83796880743877,84497.46014404172,777.0158547975661,13901.033904351629,0.2477147634950953,12.742864965602848,0
34.62092355851002,56397.47256838253,850.0,1000.0,0.24519797206346947,0.791561622538965,0
27.829189576316168,79114.57819487751,612.9431738608919,32207.152566027413,0.2557240044006068,20.56004499870285,0
60.128566575147694,59929.680898354345,677.8383217048696,18904.237230064657,0.4871331271701338,0.0,0
40.98533472589345,49600.963360550806,698.9982345531715,14259.746177039724,0.24177582492401528,14.044159868820476,0
30.574286117730963,49635.94806095617,687.4314657062728,16930.157633467847,0.4109767716341249,11.649535574425187,1
24.747150206876096,93073.24383470186,734.1627004738716,21161.21396263221,0.37910496344248623,7.241475412327225,0
32.488260383888246,85250.33935439239,698.2893654630327,9388.50789017383,0.5678326930641266,14.70501206444279,0
51.531653731998695,32596.0257959422,672.7559000108802,7128.311900354442,0.351262186062668,8.340179973063304,0
39.07185102001491,89026.26000015736,622.3709268653447,18722.44801303129,0.42128633825036327,3.5292430626680735,0
28.884632373815737,77919.40464807948,697.7851827520525,17410.6696110482,0.37528300544544335,1.920948085967085,0
55.53357131378149,78248.73283135207,599.3996653447791,13869.76640192556,0.29102066306124236,16.301216372445793,0
29.72435405523273,72894.98416939656,842.0633293622323,14726.39750620848,0.24721585122453843,12.348609096710561,0
39.28286767055357,48813.350510694356,729.8903712204756,29517.978931255922,0.38265434830209566,13.959016986494087,0
44.455252830667234,30714.717651086914,582.7275067301741,17324.54933899587,0.42449227959686725,16.559713135229998,0
38.78140899661732,35284.85370223509,785.1069628231962,25700.03018731092,0.4629648442862391,12.326735242094456,0
41.908489831741,62491.012692690376,652.4393152509421,11908.714933139363,0.2531517609550003,1.6205485870091811,0
18.0,66265.70087788528,806.0579402931264,18588.617372001387,0.32973122527670423,0.7725931228601128,0
18.0,60454.47010276409,735.7085496226977,19176.016125188078,0.2688675975985406,10.807540689467467,0
43.909351857242584,66634.08027813883,850.0,14664.364685843091,0.4708543067753684,9.993227484903473,0
28.3426150718294,49431.06591545336,742.222871198911,27765.46217689255,0.2951706748367117,10.31706145208425,0
48.11856470600675,57910.40924771074,600.5668251601404,33552.01600048927,0.37762408073519355,18.259828180152784,0
30.371512208200997,39847.85551358438,621.1401501511499,19858.50707183655,0.10703431568492433,3.989208926343281,0
24.320397020662547,71948.23076100487,756.8776065643758,28997.61587980087,0.35426440152943295,11.210626171640289,0
38.480526056979016,55832.833570177325,692.2122708099107,19880.659232207356,0.36333639751899655,3.34117400498923,0
35.67619090070153,65470.57810981511,718.312583525066,8666.819633849425,0.25967616393237264,1.9448564241545103,0
39.64237439214461,67241.83670964283,594.8316445262126,8624.969789971248,0.29068305670855066,0.0,0
55.12819940217521,60548.66786810854,726.0209545688867,28221.89329910694,0.23351426569417427,3.7117710032827524,0
32.24005482595948,64143.73362558021,658.125704319525,31197.69145688735,0.31290720787410514,10.492889480255487,0
37.28231200465697,38067.06069637839,553.1423105934057,14573.912305891652,0.3404256217921896,6.572313274559661,0
50.19646021444437,50900.76977644493,548.3049063869212,21083.57227015463,0.34819783049101305,7.4563182106756205,0
35.6475636485175,70081.37869559962,670.4142462595825,8284.986985700074,0.4906308232979572,13.512874304242498,0
29.845434663268936,67630.16921516867,690.0841640937994,10076.32698320537,0.5001960534558869,10.890622265158544,0
41.859100301150384,73570.68956698693,718.0120696977646,16127.806024108333,0.4328891694112103,6.196244255752517,0
45.63153053356414,45710.63950573134,641.3535527332854,5837.429465878498,0.22979938579610154,6.3885536689275355,0
18.0,68373.81619512447,729.8926761279315,6506.962145851003,0.42819689900550423,10.741404738245674,0
32.83180023544511,41230.48723142728,587.7055545095546,13107.157585453253,0.29234222863924997,12.566662379392348,0
45.7504244235537,70900.5286114046,643.6791834262946,23771.96179676456,0.4070598056238092,9.412339212911412,0
44.80736150642506,70882.56353897667,673.4684174088003,21957.264573223085,0.3624611434574204,7.295354541635858,0
43.70112841776973,71820.98164053104,772.5491057896157,5427.4173829157135,0.30733938048798365,6.505542844816509,0
38.37552089987634,77619.55063482997,657.1859709202821,16994.471019522905,0.4381925193519641,15.605233711952518,0
26.974921435337528,90803.73572053952,604.7873548640895,32030.46273841231,0.47940939691375106,10.728803989361275,0
38.07884587194676,69717.81566337036,754.749077033481,9678.724938844622,0.2258081056467855,9.285737318281042,0
56.607387536461836,45191.651918919546,713.692153577036,20612.68212228329,0.36235312382889096,8.577513851188353,0
48.687124004600705,77310.60173905808,755.9604491749282,21869.77454547866,0.5370879642050226,9.729616894495898,0
19.848318200952658,78296.25370965956,733.8779960353118,32202.650824143293,0.1417646054767444,2.2177932065722104,0
30.030950606477504,75748.89339381916,597.0370907463127,18169.86737694975,0.07132307250325065,3.4974765400311556,0
29.6574920815677,73619.05669084407,721.0918355696181,24144.620339361172,0.35069514312724553,13.600779123053737,0
48.79521054203957,51832.643850746026,692.9853286123392,27242.486497773174,0.29648307000474033,0.0,0
47.12504829191247,65002.68652057726,778.2166179009371,9745.933876575125,0.28980563559809247,7.841067716680299,0
57.72187175533682,58178.103873883,740.6592969530615,14322.236610915728,0.11752263597322188,3.1506951256062887,0
52.461230443044535,43186.860223471755,616.2527286418291,18161.725089301734,0.3749331302580093,4.934406848146929,0
28.363744325707774,53865.30011922552,705.3431493666257,12632.722623824808,0.17764676007181981,4.955707930095813,0
40.615742311816106,79595.89864633206,718.705778807022,23615.80509517502,0.38536355021659663,5.819040984964492,0
34.23539977521731,61046.335312121075,658.161190551949,17444.54964652821,0.38131886940912113,0.0,0
24.070635005445055,35845.89538084399,680.6097130627081,18936.835946104216,0.1893487714818648,10.650373662918408,0
47.15685593735453,36851.19672735344,786.0702907845208,20877.0243230399,0.2777401275568101,7.029479200011684,0
49.24851599265807,69557.49361343087,653.7851436993344,26317.987663349955,0.41446775996281265,15.384629502045932,0
36.33853088271764,55838.92302765125,685.2356015913331,18311.416981109305,0.46727041389112367,9.758348062807672,0
55.216286906360835,70446.31576530186,673.5319027228998,34980.25549003987,0.19354364225259968,2.1062419089552007,0
52.97954675983911,53581.09658336722,601.6956215262608,30279.32564469809,0.1787161309861675,10.011775010760232,0
37.464859043285,66988.82655419548,768.6155730809597,23356.11953823369,0.37402483637022277,8.659231989400025,0
36.17537282457934,84384.95302401933,722.7512773224471,20981.807117756038,0.4818426405159355,0.0,0
49.730710617342325,49984.5136526602,666.9243485666173,13832.901494792866,0.46173127880397824,8.99801436288628,0
50.69713939977818,65123.790684432315,759.3008736879187,15542.475360626038,0.3128030692241198,11.146329221757949,0
34.55585259127795,88877.8800045599,636.0506352296795,23071.713445371417,0.3451763579140829,12.218512204333027,0
39.36928958917352,59201.04134940817,774.7443775164892,13449.774961339408,0.3416705128034741,0.0,0
48.93818858196877,47905.33863244064,783.6830280768747,3003.0277359618485,0.30918096486752805,7.820807042074327,0
58.37915989836817,54035.88936246604,701.5266835593429,8624.502536861266,0.36329320530079107,1.7021655270389022,0
45.84678526336203,51431.521369985436,664.0650728704584,28876.56025609134,0.23879700932573716,13.484518414714346,0
56.04546236063239,61094.378596861185,654.3882918093609,12454.33287182168,0.44169134278814226,11.449121838843247,0
45.66613074743192,67336.5323737389,802.9717371014384,26257.726006131037,0.16530187485523515,10.764097501591314,0
32.240122106739626,44787.84276104525,638.8525034171216,39267.47037974243,0.45109881657894246,7.580809251438263,0
50.84888688241948,59059.55660512362,733.4128100066513,27062.284394947215,0.3534106533253991,1.5823273604389616,0
62.41989460993847,38431.95160981658,665.7524586127578,19203.22951918316,0.3324675952821078,9.711561761933046,0
